# Blender 5.2.0 LTS
# www.blender.org
mtllib pistol.mtl
o Magazine
v -0.003792 -0.066496 0.031315
v -0.003792 -0.062947 0.031315
v 0.013868 -0.066496 0.031315
v 0.013868 -0.062947 0.031315
v 0.013868 -0.066496 -0.010033
v 0.013868 -0.062947 -0.004930
v -0.003792 -0.066496 -0.010033
v -0.003792 -0.062947 -0.004930
v -0.003792 -0.064722 0.031315
v -0.003792 -0.064722 -0.009343
v 0.013868 -0.064722 -0.009343
v 0.013868 -0.064722 0.031315
v -0.003792 -0.063834 0.031315
v -0.003792 -0.063834 -0.006527
v 0.013868 -0.063834 -0.006527
v 0.013868 -0.063834 0.031315
v 0.012181 -0.063605 0.030384
v 0.012704 -0.063605 0.029760
v 0.012704 0.034303 0.011136
v 0.012181 0.034303 0.011760
v -0.001720 -0.063605 -0.002975
v -0.003205 -0.063605 -0.001203
v -0.003205 0.029654 -0.019827
v -0.001720 0.029111 -0.021598
v 0.012879 -0.063605 0.001057
v 0.009003 -0.063605 -0.003565
v 0.009003 0.029051 -0.022189
v 0.012879 0.030446 -0.017566
v 0.000175 -0.063605 -0.003565
v -0.003701 -0.063605 0.001057
v -0.003701 0.030446 -0.017566
v 0.000175 0.029051 -0.022189
v 0.012384 0.029654 -0.019827
v 0.010898 0.029111 -0.021598
v 0.010898 -0.063605 -0.002975
v 0.012384 -0.063605 -0.001203
v -0.003701 -0.063605 0.028963
v -0.002334 -0.063605 0.030592
v -0.002334 0.034303 0.011968
v -0.003701 0.034303 0.010339
v 0.011513 -0.063605 0.030592
v 0.012879 -0.063605 0.028963
v 0.012879 0.034303 0.010339
v 0.011513 0.034303 0.011968
v -0.003003 -0.063605 0.030384
v -0.003526 -0.063605 0.029760
v -0.003526 0.034303 0.011136
v -0.003003 0.034303 0.011760
v 0.012879 0.034303 -0.008265
v 0.012879 -0.063605 0.010359
v -0.003701 -0.063605 0.010359
v -0.003701 0.034303 -0.008265
v -0.003701 0.030419 -0.008261
v 0.011698 0.034303 0.010642
v 0.011552 0.034303 0.010816
v -0.002193 0.029825 -0.019381
v -0.001083 0.029449 -0.020717
v 0.008842 0.029440 -0.021172
v 0.011790 0.030485 -0.017462
v -0.002612 0.030485 -0.017462
v 0.000336 0.029440 -0.021172
v 0.011371 0.029825 -0.019381
v 0.010261 0.029449 -0.020717
v -0.002169 0.034303 0.010880
v -0.002612 0.034303 0.010221
v 0.011790 0.034303 0.010221
v 0.011347 0.034303 0.010880
v -0.002520 0.034303 0.010642
v -0.002374 0.034303 0.010816
v 0.011790 0.034303 -0.008265
v -0.002612 0.034303 -0.008265
v 0.011698 -0.059596 0.024395
v 0.011552 -0.059596 0.024711
v -0.002193 -0.060906 0.001104
v -0.001083 -0.061282 -0.001313
v 0.008842 -0.061291 -0.002139
v 0.011790 -0.060246 0.004577
v -0.002612 -0.060246 0.004577
v 0.000336 -0.061291 -0.002139
v 0.011371 -0.060906 0.001104
v 0.010261 -0.061282 -0.001313
v -0.002169 -0.059596 0.024827
v -0.002612 -0.059596 0.023635
v 0.011790 -0.059596 0.023635
v 0.011347 -0.059596 0.024827
v -0.002520 -0.059596 0.024395
v -0.002374 -0.059596 0.024711
v 0.011790 -0.059596 0.006229
v -0.002612 -0.059596 0.006229
vn -0.0000 0.9607 -0.2777
vn -0.0000 0.9687 -0.2480
vn -0.0000 -1.0000 -0.0000
vn -1.0000 -0.0000 -0.0000
vn -0.9944 -0.0207 -0.1041
vn -0.9985 0.0102 0.0537
vn -0.0000 1.0000 -0.0000
vn -0.0000 0.9923 -0.1240
vn -0.0000 -0.0000 1.0000
vn 1.0000 -0.0000 -0.0000
vn -0.0000 0.3624 -0.9320
vn -0.0000 0.9860 -0.1666
vn -0.0000 0.9429 -0.3332
vn -0.0000 0.9314 -0.3639
vn -0.0000 0.9048 -0.4258
vn -0.0000 0.9538 -0.3005
vn -0.0000 0.0001 1.0000
vn -0.0000 0.0002 1.0000
vn 0.0985 0.1860 0.9776
vn 0.1970 0.1832 0.9631
vn -0.0985 0.1860 0.9776
vn 0.9940 0.0205 0.1075
vn -0.0983 -0.1961 -0.9756
vn -0.1985 -0.1931 -0.9609
vn 0.1491 -0.1948 -0.9694
vn 0.5552 -0.1636 -0.8155
vn 0.1477 -0.1949 -0.9696
vn -0.8992 -0.0858 -0.4290
vn -0.9973 -0.0142 -0.0717
vn 0.8619 -0.0996 -0.4973
vn 0.9301 -0.0718 -0.3602
vn 0.9899 -0.0276 -0.1387
vn 0.9973 -0.0142 -0.0717
vn -0.6353 -0.1519 -0.7572
vn -0.4662 -0.1743 -0.8673
vn -0.8947 0.0835 0.4387
vn -0.9893 0.0273 0.1433
vn 0.8947 0.0835 0.4387
vn -0.6268 0.1456 0.7655
vn -0.4651 0.1654 0.8697
vn -0.1970 0.1832 0.9631
vn 0.6268 0.1456 0.7655
vn 0.4651 0.1654 0.8697
vn -0.0000 0.9306 -0.3659
vn -0.0000 0.9915 -0.1299
vn 0.0001 0.9656 -0.2599
vn -0.0137 0.9462 -0.3234
vn -0.0049 0.9376 -0.3477
vn -0.0509 0.9480 -0.3142
vn -0.0333 0.9472 -0.3190
vn -0.0571 0.9394 -0.3381
vn -0.0777 0.9427 -0.3244
vn 0.0260 0.9349 -0.3540
vn -0.0346 0.9351 -0.3527
vn 0.0714 0.9432 -0.3243
vn 0.0560 0.9407 -0.3345
vn 0.0300 0.9474 -0.3186
vn 0.0559 0.9500 -0.3074
vn 0.0044 0.9377 -0.3475
vn 0.0157 0.9480 -0.3180
vn -0.0001 0.9656 -0.2599
vn 0.0002 0.9313 -0.3643
vn -0.0000 0.9915 -0.1300
vn 0.9977 0.0161 0.0661
vn 0.9457 0.0727 0.3169
vn 0.9942 0.0247 0.1045
vn 0.8519 0.1130 0.5113
vn 0.9183 0.0856 0.3865
vn 0.2715 0.1988 0.9417
vn 0.3009 0.1994 0.9326
vn 0.4005 0.1899 0.8964
vn -0.1015 0.2043 0.9736
vn 0.1703 0.2023 0.9644
vn -0.5414 0.1746 0.8224
vn -0.2716 0.1987 0.9417
vn -0.9065 0.0906 0.4123
vn -0.7533 0.1391 0.6428
vn -0.9942 0.0243 0.1048
vn -0.9689 0.0551 0.2410
vn -0.9992 0.0093 0.0383
vn 0.9936 -0.0162 -0.1118
vn 0.9992 -0.0057 -0.0401
vn -0.9974 -0.0102 -0.0717
vn -0.9408 -0.0489 -0.3353
vn -0.9936 -0.0161 -0.1118
vn -0.8416 -0.0786 -0.5343
vn -0.9126 -0.0595 -0.4044
vn -0.2663 -0.1414 -0.9535
vn -0.2945 -0.1399 -0.9454
vn -0.3930 -0.1348 -0.9096
vn 0.0992 -0.1462 -0.9843
vn -0.1672 -0.1448 -0.9752
vn 0.5293 -0.1244 -0.8393
vn 0.2663 -0.1415 -0.9535
vn 0.8992 -0.0637 -0.4328
vn 0.7426 -0.0978 -0.6625
vn 0.9667 -0.0370 -0.2534
vn 0.5625 -0.1628 -0.8106
vn -0.9039 -0.0838 -0.4195
vn 0.9104 0.0865 0.4046
vn -0.9056 -0.0621 -0.4195
vn 0.0182 0.9897 -0.1420
vn -0.0000 0.9844 -0.1757
vn -0.0105 0.9949 -0.1005
vn 0.0559 0.9854 -0.1606
vn -0.0105 0.9965 -0.0825
vn 0.1116 0.9729 -0.2025
vt 0.102549 0.141166
vt 0.077237 0.141166
vt 0.077237 0.138255
vt 0.673983 0.634258
vt 0.651657 0.658792
vt 0.651657 0.642402
vt 0.511749 0.560375
vt 0.511742 0.567218
vt 0.495394 0.560421
vt 0.544438 0.567218
vt 0.077237 0.107587
vt 0.102549 0.107587
vt 0.102549 0.138255
vt 0.074807 0.056044
vt 0.043770 0.056044
vt 0.043770 0.052917
vt 0.078927 0.077277
vt 0.007471 0.077277
vt 0.007471 0.074150
vt 0.277862 0.070922
vt 0.308899 0.070922
vt 0.308899 0.072138
vt 0.799634 0.094579
vt 0.728178 0.094579
vt 0.726965 0.091453
vt 0.884923 0.622591
vt 0.853886 0.622591
vt 0.853886 0.558731
vt 0.038508 0.235118
vt 0.007471 0.235118
vt 0.007471 0.162265
vt 0.799634 0.096143
vt 0.733128 0.096143
vt 0.277862 0.065960
vt 0.308899 0.065960
vt 0.073978 0.078841
vt 0.007471 0.078841
vt 0.074807 0.057607
vt 0.043770 0.057607
vt 0.799634 0.097706
vt 0.735935 0.097706
vt 0.884923 0.625405
vt 0.071170 0.080404
vt 0.007471 0.080404
vt 0.074807 0.059170
vt 0.043770 0.059170
vt 0.769368 0.797461
vt 0.769368 0.992510
vt 0.745031 0.992510
vt 0.336613 0.394695
vt 0.362566 0.589745
vt 0.329870 0.589745
vt 0.769875 0.590392
vt 0.769875 0.776187
vt 0.754361 0.776187
vt 0.751030 0.590392
vt 0.754361 0.590392
vt 0.517374 0.372169
vt 0.521347 0.372169
vt 0.382887 0.581554
vt 0.356934 0.394695
vt 0.360048 0.394695
vt 0.378914 0.582948
vt 0.352962 0.394695
vt 0.488308 0.558071
vt 0.514261 0.372169
vt 0.773206 0.590392
vt 0.545839 0.567218
vt 0.570391 0.372169
vt 0.302517 0.394695
vt 0.303917 0.394695
vt 0.572889 0.372169
vt 0.546936 0.567218
vt 0.745031 0.797461
vt 0.743857 0.992510
vt 0.327372 0.589745
vt 0.301420 0.394695
vt 0.770542 0.797461
vt 0.852954 0.779705
vt 0.852954 0.763316
vt 0.854867 0.763316
vt 0.853825 0.783688
vt 0.854867 0.779522
vt 0.856435 0.786809
vt 0.855604 0.782903
vt 0.859767 0.787850
vt 0.857555 0.785255
vt 0.875280 0.787850
vt 0.860049 0.786059
vt 0.878612 0.786809
vt 0.874998 0.786059
vt 0.881222 0.783688
vt 0.877492 0.785255
vt 0.882093 0.779705
vt 0.879442 0.782903
vt 0.882093 0.763316
vt 0.880180 0.779522
vt 0.852954 0.730537
vt 0.854867 0.730745
vt 0.882093 0.730537
vt 0.880180 0.763316
vt 0.881786 0.729133
vt 0.880180 0.730745
vt 0.880866 0.728033
vt 0.880018 0.730004
vt 0.879692 0.727666
vt 0.879761 0.729697
vt 0.855355 0.727666
vt 0.879400 0.729584
vt 0.854181 0.728033
vt 0.855646 0.729584
vt 0.853261 0.729133
vt 0.855286 0.729697
vt 0.855029 0.730004
vt 0.162815 0.542206
vt 0.146650 0.548933
vt 0.127957 0.360947
vt 0.166188 0.541043
vt 0.130860 0.359802
vt 0.168534 0.540381
vt 0.136964 0.358638
vt 0.787978 0.992494
vt 0.785484 0.992510
vt 0.785484 0.810106
vt 0.802926 0.992494
vt 0.787978 0.810090
vt 0.805420 0.992510
vt 0.802926 0.810090
vt 0.009818 0.541043
vt 0.007471 0.540381
vt 0.034793 0.357976
vt 0.013190 0.542206
vt 0.039041 0.358638
vt 0.029355 0.548933
vt 0.045145 0.359802
vt 0.114161 0.548933
vt 0.097366 0.360947
vt 0.061845 0.548933
vt 0.048048 0.360947
vt 0.062583 0.548933
vt 0.078640 0.360947
vt 0.062890 0.548933
vt 0.079977 0.360947
vt 0.751390 0.575412
vt 0.751030 0.575412
vt 0.751030 0.387426
vt 0.775144 0.575412
vt 0.751390 0.387426
vt 0.775504 0.575412
vt 0.775144 0.387426
vt 0.113422 0.548933
vt 0.113116 0.548933
vt 0.095474 0.360947
vt 0.096029 0.360947
vt 0.074807 0.052917
vt 0.080140 0.074150
vt 0.277862 0.072138
vt 0.799634 0.091453
vt 0.884923 0.558731
vt 0.038508 0.162265
vt 0.277862 0.063146
vt 0.751030 0.776294
vt 0.491421 0.559027
vt 0.386000 0.580597
vt 0.773206 0.776294
vt 0.571791 0.372169
vt 0.328470 0.589745
vt 0.743857 0.797461
vt 0.770542 0.992510
vt 0.141212 0.357976
vt 0.805420 0.810106
vt 0.080532 0.360947
vt 0.775504 0.387426
vt 0.101812 0.147286
vt 0.077974 0.147286
vt 0.896050 0.043233
vt 0.894099 0.038974
vt 0.917937 0.038974
vt 0.913492 0.044687
vt 0.898544 0.044687
vt 0.915986 0.043233
vt 0.880623 0.436033
vt 0.856287 0.436033
vt 0.853886 0.433163
vt 0.854193 0.434567
vt 0.883024 0.433163
vt 0.882717 0.434567
vt 0.853886 0.400384
vt 0.883024 0.383995
vt 0.883024 0.400384
vt 0.677315 0.635298
vt 0.679925 0.638419
vt 0.658469 0.634258
vt 0.652527 0.638419
vt 0.537695 0.372169
vt 0.077398 0.106247
vt 0.102387 0.106247
vt 0.102130 0.105690
vt 0.078016 0.105487
vt 0.101770 0.105487
vt 0.077656 0.105690
vt 0.855113 0.435667
vt 0.881797 0.435667
vt 0.882154 0.380012
vt 0.655138 0.635298
s 1
usemtl Pistol
f 77/1/1 78/2/1 89/3/2
f 26/4/3 51/5/3 30/6/3
f 53/7/4 52/8/4 31/9/5
f 40/10/6 52/8/4 53/7/4
f 83/11/7 84/12/7 88/13/8
f 12/14/9 9/15/9 1/16/9
f 11/17/10 12/18/10 3/19/10
f 10/20/11 11/21/11 5/22/11
f 9/23/4 10/24/4 7/25/4
f 6/26/12 8/27/13 2/28/7
f 3/29/3 1/30/3 7/31/3
f 13/32/4 14/33/4 10/24/4
f 14/34/14 15/35/15 11/21/16
f 15/36/10 16/37/10 12/18/10
f 16/38/9 13/39/17 9/15/9
f 2/40/4 8/41/4 14/33/4
f 8/27/13 6/26/12 15/42/15
f 6/43/10 4/44/10 16/37/10
f 4/45/9 2/46/18 13/39/17
f 41/47/19 44/48/20 39/49/21
f 50/50/10 49/51/10 43/52/22
f 29/53/23 32/54/24 27/55/25
f 35/56/26 26/57/27 27/55/25
f 22/58/28 30/59/29 31/9/5
f 33/60/30 36/61/31 35/62/26
f 28/63/32 25/64/33 36/61/31
f 24/65/34 21/66/35 22/58/28
f 32/54/24 29/53/23 21/67/35
f 47/68/36 40/10/6 37/69/37
f 18/70/38 42/71/22 43/52/22
f 45/72/39 48/73/40 47/68/36
f 38/74/41 39/49/21 48/75/40
f 20/76/42 17/77/43 18/70/38
f 44/48/20 41/47/19 17/78/43
f 25/64/33 28/63/32 49/51/10
f 31/79/44 52/80/45 71/81/46
f 23/82/47 31/79/44 60/83/48
f 24/84/49 23/82/47 56/85/50
f 32/86/51 24/84/49 57/87/52
f 27/88/53 32/86/51 61/89/54
f 34/90/55 27/88/53 58/91/56
f 33/92/57 34/90/55 63/93/58
f 28/94/59 33/92/57 62/95/60
f 49/96/61 28/94/59 59/97/62
f 52/80/45 40/98/7 65/99/7
f 43/100/7 49/96/61 70/101/63
f 19/102/7 43/100/7 66/103/7
f 20/104/7 19/102/7 54/105/7
f 44/106/7 20/104/7 55/107/7
f 39/108/7 44/106/7 67/109/7
f 48/110/7 39/108/7 64/111/7
f 47/112/7 48/110/7 69/113/7
f 40/98/7 47/112/7 68/114/7
f 60/115/64 71/116/10 89/117/10
f 56/118/65 60/115/64 78/119/66
f 57/120/67 56/118/65 74/121/68
f 61/122/69 57/123/70 75/124/71
f 58/125/72 61/122/69 79/126/73
f 63/127/74 58/125/72 76/128/75
f 62/129/76 63/130/74 81/131/77
f 59/132/78 62/129/76 80/133/79
f 70/134/4 59/132/78 77/135/80
f 71/116/10 65/136/81 83/137/82
f 66/138/83 70/134/4 88/139/4
f 54/140/84 66/138/83 84/141/85
f 55/142/86 54/140/84 72/143/87
f 67/144/88 55/145/89 73/146/90
f 64/147/91 67/144/88 85/148/92
f 69/149/93 64/147/91 82/150/94
f 68/151/95 69/152/93 87/153/96
f 65/136/81 68/151/95 86/154/97
f 3/155/9 12/14/9 1/16/9
f 5/156/10 11/17/10 3/19/10
f 7/157/11 10/20/11 5/22/11
f 1/158/4 9/23/4 7/25/4
f 4/159/7 6/26/12 2/28/7
f 5/160/3 3/29/3 7/31/3
f 9/23/4 13/32/4 10/24/4
f 10/20/16 14/34/14 11/21/16
f 11/17/10 15/36/10 12/18/10
f 12/14/9 16/38/9 9/15/9
f 13/32/4 2/40/4 14/33/4
f 14/34/14 8/161/13 15/35/15
f 15/36/10 6/43/10 16/37/10
f 16/38/9 4/45/9 13/39/17
f 38/74/41 41/47/19 39/49/21
f 42/71/22 50/50/10 43/52/22
f 26/57/27 29/53/23 27/55/25
f 34/162/98 35/56/26 27/55/25
f 23/163/99 22/58/28 31/9/5
f 34/164/98 33/60/30 35/62/26
f 33/60/30 28/63/32 36/61/31
f 23/163/99 24/65/34 22/58/28
f 24/165/34 32/54/24 21/67/35
f 46/166/36 47/68/36 37/69/37
f 19/167/38 18/70/38 43/52/22
f 46/166/36 45/72/39 47/68/36
f 45/168/39 38/74/41 48/75/40
f 19/167/38 20/76/42 18/70/38
f 20/169/42 44/48/20 17/78/43
f 50/50/10 25/64/33 49/51/10
f 60/83/48 31/79/44 71/81/46
f 56/85/50 23/82/47 60/83/48
f 57/87/52 24/84/49 56/85/50
f 61/89/54 32/86/51 57/87/52
f 58/91/56 27/88/53 61/89/54
f 63/93/58 34/90/55 58/91/56
f 62/95/60 33/92/57 63/93/58
f 59/97/62 28/94/59 62/95/60
f 70/101/63 49/96/61 59/97/62
f 71/81/46 52/80/45 65/99/7
f 66/103/7 43/100/7 70/101/63
f 54/105/7 19/102/7 66/103/7
f 55/107/7 20/104/7 54/105/7
f 67/109/7 44/106/7 55/107/7
f 64/111/7 39/108/7 67/109/7
f 69/113/7 48/110/7 64/111/7
f 68/114/7 47/112/7 69/113/7
f 65/99/7 40/98/7 68/114/7
f 78/119/66 60/115/64 89/117/10
f 74/121/68 56/118/65 78/119/66
f 75/170/100 57/120/67 74/121/68
f 79/126/73 61/122/69 75/124/71
f 76/128/75 58/125/72 79/126/73
f 81/171/77 63/127/74 76/128/75
f 80/133/79 62/129/76 81/131/77
f 77/135/80 59/132/78 80/133/79
f 88/139/4 70/134/4 77/135/80
f 89/117/10 71/116/10 83/137/82
f 84/141/85 66/138/83 88/139/4
f 72/143/87 54/140/84 84/141/85
f 73/172/101 55/142/86 72/143/87
f 85/148/92 67/144/88 73/146/90
f 82/150/94 64/147/91 85/148/92
f 87/173/96 69/149/93 82/150/94
f 86/154/97 68/151/95 87/153/96
f 83/137/82 65/136/81 86/154/97
f 77/1/1 80/174/102 74/175/103
f 75/176/104 74/177/103 80/178/102
f 80/178/102 76/179/105 79/180/106
f 81/181/107 76/179/105 80/178/102
f 41/182/3 38/183/3 37/184/3
f 46/185/3 37/184/3 38/183/3
f 41/182/3 42/186/3 18/187/3
f 42/186/3 41/182/3 51/188/3
f 25/189/3 50/190/3 51/188/3
f 35/191/3 36/192/3 51/5/3
f 29/193/3 30/6/3 22/194/3
f 53/7/4 31/9/5 30/59/29
f 40/10/6 53/7/4 51/195/4
f 86/196/7 72/197/7 84/12/7
f 73/198/7 72/197/7 86/196/7
f 86/196/7 82/199/7 85/200/7
f 87/201/7 82/199/7 86/196/7
f 78/2/1 77/1/1 74/175/103
f 75/176/104 80/178/102 79/180/106
f 51/188/3 41/182/3 37/184/3
f 45/202/3 46/185/3 38/183/3
f 17/203/3 41/182/3 18/187/3
f 50/190/3 42/186/3 51/188/3
f 36/204/3 25/189/3 51/188/3
f 26/4/3 35/191/3 51/5/3
f 21/205/3 29/193/3 22/194/3
f 51/195/4 53/7/4 30/59/29
f 37/69/37 40/10/6 51/195/4
f 83/11/7 86/196/7 84/12/7
f 73/198/7 86/196/7 85/200/7
f 88/13/8 77/1/1 89/3/2
f 29/193/3 26/4/3 30/6/3
f 89/3/2 83/11/7 88/13/8
o Pistol
o Body
v -0.006954 -0.057553 0.033017
v -0.006954 -0.052398 0.034031
v 0.016339 -0.057553 0.033017
v 0.016339 -0.052398 0.034031
v 0.016339 -0.057553 -0.007744
v 0.016339 -0.052398 -0.008948
v -0.006954 -0.057553 -0.007744
v -0.006954 -0.052398 -0.008948
v -0.006954 -0.062160 0.029919
v 0.016339 -0.062160 0.029919
v 0.016339 -0.060249 -0.007023
v -0.006954 -0.060249 -0.007023
v -0.001241 0.012498 0.020411
v 0.010626 0.012498 0.020411
v 0.016339 -0.061901 -0.006656
v -0.006954 -0.061901 -0.006656
v -0.006954 -0.063446 0.015290
v 0.016339 -0.063446 0.015290
v 0.016339 -0.063446 -0.005397
v -0.006954 -0.063446 -0.005397
v -0.006954 -0.049759 0.034031
v 0.016339 -0.049759 0.034031
v 0.016339 -0.049759 -0.009698
v -0.006954 -0.049759 -0.009698
v -0.006954 -0.037521 0.031523
v 0.016339 -0.037521 0.031523
v 0.016339 -0.037521 -0.011475
v -0.006954 -0.037521 -0.011475
v -0.006954 -0.024980 0.027970
v 0.016339 -0.024980 0.027970
v 0.016339 -0.024980 -0.013669
v -0.006954 -0.024980 -0.013669
v -0.006954 -0.012380 0.023372
v 0.016339 -0.012380 0.023372
v 0.016339 -0.012380 -0.016177
v -0.006954 -0.012380 -0.016177
v -0.006954 -0.008927 0.022013
v 0.016339 -0.008927 0.022013
v 0.016339 -0.008927 -0.017536
v -0.006954 -0.008927 -0.017536
v -0.006954 -0.006413 0.020816
v 0.016339 -0.006413 0.020816
v 0.016339 -0.006413 -0.020044
v -0.006954 -0.006413 -0.020044
v -0.006954 -0.003868 0.019666
v 0.016339 -0.003868 0.019666
v 0.016339 -0.003868 -0.023283
v -0.006954 -0.003868 -0.023283
v -0.006954 0.001312 0.017740
v 0.016339 0.001312 0.017740
v 0.016339 0.001312 -0.025210
v -0.006954 0.001312 -0.025210
v -0.006954 0.005007 0.017244
v 0.016339 0.005007 0.017244
v 0.016339 0.005007 -0.025706
v -0.006954 0.005007 -0.025706
v -0.006954 0.007976 0.017244
v 0.016339 0.007976 0.017244
v 0.016339 0.007976 -0.026028
v -0.006954 0.007976 -0.026028
v -0.006954 0.011459 0.018359
v 0.016339 0.011459 0.018359
v 0.016339 0.011459 -0.025879
v -0.006954 0.011459 -0.025879
v -0.006954 0.012883 0.018607
v 0.016339 0.012883 0.018607
v 0.016339 0.012883 -0.025631
v -0.006954 0.012883 -0.025631
v -0.006954 0.015912 0.012723
v 0.016339 0.015912 0.012723
v 0.016339 0.015912 -0.024063
v -0.006954 0.015912 -0.024063
v -0.006954 0.017639 0.010043
v 0.016339 0.017639 0.010043
v 0.016339 0.017639 -0.022046
v -0.006954 0.017639 -0.022046
v -0.006954 0.019517 0.006140
v 0.016339 0.019517 0.006140
v 0.016339 0.019517 -0.018760
v -0.006954 0.019517 -0.018760
v -0.006954 0.020971 0.001136
v 0.016339 0.020971 0.001136
v 0.016339 0.020971 -0.014726
v -0.006954 0.020971 -0.014726
v -0.006954 0.021940 -0.004196
v 0.016339 0.021940 -0.004196
v 0.016339 0.021940 -0.009423
v -0.006954 0.021940 -0.009423
v -0.004424 -0.058547 0.035971
v -0.004424 -0.052699 0.037121
v 0.013809 -0.058547 0.035971
v 0.013809 -0.052699 0.037121
v -0.001241 0.010781 0.020112
v 0.010626 0.010781 0.020112
v -0.004424 -0.049446 0.037121
v 0.013809 -0.049446 0.037121
v -0.004424 -0.036789 0.034527
v 0.013809 -0.036789 0.034527
v -0.004424 -0.024028 0.030912
v 0.013809 -0.024028 0.030912
v -0.004424 -0.011285 0.026261
v 0.013809 -0.011285 0.026261
v -0.004424 -0.007696 0.024849
v 0.013809 -0.007696 0.024849
v -0.004424 -0.005112 0.023619
v 0.013809 -0.005112 0.023619
v -0.004424 -0.002692 0.022526
v 0.013809 -0.002692 0.022526
v -0.004424 0.001556 0.020214
v 0.013809 0.001556 0.020214
v -0.004424 0.004842 0.019275
v 0.013809 0.004842 0.019275
v -0.006043 0.007494 0.018776
v 0.015428 0.007494 0.018776
v -0.006365 0.011078 0.018903
v 0.015750 0.011078 0.018903
v -0.006365 0.012711 0.019187
v 0.015750 0.012711 0.019187
v -0.001241 -0.058946 0.037158
v -0.001241 -0.052820 0.038363
v 0.010626 -0.058946 0.037158
v 0.010626 -0.052820 0.038363
v -0.004424 -0.061607 0.034474
v 0.013809 -0.061607 0.034474
v -0.001241 -0.049320 0.038363
v 0.010626 -0.049320 0.038363
v -0.001241 -0.036495 0.035734
v 0.010626 -0.036495 0.035734
v -0.001241 -0.023646 0.032094
v 0.010626 -0.023646 0.032094
v -0.001241 -0.010845 0.027423
v 0.010626 -0.010845 0.027423
v -0.001241 -0.007201 0.025989
v 0.010626 -0.007201 0.025989
v -0.001241 -0.004590 0.024746
v 0.010626 -0.004590 0.024746
v -0.001241 -0.002220 0.023675
v 0.010626 -0.002220 0.023675
v -0.001241 0.001859 0.021427
v 0.010626 0.001859 0.021427
v -0.001241 0.004925 0.020517
v 0.010626 0.004925 0.020517
v -0.001241 0.007300 0.020018
v 0.010626 0.007300 0.020018
v 0.004693 0.020971 0.001136
v 0.004693 0.021940 -0.004196
v 0.004693 0.021940 -0.009423
v 0.004693 0.020971 -0.014726
v 0.004693 0.019517 -0.018760
v 0.004693 0.017639 -0.022046
v 0.004693 0.015912 -0.024063
v 0.004693 0.012883 -0.025631
v 0.004693 0.011459 -0.025879
v 0.004693 0.007976 -0.026028
v 0.004693 0.005007 -0.025706
v 0.004693 0.001312 -0.025210
v 0.004693 -0.003868 -0.023283
v 0.004693 -0.006413 -0.020044
v 0.004693 -0.008927 -0.017536
v 0.004693 -0.012380 -0.016177
v 0.004693 -0.024980 -0.013669
v 0.004693 -0.037521 -0.011475
v 0.014398 0.015912 0.012723
v 0.014398 0.012883 0.018607
v 0.013907 0.012711 0.019187
v 0.009637 0.012498 0.020411
v 0.009637 0.010781 0.020112
v 0.014398 0.017639 0.010043
v 0.014398 0.019517 0.006140
v 0.004693 -0.062160 0.029919
v 0.004693 -0.061607 0.034474
v 0.004693 -0.058946 0.037158
v 0.004693 -0.052820 0.038363
v 0.004693 -0.049320 0.038363
v 0.004693 -0.036495 0.035734
v 0.004693 -0.023646 0.032094
v 0.004693 -0.010845 0.027423
v 0.004693 -0.007201 0.025989
v 0.004693 -0.004590 0.024746
v 0.004693 -0.002220 0.023675
v 0.004693 0.001859 0.021427
v 0.004693 0.004925 0.020517
v 0.004693 0.007300 0.020018
v 0.004693 0.010781 0.020112
v 0.004693 0.012498 0.020411
v 0.004693 0.012711 0.019187
v 0.004693 0.012883 0.018607
v 0.004693 0.015912 0.012723
v 0.004693 0.017639 0.010043
v 0.004693 0.019517 0.006140
v -0.005013 0.020971 0.001136
v -0.005013 0.019517 0.006140
v -0.005013 0.017639 0.010043
v -0.005013 0.015912 0.012723
v -0.005013 0.012883 0.018607
v -0.004522 0.012711 0.019187
v -0.000252 0.012498 0.020411
v -0.000252 0.010781 0.020112
v -0.000252 0.007300 0.020018
v -0.000252 0.004925 0.020517
v -0.000252 0.001859 0.021427
v -0.000252 -0.002220 0.023675
v -0.000252 -0.004590 0.024746
v -0.000252 -0.007201 0.025989
v -0.000252 -0.010845 0.027423
v -0.000252 -0.023646 0.032094
v -0.000252 -0.036495 0.035734
v -0.000252 -0.049320 0.038363
v -0.000252 -0.052820 0.038363
v -0.000252 -0.058946 0.037158
v -0.002904 -0.061607 0.034474
v -0.005013 -0.062160 0.029919
v -0.005013 -0.063446 0.015290
v -0.005013 -0.063446 -0.005397
v -0.005013 -0.061901 -0.006656
v -0.005013 -0.060249 -0.007023
v -0.005013 -0.057553 -0.007744
v -0.005013 -0.052398 -0.008948
v -0.005013 -0.049759 -0.009698
v -0.005013 -0.037521 -0.011475
v -0.005013 -0.024980 -0.013669
v -0.005013 -0.012380 -0.016177
v -0.005013 -0.008927 -0.017536
v -0.005013 -0.006413 -0.020044
v -0.005013 -0.003868 -0.023283
v -0.005013 0.001312 -0.025210
v -0.005013 0.005007 -0.025706
v -0.005013 0.007976 -0.026028
v -0.005013 0.011459 -0.025879
v -0.005013 0.012883 -0.025631
v -0.005013 0.015912 -0.024063
v -0.005013 0.017639 -0.022046
v -0.005013 0.019517 -0.018760
v -0.005013 0.020971 -0.014726
v -0.005013 0.021940 -0.009423
v -0.005013 0.021940 -0.004196
v 0.014398 0.020971 0.001136
v 0.014398 0.021940 -0.004196
v 0.014398 0.021940 -0.009423
v 0.014398 0.020971 -0.014726
v 0.014398 0.019517 -0.018760
v 0.014398 0.017639 -0.022046
v 0.014398 0.015912 -0.024063
v 0.014398 0.012883 -0.025631
v 0.014398 0.011459 -0.025879
v 0.014398 0.007976 -0.026028
v 0.014398 0.005007 -0.025706
v 0.014398 0.001312 -0.025210
v 0.014398 -0.003868 -0.023283
v 0.014398 -0.006413 -0.020044
v 0.014398 -0.008927 -0.017536
v 0.014398 -0.012380 -0.016177
v 0.014398 -0.024980 -0.013669
v 0.014398 -0.037521 -0.011475
v 0.014398 -0.049759 -0.009698
v 0.014398 -0.052398 -0.008948
v 0.014398 -0.057553 -0.007744
v 0.014398 -0.060249 -0.007023
v 0.014398 -0.061901 -0.006656
v 0.014398 -0.063446 -0.005397
v 0.014398 -0.063446 0.015290
v 0.014398 -0.062160 0.029919
v 0.012290 -0.061607 0.034474
v 0.009637 -0.058946 0.037158
v 0.009637 -0.052820 0.038363
v 0.009637 -0.049320 0.038363
v 0.009637 -0.036495 0.035734
v 0.009637 -0.023646 0.032094
v 0.009637 -0.010845 0.027423
v 0.009637 -0.007201 0.025989
v 0.009637 -0.004590 0.024746
v 0.009637 -0.002220 0.023675
v 0.009637 0.001859 0.021427
v 0.009637 0.004925 0.020517
v 0.009637 0.007300 0.020018
v -0.005804 0.019357 -0.020563
v -0.005804 0.029355 -0.021160
v -0.005476 0.019357 -0.020563
v -0.005476 0.029355 -0.021160
v -0.005476 0.019357 -0.033319
v -0.005476 0.029355 -0.032722
v -0.005804 0.019357 -0.033319
v -0.005804 0.029355 -0.032722
v -0.005476 0.024097 -0.020563
v -0.005476 0.024097 -0.033319
v -0.005804 0.024097 -0.033319
v -0.005804 0.024097 -0.020563
v -0.007006 0.019977 -0.021064
v -0.007006 0.019977 -0.032818
v -0.007006 0.023477 -0.032818
v -0.007006 0.023477 -0.021064
v -0.005681 0.029626 -0.021160
v -0.005412 0.029438 -0.021160
v -0.005412 0.029438 -0.032722
v -0.005681 0.029626 -0.032722
v -0.005429 0.029777 -0.021192
v -0.005290 0.029480 -0.021192
v -0.005290 0.029480 -0.032754
v -0.005429 0.029777 -0.032754
v -0.004053 0.029765 -0.021192
v -0.003915 0.029468 -0.021192
v -0.003915 0.029468 -0.032754
v -0.004053 0.029765 -0.032754
v -0.005804 0.021727 -0.033614
v -0.007006 0.021727 -0.033090
v -0.007006 0.021727 -0.020792
v -0.005804 0.021727 -0.020268
v -0.008006 0.020977 -0.021920
v -0.008006 0.020977 -0.031962
v -0.008006 0.022477 -0.031962
v -0.008006 0.022477 -0.021920
v -0.008006 0.021727 -0.032078
v -0.008006 0.021727 -0.021804
v -0.007713 0.020270 -0.032567
v -0.007713 0.021727 -0.032793
v -0.007713 0.021727 -0.021089
v -0.007713 0.020270 -0.021314
v -0.007713 0.023184 -0.032567
v -0.007713 0.023184 -0.021314
v -0.005320 0.029222 0.035884
v -0.005320 0.030535 0.035884
v 0.014705 0.029222 0.035884
v 0.014705 0.030535 0.035884
v 0.014705 0.029222 -0.090639
v 0.014705 0.030535 -0.090639
v -0.005320 0.029222 -0.090639
v -0.005320 0.030535 -0.090639
v -0.005320 0.025223 0.035884
v 0.014705 0.025223 0.035884
v 0.014705 0.025223 -0.052122
v -0.005320 0.025223 -0.052122
v -0.005320 0.024436 0.035264
v 0.014705 0.024436 0.035264
v 0.014705 0.024436 -0.046300
v -0.005320 0.024436 -0.046300
v -0.005320 0.023799 0.034488
v 0.014705 0.023799 0.034488
v 0.014705 0.023799 -0.041934
v -0.005320 0.023799 -0.041934
v -0.005320 0.023258 0.030612
v 0.014705 0.023258 0.030612
v 0.014705 0.022467 -0.038390
v -0.005320 0.022467 -0.038390
v -0.005320 0.021313 0.024166
v 0.014705 0.021313 0.024166
v 0.014705 0.020255 -0.034574
v -0.005320 0.020255 -0.034574
v -0.005320 0.017438 0.020097
v 0.014705 0.017438 0.020097
v 0.014705 0.017438 -0.031899
v -0.005320 0.017438 -0.031899
v -0.005320 0.014136 0.019350
v 0.014705 0.014136 0.019350
v 0.014705 0.014136 -0.029769
v -0.005320 0.014136 -0.029769
v -0.005320 0.017888 -0.032326
v -0.005320 0.017888 0.020381
v 0.014705 0.017888 0.020381
v 0.014705 0.017888 -0.032326
v -0.005320 0.008057 0.017003
v 0.014705 0.008057 0.017003
v 0.014705 0.008057 -0.028151
v -0.005320 0.008057 -0.028151
v -0.005320 -0.000575 0.018180
v 0.014705 -0.000575 0.018180
v 0.014705 -0.000575 -0.026975
v -0.005320 -0.000575 -0.026975
v -0.005320 -0.004176 0.018915
v 0.014705 -0.004176 0.018915
v 0.014705 -0.004176 -0.026240
v -0.005320 -0.004176 -0.026240
v -0.005320 -0.005024 0.019709
v 0.014705 -0.005024 0.019709
v 0.014705 -0.005024 -0.025445
v -0.005320 -0.005024 -0.025445
v -0.005320 -0.008415 0.020929
v 0.014705 -0.008415 0.020929
v 0.014705 -0.008415 -0.020148
v -0.005320 -0.008415 -0.020148
v -0.005320 -0.011039 0.022705
v 0.014705 -0.011039 0.022705
v 0.014705 -0.011039 -0.018371
v -0.005320 -0.011039 -0.018371
v -0.005320 -0.063336 0.030336
v 0.014705 -0.063336 0.030336
v 0.014705 -0.064199 -0.007860
v -0.005320 -0.064199 -0.007860
v 0.013835 0.029222 -0.092244
v 0.013835 0.030535 -0.092244
v -0.004450 0.029222 -0.092244
v -0.004450 0.030535 -0.092244
v 0.011913 0.029222 -0.093335
v 0.011913 0.030535 -0.093335
v -0.002528 0.029222 -0.093335
v -0.002528 0.030535 -0.093335
v 0.008994 0.029222 -0.094032
v 0.008994 0.030535 -0.094032
v 0.000391 0.029222 -0.094032
v 0.000391 0.030535 -0.094032
v 0.011573 0.027122 -0.090381
v -0.002188 0.027122 -0.090381
v 0.011573 0.023147 -0.052370
v -0.002188 0.023147 -0.052370
v 0.011573 0.022366 -0.046591
v -0.002188 0.022366 -0.046591
v 0.011573 0.021764 -0.042458
v -0.002188 0.021764 -0.042458
v 0.011573 0.020571 -0.039288
v -0.002188 0.020571 -0.039288
v 0.011573 0.018598 -0.035882
v -0.002188 0.018598 -0.035882
v 0.011573 0.016141 -0.033549
v -0.002188 0.016141 -0.033549
v 0.011573 0.013280 -0.031704
v -0.002188 0.013280 -0.031704
v -0.002188 0.016449 -0.033842
v 0.011573 0.016449 -0.033842
v 0.011573 0.007646 -0.030205
v -0.002188 0.007646 -0.030205
v 0.011573 -0.000926 -0.029037
v -0.002188 -0.000926 -0.029037
v 0.011573 -0.005174 -0.028169
v -0.002188 -0.005174 -0.028169
v 0.011573 -0.006644 -0.026792
v -0.002188 -0.006644 -0.026792
v 0.011573 -0.009944 -0.021637
v -0.002188 -0.009944 -0.021637
v 0.011573 -0.011845 -0.020350
v -0.002188 -0.011845 -0.020350
v 0.011573 -0.062514 -0.010288
v -0.002188 -0.062514 -0.010288
v 0.011173 0.027122 -0.091012
v -0.001788 0.027122 -0.091012
v 0.010320 0.027131 -0.091495
v -0.000935 0.027131 -0.091495
v 0.008450 0.027131 -0.091942
v 0.000935 0.027131 -0.091942
v 0.013788 0.023755 -0.052297
v 0.013788 0.027745 -0.090608
v -0.004403 0.027745 -0.090608
v -0.004403 0.023755 -0.052297
v 0.013788 0.022972 -0.046506
v -0.004403 0.022972 -0.046506
v 0.013788 0.022360 -0.042305
v -0.004403 0.022360 -0.042305
v 0.013788 0.021126 -0.039025
v -0.004403 0.021126 -0.039025
v 0.013788 0.019083 -0.035499
v -0.004403 0.019083 -0.035499
v 0.013788 0.016521 -0.033066
v 0.013788 0.016870 -0.033398
v -0.004403 0.016870 -0.033398
v -0.004403 0.016521 -0.033066
v 0.013788 0.013531 -0.031137
v -0.004403 0.013531 -0.031137
v 0.013788 0.007766 -0.029603
v -0.004403 0.007766 -0.029603
v 0.013788 -0.000823 -0.028433
v -0.004403 -0.000823 -0.028433
v 0.013788 -0.004882 -0.027604
v -0.004403 -0.004882 -0.027604
v 0.013788 -0.006170 -0.026397
v -0.004403 -0.006170 -0.026397
v 0.013788 -0.009496 -0.021201
v -0.004403 -0.009496 -0.021201
v 0.013788 -0.011609 -0.019770
v -0.004403 -0.011609 -0.019770
v 0.013788 -0.063859 -0.009423
v -0.004403 -0.063859 -0.009423
v -0.003670 0.027737 -0.091883
v 0.013055 0.027737 -0.091883
v -0.002062 0.027744 -0.092796
v 0.011447 0.027744 -0.092796
v 0.000551 0.027744 -0.093419
v 0.008835 0.027744 -0.093419
v -0.000251 0.023525 -0.065964
v -0.000251 0.025081 -0.063693
v 0.009636 0.023525 -0.065964
v 0.009636 0.025081 -0.063693
v 0.009636 0.024356 -0.073573
v 0.009636 0.026294 -0.074806
v -0.000251 0.024356 -0.073573
v -0.000251 0.026294 -0.074806
v -0.000251 0.021442 -0.068298
v 0.009636 0.021442 -0.068298
v 0.009636 0.021928 -0.072755
v -0.000251 0.021928 -0.072755
v -0.000251 0.019036 -0.070938
v 0.009636 0.019036 -0.070938
v 0.009636 0.019223 -0.072645
v -0.000251 0.019223 -0.072645
v -0.000251 0.016078 -0.072245
v 0.009636 0.016078 -0.072245
v 0.009636 0.016227 -0.073605
v -0.000251 0.016227 -0.073605
v -0.000251 0.013751 -0.072791
v 0.009636 0.013751 -0.072791
v 0.009636 0.013899 -0.074151
v -0.000251 0.013899 -0.074151
v -0.000251 0.010529 -0.072981
v 0.009636 0.010529 -0.072981
v 0.009636 0.010678 -0.074340
v -0.000251 0.010678 -0.074340
v -0.000251 0.007204 -0.072300
v 0.009636 0.007204 -0.072300
v 0.009636 0.007146 -0.073667
v -0.000251 0.007146 -0.073667
v -0.000251 0.005275 -0.071347
v 0.009636 0.005275 -0.071347
v 0.009636 0.004703 -0.072589
v -0.000251 0.004703 -0.072589
v -0.000251 0.002503 -0.069068
v 0.009636 0.002503 -0.069068
v 0.009636 0.001441 -0.069930
v -0.000251 0.001441 -0.069930
v -0.000251 0.000593 -0.066204
v 0.009636 0.000593 -0.066204
v 0.009636 -0.000717 -0.066598
v -0.000251 -0.000717 -0.066598
v -0.000251 -0.000832 -0.061462
v 0.009636 -0.000832 -0.061462
v 0.009636 -0.002142 -0.061856
v -0.000251 -0.002142 -0.061856
v -0.000251 -0.001641 -0.056577
v 0.009636 -0.001641 -0.056577
v 0.009636 -0.002996 -0.056763
v -0.000251 -0.002996 -0.056763
v -0.000251 -0.002673 -0.049348
v 0.009636 -0.002673 -0.049348
v 0.009636 -0.004028 -0.049534
v -0.000251 -0.004028 -0.049534
v -0.000251 -0.002713 -0.044635
v 0.009636 -0.002713 -0.044635
v 0.009636 -0.004273 -0.044453
v -0.000251 -0.004273 -0.044453
v -0.000251 -0.001921 -0.040294
v 0.009636 -0.001921 -0.040294
v 0.009636 -0.003398 -0.039863
v -0.000251 -0.003398 -0.039863
v -0.000251 0.000689 -0.036164
v 0.009636 0.000689 -0.036164
v 0.009636 -0.001023 -0.035531
v -0.000251 -0.001023 -0.035531
v -0.000251 0.002320 -0.033784
v 0.009636 0.002320 -0.033784
v 0.009636 -0.000022 -0.031770
v -0.000251 -0.000022 -0.031770
v -0.000251 0.004541 -0.031931
v 0.009636 0.004541 -0.031931
v 0.009636 -0.000299 -0.029981
v -0.000251 -0.000299 -0.029981
v -0.000251 0.007666 -0.029589
v 0.009636 0.007666 -0.029589
v 0.009636 -0.001258 -0.027449
v -0.000251 -0.001258 -0.027449
v -0.000781 0.001924 -0.031289
v 0.010166 0.001924 -0.031289
v -0.000781 0.000820 -0.031289
v 0.010166 0.000820 -0.031289
v -0.000781 0.001031 -0.031939
v 0.010166 0.001031 -0.031939
v -0.000781 0.001583 -0.032340
v 0.010166 0.001583 -0.032340
v -0.000781 0.002266 -0.032340
v 0.010166 0.002266 -0.032340
v -0.000781 0.002818 -0.031939
v 0.010166 0.002818 -0.031939
v -0.000781 0.003029 -0.031289
v 0.010166 0.003029 -0.031289
v -0.000781 0.002818 -0.030640
v 0.010166 0.002818 -0.030640
v -0.000781 0.002266 -0.030239
v 0.010166 0.002266 -0.030239
v -0.000781 0.001583 -0.030239
v 0.010166 0.001583 -0.030239
v -0.000781 0.001031 -0.030640
v 0.010166 0.001031 -0.030640
v -0.004230 -0.063360 0.029246
v 0.013615 -0.063360 0.029246
v 0.013615 -0.064174 -0.006770
v -0.004230 -0.064174 -0.006770
v -0.004230 0.026372 0.010604
v 0.013615 0.026372 0.010604
v 0.013615 0.025558 -0.025411
v -0.004230 0.025558 -0.025411
vn -0.1534 -0.0001 0.9882
vn -0.2207 -0.1203 0.9679
vn 0.8376 -0.0387 0.5448
vn -0.1534 0.0001 -0.9882
vn 0.7004 0.0666 -0.7107
vn 0.6921 -0.0511 -0.7199
vn 1.0000 -0.0000 -0.0000
vn -0.0000 -0.1108 0.9938
vn -0.2227 -0.0761 0.9719
vn -0.1896 -0.3242 0.9268
vn 0.9422 -0.0217 0.3345
vn 0.9428 -0.1072 0.3155
vn -0.0000 -0.2505 -0.9681
vn -0.0000 -0.2378 -0.9713
vn -0.9422 -0.0433 0.3324
vn -1.0000 -0.0000 -0.0000
vn -0.0000 0.9982 -0.0602
vn -0.0000 0.9927 -0.1203
vn -0.0000 0.9960 0.0898
vn -0.0000 -0.9996 0.0292
vn -0.0000 -0.9983 0.0584
vn -0.0000 -1.0000 -0.0000
vn -0.9462 -0.1289 0.2968
vn -0.0000 -0.5596 0.8288
vn -0.3247 -0.7380 0.5915
vn 0.9781 -0.1049 0.1795
vn -0.0000 -0.2480 -0.9688
vn -0.0000 -0.2445 -0.9696
vn -0.9926 -0.0679 0.1009
vn -0.0000 0.9778 0.2095
vn -0.0000 0.9690 0.2472
vn -0.0000 0.9852 0.1714
vn -0.0000 -0.2308 -0.9730
vn -0.0000 -0.3639 -0.9314
vn -0.0000 -0.9942 0.1075
vn -0.0000 -0.9946 0.1041
vn -0.0000 -0.5056 -0.8628
vn -0.0000 -0.6318 -0.7751
vn -0.9422 0.0225 0.3343
vn -0.0000 -0.2306 -0.9730
vn -0.0000 -0.0831 0.9965
vn 0.2228 -0.1129 0.9683
vn 0.1858 0.0661 0.9804
vn -0.9418 0.0756 0.3276
vn -0.0000 -0.1873 -0.9823
vn -0.0000 -0.1532 -0.9882
vn 0.9422 0.0451 0.3320
vn -0.0000 0.1344 0.9909
vn 0.1851 0.2209 0.9576
vn -0.9418 0.0996 0.3212
vn -0.0000 -0.1666 -0.9860
vn -0.0000 -0.1800 -0.9837
vn 0.9418 0.0836 0.3257
vn -0.0000 0.2488 0.9686
vn 0.1851 0.2911 0.9386
vn -0.9417 0.1180 0.3150
vn -0.0000 -0.1876 -0.9822
vn -0.0000 -0.2531 -0.9674
vn 0.9418 0.1074 0.3186
vn -0.0000 0.3196 0.9476
vn 0.1850 0.3446 0.9203
vn -0.9418 0.1303 0.3100
vn -0.0000 -0.3102 -0.9507
vn -0.0000 -0.4885 -0.8725
vn 0.9417 0.1205 0.3140
vn -0.0000 0.3583 0.9336
vn 0.1850 0.3809 0.9059
vn -0.9417 0.1426 0.3046
vn -0.0000 -0.6040 -0.7970
vn -0.0000 -0.7342 -0.6790
vn 0.9418 0.1375 0.3068
vn -0.0000 0.4089 0.9126
vn 0.1850 0.4166 0.8901
vn -0.9418 0.1314 0.3095
vn -0.0000 -0.7609 -0.6489
vn -0.0000 -0.6624 -0.7491
vn 0.9417 0.1406 0.3056
vn -0.0000 0.4178 0.9085
vn 0.1848 0.4282 0.8846
vn -0.9281 0.1208 0.3521
vn -0.0000 -0.5116 -0.8593
vn -0.0000 -0.2782 -0.9605
vn 0.9347 0.1459 0.3241
vn -0.0000 0.4594 0.8882
vn 0.1844 0.4109 0.8929
vn -0.9078 0.0579 0.4153
vn -0.0000 -0.2059 -0.9786
vn -0.0000 -0.1245 -0.9922
vn 0.9140 0.1014 0.3928
vn -0.0000 0.3524 0.9359
vn 0.1838 0.2524 0.9500
vn -0.9522 -0.1053 0.2869
vn -0.0000 -0.1162 -0.9932
vn -0.0000 -0.0578 -0.9983
vn 0.9281 -0.0240 0.3717
vn -0.0000 0.2321 0.9727
vn 0.1461 0.0983 0.9844
vn -0.9413 -0.0638 0.3314
vn -0.0000 -0.0076 -1.0000
vn -0.0000 0.0857 -0.9963
vn 0.9561 -0.0530 0.2882
vn -0.0000 0.0509 0.9987
vn 0.1210 -0.0796 0.9895
vn -0.9535 -0.0517 0.2969
vn -0.0000 0.1287 -0.9917
vn -0.0000 0.2704 -0.9628
vn 0.9278 -0.0804 0.3644
vn -0.0000 -0.1236 0.9923
vn 0.1186 -0.1702 0.9782
vn -0.0000 0.3675 -0.9300
vn -0.0000 0.5691 -0.8223
vn 0.9827 -0.0317 0.1824
vn -0.0000 0.9229 0.3852
vn -0.0000 0.9279 0.3728
vn -0.0000 0.8739 0.4862
vn -0.0000 0.6707 -0.7418
vn -0.0000 0.7990 -0.6014
vn -0.0000 0.8577 0.5141
vn -0.0000 0.8623 0.5064
vn -0.0000 0.8353 -0.5497
vn -0.0000 0.8954 -0.4453
vn -0.0000 0.8824 0.4704
vn -0.0000 0.9236 0.3832
vn -0.0000 0.9196 -0.3928
vn -0.0000 0.9580 -0.2869
vn -0.0000 0.9434 0.3316
vn -0.0000 0.9693 0.2459
vn -0.0000 0.9723 -0.2336
vn -0.0000 0.9772 0.2125
vn -0.6325 -0.2307 0.7394
vn 0.5896 -0.0734 0.8044
vn 0.6045 -0.2603 0.7528
vn -0.0000 -0.9940 0.1096
vn 0.2318 -0.7840 0.5759
vn 0.5898 0.0867 0.8029
vn -0.5896 -0.0833 0.8034
vn 0.5880 0.1934 0.7854
vn -0.5898 0.0763 0.8040
vn 0.5881 0.2508 0.7689
vn -0.5880 0.1897 0.7863
vn 0.5878 0.2874 0.7563
vn -0.5881 0.2472 0.7701
vn 0.5880 0.3238 0.7412
vn -0.5878 0.2862 0.7567
vn 0.5879 0.3400 0.7340
vn -0.5880 0.3205 0.7426
vn 0.5863 0.3631 0.7242
vn -0.5878 0.3409 0.7336
vn 0.5542 0.2952 0.7783
vn -0.5675 0.3515 0.7446
vn 0.4993 0.0938 0.8613
vn -0.5213 0.3107 0.7948
vn 0.5503 -0.0684 0.8322
vn -0.5610 0.0460 0.8265
vn 0.5340 -0.1435 0.8332
vn -0.5936 -0.1058 0.7978
vn 0.5744 -0.1403 0.8065
vn -0.4948 -0.1002 0.8632
vn -0.0000 0.9328 0.3603
vn 0.1520 -0.3523 0.9235
vn -0.4092 -0.1564 0.8989
vn -0.1182 -0.0983 0.9881
vn -0.1858 0.0980 0.9777
vn -0.1851 0.2323 0.9549
vn -0.1850 0.3022 0.9351
vn -0.1847 0.3484 0.9190
vn -0.1850 0.3911 0.9016
vn -0.1852 0.4136 0.8914
vn -0.1831 0.4390 0.8796
vn -0.1836 0.3790 0.9070
vn -0.1628 0.2032 0.9655
vn -0.1220 0.0848 0.9889
vn -0.0000 0.9942 0.1077
vn -0.0000 0.9734 0.2292
vn -0.0000 0.9974 0.0718
vn -0.0000 0.9959 -0.0903
vn -0.0000 0.9655 -0.2604
vn -0.0000 0.9079 -0.4192
vn -0.0000 0.8176 -0.5758
vn -0.0000 0.6212 -0.7837
vn -0.0000 0.3193 -0.9476
vn -0.0000 0.1072 -0.9942
vn -0.0000 -0.0327 -0.9995
vn -0.0000 -0.1204 -0.9927
vn -0.0000 -0.2422 -0.9702
vn -0.0000 -0.5896 -0.8077
vn -0.0000 -0.7477 -0.6641
vn -0.0000 -0.5476 -0.8367
vn -0.0000 -0.2818 -0.9595
vn -0.0000 -0.1838 -0.9830
vn -0.0000 -0.1652 -0.9863
vn -0.0000 -0.1724 -0.9850
vn -0.0000 -0.1714 0.9852
vn -0.0000 -0.0994 0.9950
vn -0.0000 0.0899 0.9959
vn -0.0000 0.2452 0.9695
vn -0.0000 0.3858 0.9226
vn -0.0000 0.4476 0.8943
vn -0.0000 0.9339 0.3575
vn -0.0000 0.8726 0.4885
vn -0.0000 -0.9277 0.3733
vn -0.0000 -0.9927 0.1207
vn -0.0000 -0.8681 0.4964
vn -0.0000 -0.4724 0.8814
vn -0.0000 -0.4723 0.8814
vn -0.0000 -0.0970 0.9953
vn -0.0000 0.1009 0.9949
vn -0.0000 0.2368 0.9715
vn -0.0000 0.3079 0.9514
vn -0.0000 0.3545 0.9351
vn -0.0000 0.3983 0.9173
vn -0.0000 0.4209 0.9071
vn -0.0000 0.9736 0.2284
vn -0.0000 0.8659 0.5002
vn -0.0790 -0.1709 0.9821
vn -0.0000 -0.9000 0.4359
vn -0.0000 -0.2446 -0.9696
vn -0.0000 -0.2481 -0.9687
vn 0.8012 0.0516 0.5961
vn -0.2358 -0.9718 -0.0000
vn 0.9771 -0.2129 -0.0000
vn 0.9048 -0.4258 -0.0000
vn -0.0000 0.1129 -0.9936
vn -0.0000 0.0754 0.9972
vn -0.0000 0.0377 0.9993
vn -0.0000 0.1164 0.9932
vn -0.9812 -0.0100 0.1928
vn -0.9812 0.0100 -0.1928
vn -0.9824 -0.1029 -0.1557
vn -0.1535 -0.0000 -0.9882
vn -0.4306 -0.1113 -0.8957
vn -0.4031 -0.1312 -0.9057
vn -0.4584 0.8888 -0.0000
vn -0.4335 0.9012 -0.0000
vn -0.1535 -0.0000 0.9882
vn -0.4306 0.1113 0.8957
vn -0.4031 0.1312 0.9057
vn -0.2359 -0.9718 -0.0000
vn -0.4584 -0.8888 -0.0000
vn -0.4335 -0.9012 -0.0000
vn -0.5736 -0.8192 -0.0000
vn -0.9106 0.4133 -0.0000
vn -0.0000 -0.0000 -1.0000
vn 0.9048 -0.4259 -0.0000
vn 0.6624 -0.7491 -0.0000
vn 0.0567 0.0809 0.9951
vn -0.9063 -0.4226 -0.0000
vn -0.6733 0.7394 -0.0000
vn -0.5141 0.8577 -0.0000
vn -0.0964 -0.0669 -0.9931
vn -0.0681 -0.0973 -0.9929
vn -0.1443 -0.1001 -0.9845
vn 0.5004 -0.8658 -0.0000
vn 0.6624 -0.7492 -0.0000
vn 0.2170 -0.9762 -0.0000
vn 0.0898 0.0963 0.9913
vn 0.0567 0.0810 0.9951
vn 0.0330 0.0154 0.9993
vn -0.0000 -0.0000 1.0000
vn -0.1713 0.9852 -0.0000
vn 0.0086 1.0000 -0.0000
vn -0.0737 -0.0344 -0.9967
vn 0.1041 -0.9946 -0.0000
vn -0.0086 -1.0000 -0.0000
vn -0.3980 0.1338 -0.9076
vn -0.4306 0.1113 -0.8957
vn -0.9824 0.1029 0.1557
vn -0.9723 0.2124 -0.0975
vn -0.3980 -0.1338 0.9076
vn -0.7112 0.0150 -0.7028
vn -0.6037 -0.1222 -0.7878
vn -0.3916 -0.0286 -0.9197
vn -0.7971 -0.0925 0.5967
vn -0.7112 -0.0150 0.7028
vn -0.3916 0.0286 0.9197
vn -0.7971 -0.6038 -0.0000
vn -0.6037 -0.7972 -0.0000
vn -0.9723 -0.2124 0.0975
vn -0.4082 -0.9129 -0.0000
vn -0.7971 0.0925 -0.5967
vn -0.7971 0.6038 -0.0000
vn -0.6037 0.7972 -0.0000
vn -0.4083 0.9129 -0.0000
vn -0.6037 0.1222 0.7878
vn 0.9693 -0.0000 -0.2458
vn -0.1169 -0.0000 -0.9931
vn 0.1169 -0.0000 -0.9931
vn 0.1307 -0.1715 -0.9765
vn -0.9693 -0.0000 -0.2458
vn -0.9481 -0.2008 -0.2466
vn -0.0000 1.0000 -0.0000
vn -0.0000 -0.9997 0.0226
vn -0.9615 -0.2730 -0.0312
vn -0.0000 -0.2169 0.9762
vn 0.9606 -0.2329 -0.1518
vn -0.1310 -0.9868 -0.0955
vn 0.1274 -0.9883 -0.0836
vn 0.1333 -0.9846 -0.1129
vn -0.9617 -0.2714 -0.0378
vn -0.0000 -0.4338 0.9010
vn -0.0000 -0.6739 0.7388
vn 0.9617 -0.2721 -0.0339
vn -0.1344 -0.9833 -0.1229
vn 0.1344 -0.9815 -0.1362
vn -0.9620 -0.2665 -0.0586
vn -0.0000 -0.7256 0.6881
vn -0.0000 -0.8746 0.4848
vn 0.9617 -0.2715 -0.0386
vn -0.1344 -0.9811 -0.1394
vn 0.1351 -0.9678 -0.2126
vn -0.9619 -0.2503 -0.1102
vn -0.0000 -0.9494 0.3140
vn -0.0000 -0.9820 0.1890
vn 0.9620 -0.2616 -0.0775
vn -0.1351 -0.9500 -0.2816
vn 0.1348 -0.9068 -0.3993
vn -0.9623 -0.2212 -0.1580
vn -0.0000 -0.9709 0.2393
vn -0.0000 -0.9050 0.4255
vn 0.9619 -0.2438 -0.1238
vn -0.1348 -0.8834 -0.4488
vn 0.1356 -0.8062 -0.5758
vn -0.9617 -0.1888 -0.1988
vn -0.9620 -0.1754 -0.2094
vn -0.0000 -0.6077 0.7942
vn -0.0000 -0.6777 0.7354
vn -0.0000 -0.4347 0.9006
vn 0.9617 -0.1888 -0.1988
vn -0.1344 -0.6823 -0.7186
vn 0.1344 -0.6823 -0.7186
vn 0.1349 -0.6363 -0.7595
vn -0.9625 -0.1227 -0.2421
vn -0.0000 -0.3292 0.9443
vn -0.0000 -0.2679 0.9634
vn 0.9620 -0.1621 -0.2199
vn -0.1349 -0.5878 -0.7977
vn 0.1359 -0.4478 -0.8837
vn -0.0000 -0.8315 0.5556
vn 0.9623 -0.2051 -0.1785
vn -0.1356 -0.7473 -0.6505
vn -0.9618 -0.0593 -0.2672
vn -0.0000 -0.3144 0.9493
vn -0.0000 -0.2007 0.9797
vn 0.9625 -0.0966 -0.2537
vn -0.1359 -0.3527 -0.9258
vn 0.1347 -0.2148 -0.9673
vn -0.9617 -0.0430 -0.2707
vn -0.0000 -0.0309 0.9995
vn -0.0000 0.1568 0.9876
vn 0.9618 -0.0482 -0.2695
vn -0.1347 -0.1744 -0.9754
vn 0.1345 -0.1554 -0.9787
vn -0.9641 -0.0993 -0.2464
vn -0.0000 0.1785 0.9839
vn -0.0000 0.3738 0.9275
vn 0.9617 -0.0489 -0.2697
vn -0.1345 -0.1769 -0.9750
vn 0.1390 -0.3702 -0.9185
vn -0.9622 -0.2021 -0.1828
vn -0.0000 0.5405 0.8413
vn -0.0000 0.5792 0.8152
vn 0.9641 -0.1434 -0.2235
vn -0.1390 -0.5353 -0.8331
vn 0.1353 -0.7348 -0.6646
vn -0.9630 -0.2055 -0.1745
vn -0.0000 0.4620 0.8869
vn -0.0000 0.4154 0.9097
vn 0.9622 -0.2166 -0.1653
vn -0.1353 -0.7875 -0.6013
vn 0.1369 -0.7551 -0.6412
vn -0.9630 -0.1203 -0.2411
vn -0.0000 0.4900 0.8717
vn -0.0000 0.4316 0.9021
vn 0.9630 -0.1797 -0.2009
vn -0.1369 -0.6604 -0.7383
vn 0.1369 -0.4424 -0.8863
vn -0.9616 -0.0533 -0.2694
vn -0.0000 0.2897 0.9571
vn -0.0000 0.1444 0.9895
vn 0.9629 -0.0869 -0.2556
vn -0.1351 -0.3194 -0.9379
vn 0.1068 -0.2664 -0.9579
vn 0.7490 -0.2506 -0.6134
vn -0.7773 -0.0000 -0.6292
vn -0.1124 -0.9881 -0.1053
vn 0.6442 -0.0000 -0.7649
vn 0.3997 -0.2145 -0.8912
vn -0.6233 -0.2396 -0.7444
vn -0.4100 -0.0000 -0.9121
vn 0.0964 -0.9862 -0.1348
vn -0.0704 -0.9828 -0.1709
vn 0.3221 -0.0000 -0.9467
vn -0.3145 -0.2086 -0.9260
vn 0.0566 -0.9825 -0.1775
vn -0.0352 -0.9736 -0.2254
vn 0.5682 -0.7919 -0.2239
vn 0.5987 -0.7951 -0.0963
vn -0.5983 -0.7957 -0.0941
vn -0.5813 -0.7958 -0.1698
vn 0.5993 -0.7927 -0.1117
vn -0.5992 -0.7929 -0.1110
vn 0.6014 -0.7715 -0.2075
vn -0.6014 -0.7757 -0.1912
vn 0.6005 -0.7199 -0.3482
vn -0.6005 -0.7254 -0.3365
vn 0.6031 -0.6191 -0.5030
vn -0.6031 -0.6330 -0.4854
vn 0.5992 -0.5513 -0.5806
vn 0.6008 -0.4883 -0.6329
vn -0.6008 -0.4997 -0.6239
vn -0.5992 -0.5513 -0.5806
vn 0.6039 -0.3112 -0.7338
vn -0.6038 -0.3337 -0.7239
vn 0.5999 -0.1524 -0.7854
vn -0.5999 -0.1619 -0.7835
vn 0.5994 -0.1367 -0.7887
vn -0.5994 -0.1317 -0.7896
vn 0.6138 -0.3817 -0.6911
vn -0.6138 -0.3430 -0.7110
vn 0.6021 -0.6201 -0.5030
vn -0.6021 -0.6076 -0.5179
vn 0.6071 -0.5579 -0.5659
vn -0.6071 -0.5801 -0.5431
vn 0.6057 -0.2919 -0.7402
vn -0.6067 -0.3205 -0.7274
vn 0.6949 -0.1396 -0.7054
vn 0.9613 -0.0535 -0.2704
vn -0.4868 -0.1699 -0.8568
vn -0.0000 -0.7359 -0.6771
vn -0.0000 -0.8918 -0.4523
vn -0.0656 -0.3751 -0.9247
vn -0.0000 -0.9974 -0.0717
vn -0.0000 -0.9993 -0.0363
vn -0.4638 -0.7728 -0.4332
vn 0.4230 -0.7709 -0.4762
vn -0.2608 -0.7306 -0.6310
vn 0.2334 -0.7296 -0.6428
vn -0.0928 -0.7135 -0.6944
vn -0.0914 -0.2376 -0.9670
vn 0.0699 -0.7135 -0.6971
vn 0.0219 -0.9580 -0.2860
vn -0.0000 -0.8249 0.5652
vn -0.0000 -0.8001 0.5999
vn -0.0000 -0.5368 -0.8437
vn -0.0000 -0.4674 -0.8841
vn -0.0000 0.2332 0.9724
vn -0.0000 -0.7737 0.6335
vn -0.0000 -0.7438 0.6685
vn -0.0000 -0.3945 -0.9189
vn -0.0000 -0.2285 -0.9736
vn -0.0000 -0.7415 0.6709
vn -0.0000 -0.6398 0.7686
vn -0.0000 -0.1346 -0.9909
vn -0.0000 0.0759 -0.9971
vn -0.0000 -0.5259 0.8505
vn -0.0000 -0.3469 0.9379
vn -0.0000 0.1925 -0.9813
vn -0.0000 0.2797 -0.9601
vn -0.0000 -0.2881 0.9576
vn -0.0000 -0.1723 0.9850
vn -0.0000 0.2541 -0.9672
vn -0.0000 0.1723 -0.9850
vn -0.0000 -0.1156 0.9933
vn -0.0000 0.0279 0.9996
vn -0.0000 0.1156 -0.9933
vn -0.0000 -0.0235 -0.9997
vn -0.0000 0.1149 0.9934
vn -0.0000 0.2835 0.9590
vn -0.0000 -0.1060 -0.9944
vn -0.0000 -0.2609 -0.9654
vn -0.0000 0.3649 0.9311
vn -0.0000 0.5101 0.8601
vn -0.0000 -0.3334 -0.9428
vn -0.0000 -0.4836 -0.8753
vn -0.0000 0.5744 0.8185
vn -0.0000 0.7075 0.7067
vn -0.0000 -0.5603 -0.8283
vn -0.0000 -0.7087 -0.7055
vn -0.0000 0.7737 0.6335
vn -0.0000 -0.7786 -0.6275
vn -0.0000 -0.8866 -0.4625
vn -0.0000 0.9247 0.3806
vn -0.0000 0.9691 0.2468
vn -0.0000 -0.9264 -0.3765
vn -0.0000 -0.9689 -0.2475
vn -0.0000 0.9787 0.2052
vn -0.0000 0.9878 0.1560
vn -0.0000 -0.9784 -0.2066
vn -0.0000 -0.9875 -0.1574
vn -0.0000 0.9889 0.1487
vn -0.0000 0.9953 0.0972
vn -0.0000 -0.9888 -0.1494
vn -0.0000 -0.9939 -0.1104
vn -0.0000 0.9986 0.0528
vn -0.0000 0.9985 -0.0545
vn -0.0000 -0.9969 -0.0793
vn -0.0000 -0.9995 0.0306
vn -0.0000 0.9931 -0.1173
vn -0.0000 0.9531 -0.3027
vn -0.0000 -0.9940 0.1095
vn -0.0000 -0.9575 0.2883
vn -0.0000 0.9062 -0.4228
vn -0.0000 0.8386 -0.5447
vn -0.0000 -0.9220 0.3871
vn -0.0000 -0.9126 0.4088
vn -0.0000 0.8318 -0.5551
vn -0.0000 0.7699 -0.6382
vn -0.0000 -0.9426 0.3339
vn -0.0000 -0.9924 0.1227
vn -0.0000 0.7080 -0.7062
vn -0.0000 0.6272 -0.7788
vn -0.0000 -0.9999 -0.0167
vn -0.0000 -0.9752 -0.2212
vn -0.0000 0.6136 -0.7896
vn -0.0000 0.5998 -0.8002
vn -0.0000 -0.9575 -0.2884
vn -0.0000 -0.9353 -0.3539
vn -0.0000 -0.8676 -0.4973
vn -0.0000 -0.9942 0.1077
vn -0.0000 -0.9942 -0.1077
vn -0.0000 -0.4096 -0.9123
vn -0.0000 -0.7410 -0.6715
vn -0.0000 0.2048 -0.9788
vn -0.0000 -0.2048 -0.9788
vn -0.0000 0.7410 -0.6715
vn -0.0000 0.4096 -0.9123
vn -0.0000 0.9942 -0.1077
vn -0.0000 0.8676 -0.4973
vn -0.0000 0.8676 0.4973
vn -0.0000 0.4096 0.9123
vn -0.0000 0.7410 0.6715
vn -0.0000 -0.2048 0.9788
vn -0.0000 0.2048 0.9788
vn -0.0000 -0.7410 0.6715
vn -0.0000 -0.4096 0.9123
vn -0.0000 -0.8676 0.4973
vn -0.0000 -0.2034 -0.9791
vn -0.0000 0.2034 0.9791
vn -0.0000 0.1181 -0.9930
vn -0.6734 0.7393 -0.0000
vn 0.1042 -0.9946 -0.0000
vn -0.0000 -0.1233 -0.9924
vt 0.956598 0.388250
vt 0.956598 0.383075
vt 0.957311 0.383075
vt 0.981926 0.315343
vt 0.981213 0.320517
vt 0.981213 0.310169
vt 0.929116 0.069163
vt 0.900055 0.069163
vt 0.900696 0.063989
vt 0.437238 0.424161
vt 0.435084 0.424161
vt 0.435084 0.410787
vt 0.401737 0.830225
vt 0.308148 0.830225
vt 0.310356 0.818972
vt 0.187703 0.448545
vt 0.183477 0.448545
vt 0.183477 0.437291
vt 0.432200 0.628842
vt 0.338611 0.628842
vt 0.341233 0.617589
vt 0.680765 0.336514
vt 0.676538 0.336514
vt 0.676538 0.325103
vt 0.011698 0.295257
vt 0.007471 0.295257
vt 0.007471 0.250098
vt 0.429992 0.617589
vt 0.342803 0.611703
vt 0.022065 0.342996
vt 0.019912 0.342996
vt 0.012981 0.337138
vt 0.399114 0.818972
vt 0.317102 0.808914
vt 0.960825 0.473957
vt 0.956598 0.473957
vt 0.956598 0.468072
vt 0.423246 0.607532
vt 0.343602 0.608097
vt 0.681834 0.274056
vt 0.677821 0.274056
vt 0.688979 0.271385
vt 0.396746 0.809480
vt 0.397545 0.813086
vt 0.960825 0.468072
vt 0.956598 0.464465
vt 0.346344 0.604725
vt 0.011698 0.327193
vt 0.007471 0.327193
vt 0.348958 0.806107
vt 0.960825 0.464465
vt 0.956598 0.461093
vt 0.432200 0.634604
vt 0.229972 0.448545
vt 0.234199 0.448545
vt 0.234199 0.454306
vt 0.403370 0.835987
vt 0.458772 0.424161
vt 0.460925 0.424161
vt 0.460925 0.431802
vt 0.336977 0.634604
vt 0.426739 0.661320
vt 0.229972 0.454306
vt 0.234199 0.481022
vt 0.308148 0.835987
vt 0.407239 0.862702
vt 0.458772 0.431802
vt 0.460925 0.459800
vt 0.333109 0.661320
vt 0.419002 0.688697
vt 0.229972 0.481022
vt 0.234199 0.508399
vt 0.313609 0.862702
vt 0.412017 0.890080
vt 0.458772 0.459800
vt 0.460925 0.487850
vt 0.328330 0.688697
vt 0.408989 0.716204
vt 0.229972 0.508399
vt 0.234199 0.535906
vt 0.321346 0.890080
vt 0.417479 0.917586
vt 0.458772 0.487850
vt 0.460925 0.515795
vt 0.322869 0.716204
vt 0.406031 0.723742
vt 0.229972 0.535906
vt 0.234199 0.543445
vt 0.331358 0.917586
vt 0.420437 0.925125
vt 0.458772 0.515795
vt 0.460925 0.523750
vt 0.319911 0.723742
vt 0.403424 0.729231
vt 0.229972 0.543445
vt 0.234199 0.548933
vt 0.334317 0.925125
vt 0.425898 0.930614
vt 0.458772 0.523750
vt 0.460925 0.529451
vt 0.314449 0.729231
vt 0.400920 0.734786
vt 0.521946 0.075770
vt 0.517720 0.075770
vt 0.517720 0.068698
vt 0.336924 0.930614
vt 0.432952 0.936168
vt 0.458772 0.529451
vt 0.460925 0.534624
vt 0.307395 0.734786
vt 0.396725 0.746094
vt 0.578117 0.140744
vt 0.582344 0.140744
vt 0.582344 0.152052
vt 0.339427 0.936168
vt 0.437148 0.947477
vt 0.458772 0.534624
vt 0.460925 0.543527
vt 0.303200 0.746094
vt 0.395646 0.754162
vt 0.578117 0.152052
vt 0.582344 0.160120
vt 0.343622 0.947477
vt 0.438227 0.955544
vt 0.458772 0.543527
vt 0.460925 0.550222
vt 0.302121 0.754162
vt 0.395646 0.760642
vt 0.578117 0.160120
vt 0.582344 0.166600
vt 0.344701 0.955544
vt 0.438928 0.962025
vt 0.458772 0.550222
vt 0.460925 0.555405
vt 0.301420 0.760642
vt 0.398074 0.768247
vt 0.578117 0.166600
vt 0.582344 0.174205
vt 0.344701 0.962025
vt 0.438605 0.969630
vt 0.458772 0.555405
vt 0.460925 0.563004
vt 0.301743 0.768247
vt 0.398613 0.771355
vt 0.578117 0.174205
vt 0.582344 0.177313
vt 0.342274 0.969630
vt 0.438065 0.972738
vt 0.458772 0.563004
vt 0.460925 0.566754
vt 0.302283 0.771355
vt 0.385802 0.777968
vt 0.578117 0.177313
vt 0.582344 0.183926
vt 0.341734 0.972738
vt 0.434650 0.979351
vt 0.723034 0.275323
vt 0.727261 0.275323
vt 0.727261 0.288167
vt 0.305698 0.777968
vt 0.379965 0.781737
vt 0.680765 0.368473
vt 0.676538 0.368473
vt 0.676538 0.364070
vt 0.354546 0.979351
vt 0.430258 0.983120
vt 0.723034 0.288167
vt 0.727261 0.294019
vt 0.310090 0.781737
vt 0.371466 0.785837
vt 0.680765 0.364070
vt 0.676538 0.356896
vt 0.360383 0.983120
vt 0.423102 0.987220
vt 0.723034 0.294019
vt 0.727261 0.302539
vt 0.317246 0.785837
vt 0.360569 0.789011
vt 0.680765 0.356896
vt 0.676538 0.348091
vt 0.368882 0.987220
vt 0.414319 0.990394
vt 0.723034 0.302539
vt 0.727261 0.313464
vt 0.326029 0.789011
vt 0.348959 0.791127
vt 0.680765 0.348091
vt 0.379779 0.990394
vt 0.402771 0.992510
vt 0.723034 0.313464
vt 0.727261 0.325103
vt 0.436423 0.615420
vt 0.301420 0.829568
vt 0.433166 0.608740
vt 0.303924 0.816803
vt 0.053966 0.327193
vt 0.058193 0.327193
vt 0.052683 0.337138
vt 0.301420 0.836671
vt 0.438928 0.628185
vt 0.307068 0.864301
vt 0.438928 0.635288
vt 0.314940 0.892158
vt 0.433280 0.662918
vt 0.325067 0.919978
vt 0.425407 0.690775
vt 0.328141 0.927813
vt 0.415281 0.718595
vt 0.330821 0.933453
vt 0.412206 0.726430
vt 0.333201 0.938736
vt 0.409527 0.732070
vt 0.338234 0.948010
vt 0.407147 0.737353
vt 0.473366 0.542333
vt 0.473366 0.550401
vt 0.467856 0.550041
vt 0.957871 0.782763
vt 0.957871 0.774695
vt 0.963381 0.775228
vt 0.341366 0.960972
vt 0.957871 0.789243
vt 0.963381 0.782403
vt 0.341090 0.968796
vt 0.398982 0.759589
vt 0.340471 0.972362
vt 0.399258 0.767413
vt 0.680765 0.275323
vt 0.676538 0.275323
vt 0.428154 0.424425
vt 0.428154 0.411659
vt 0.467856 0.411659
vt 0.467856 0.424425
vt 0.428154 0.404980
vt 0.467856 0.404980
vt 0.460925 0.410787
vt 0.423926 0.567218
vt 0.423926 0.563653
vt 0.435084 0.563004
vt 0.467856 0.431527
vt 0.428154 0.431527
vt 0.467856 0.459158
vt 0.428154 0.459158
vt 0.435084 0.431802
vt 0.467856 0.487015
vt 0.428154 0.487015
vt 0.435084 0.459800
vt 0.467856 0.514834
vt 0.428154 0.514834
vt 0.435084 0.487850
vt 0.467856 0.522670
vt 0.428154 0.522670
vt 0.435084 0.515795
vt 0.467856 0.528309
vt 0.428154 0.528309
vt 0.435084 0.523750
vt 0.467856 0.533592
vt 0.428154 0.533592
vt 0.435084 0.529451
vt 0.467856 0.542867
vt 0.428154 0.542867
vt 0.435084 0.534624
vt 0.428154 0.550041
vt 0.435084 0.543527
vt 0.471381 0.555829
vt 0.424628 0.555829
vt 0.435084 0.550222
vt 0.472083 0.563653
vt 0.435084 0.555405
vt 0.472083 0.567218
vt 0.680765 0.325103
vt 0.680765 0.313464
vt 0.701899 0.313464
vt 0.723034 0.325103
vt 0.723034 0.336514
vt 0.701899 0.336514
vt 0.723034 0.348091
vt 0.701899 0.348091
vt 0.723034 0.356896
vt 0.701899 0.356896
vt 0.723034 0.364070
vt 0.701899 0.364070
vt 0.723034 0.368473
vt 0.701899 0.368473
vt 0.535849 0.183926
vt 0.535849 0.177313
vt 0.556983 0.177313
vt 0.535849 0.174205
vt 0.556983 0.174205
vt 0.535849 0.166600
vt 0.556983 0.166600
vt 0.535849 0.160120
vt 0.556983 0.160120
vt 0.535849 0.152052
vt 0.556983 0.152052
vt 0.535849 0.140744
vt 0.556983 0.140744
vt 0.564215 0.068698
vt 0.564215 0.075770
vt 0.543081 0.075770
vt 0.187703 0.548933
vt 0.187703 0.543445
vt 0.208838 0.543445
vt 0.187703 0.535906
vt 0.208838 0.535906
vt 0.187703 0.508399
vt 0.208838 0.508399
vt 0.187703 0.481022
vt 0.208838 0.481022
vt 0.448005 0.566754
vt 0.448005 0.563004
vt 0.448005 0.555405
vt 0.448005 0.550222
vt 0.448005 0.543527
vt 0.448005 0.534624
vt 0.725978 0.274056
vt 0.701899 0.302539
vt 0.701899 0.294019
vt 0.016289 0.337138
vt 0.032832 0.327193
vt 0.049375 0.337138
vt 0.043599 0.342996
vt 0.032832 0.342996
vt 0.458772 0.410787
vt 0.448005 0.424161
vt 0.437238 0.431802
vt 0.437238 0.459800
vt 0.448005 0.431802
vt 0.437238 0.487850
vt 0.448005 0.459800
vt 0.437238 0.515795
vt 0.448005 0.487850
vt 0.437238 0.523750
vt 0.448005 0.515795
vt 0.437238 0.529451
vt 0.448005 0.523750
vt 0.437238 0.534624
vt 0.448005 0.529451
vt 0.437238 0.543527
vt 0.437238 0.550222
vt 0.437238 0.555405
vt 0.437238 0.563004
vt 0.437238 0.566754
vt 0.712667 0.271385
vt 0.721965 0.274056
vt 0.701899 0.274056
vt 0.701899 0.275323
vt 0.680765 0.288167
vt 0.680765 0.294019
vt 0.701899 0.288167
vt 0.680765 0.302539
vt 0.676538 0.313464
vt 0.676538 0.302539
vt 0.676538 0.294019
vt 0.676538 0.288167
vt 0.701899 0.271385
vt 0.435084 0.566754
vt 0.448005 0.410787
vt 0.032832 0.337138
vt 0.234199 0.424427
vt 0.234199 0.427799
vt 0.229972 0.427799
vt 0.234199 0.431406
vt 0.229972 0.431406
vt 0.234199 0.437291
vt 0.229972 0.437291
vt 0.208838 0.548933
vt 0.543081 0.068698
vt 0.556983 0.183926
vt 0.701899 0.325103
vt 0.727261 0.336514
vt 0.727261 0.348091
vt 0.727261 0.356896
vt 0.727261 0.364070
vt 0.727261 0.368473
vt 0.531622 0.183926
vt 0.531622 0.177313
vt 0.531622 0.174205
vt 0.531622 0.166600
vt 0.531622 0.160120
vt 0.531622 0.152052
vt 0.531622 0.140744
vt 0.568442 0.068698
vt 0.568442 0.075770
vt 0.183477 0.548933
vt 0.183477 0.543445
vt 0.183477 0.535906
vt 0.183477 0.508399
vt 0.183477 0.481022
vt 0.183477 0.454306
vt 0.187703 0.454306
vt 0.714820 0.271385
vt 0.058193 0.250098
vt 0.058193 0.295257
vt 0.053966 0.295257
vt 0.045753 0.342996
vt 0.412444 0.100023
vt 0.384665 0.100023
vt 0.384665 0.089675
vt 0.983192 0.612262
vt 0.983192 0.637503
vt 0.982479 0.637503
vt 0.979036 0.809643
vt 0.978323 0.809643
vt 0.978323 0.781794
vt 0.411143 0.111501
vt 0.385966 0.111501
vt 0.981926 0.331995
vt 0.981213 0.331995
vt 0.275619 0.438750
vt 0.250442 0.438750
vt 0.249141 0.427272
vt 0.957311 0.404902
vt 0.956598 0.404902
vt 0.956598 0.393424
vt 0.448686 0.050537
vt 0.426314 0.050537
vt 0.426567 0.048900
vt 0.423392 0.026024
vt 0.423392 0.020850
vt 0.426010 0.022203
vt 0.904953 0.569434
vt 0.904953 0.597283
vt 0.902334 0.596189
vt 0.977330 0.909623
vt 0.977330 0.914798
vt 0.974712 0.913444
vt 0.959049 0.133581
vt 0.959049 0.161430
vt 0.956431 0.160336
vt 0.992529 0.089317
vt 0.992529 0.114558
vt 0.991945 0.114558
vt 0.731545 0.018301
vt 0.756721 0.018301
vt 0.756721 0.018892
vt 0.027105 0.011606
vt 0.027818 0.011606
vt 0.027550 0.012197
vt 0.411143 0.111682
vt 0.957450 0.405083
vt 0.960385 0.804223
vt 0.960385 0.829463
vt 0.960084 0.829463
vt 0.956866 0.446043
vt 0.956866 0.420803
vt 0.957415 0.420873
vt 0.026966 0.011787
vt 0.027001 0.012527
vt 0.960120 0.829533
vt 0.960120 0.804293
vt 0.956866 0.405493
vt 0.957716 0.405175
vt 0.957415 0.405823
vt 0.960711 0.405149
vt 0.957415 0.446113
vt 0.960410 0.420873
vt 0.026700 0.011879
vt 0.024006 0.012501
vt 0.963381 0.804223
vt 0.426010 0.029844
vt 0.423392 0.031198
vt 0.448432 0.052175
vt 0.426567 0.052175
vt 0.974712 0.905803
vt 0.977330 0.904449
vt 0.424756 0.050537
vt 0.425248 0.047356
vt 0.426010 0.026024
vt 0.427550 0.022843
vt 0.449752 0.047356
vt 0.450244 0.050537
vt 0.974712 0.909623
vt 0.973172 0.909623
vt 0.448432 0.048900
vt 0.956431 0.134675
vt 0.954891 0.159789
vt 0.425248 0.053718
vt 0.427550 0.026024
vt 0.449752 0.053718
vt 0.902334 0.570527
vt 0.900794 0.595641
vt 0.973172 0.912804
vt 0.051078 0.108700
vt 0.007471 0.108700
vt 0.007471 0.105832
vt 0.282982 0.992510
vt 0.007471 0.992510
vt 0.007471 0.989643
vt 0.771477 0.371098
vt 0.752745 0.371098
vt 0.752745 0.368230
vt 0.286478 0.770722
vt 0.010967 0.770722
vt 0.010967 0.767854
vt 0.631438 0.609534
vt 0.587831 0.609534
vt 0.587831 0.333328
vt 0.781060 0.350009
vt 0.742203 0.350009
vt 0.742203 0.271385
vt 0.286478 0.767854
vt 0.094841 0.759125
vt 0.051078 0.105832
vt 0.007471 0.097103
vt 0.282982 0.989643
vt 0.007471 0.980914
vt 0.656480 0.680405
vt 0.686446 0.680405
vt 0.686446 0.763385
vt 0.286478 0.759125
vt 0.107517 0.757406
vt 0.051078 0.097103
vt 0.007471 0.095384
vt 0.199108 0.980914
vt 0.008823 0.979195
vt 0.656480 0.763385
vt 0.686446 0.776001
vt 0.285126 0.757406
vt 0.117025 0.756017
vt 0.870021 0.156267
vt 0.826414 0.156267
vt 0.826414 0.154573
vt 0.186431 0.979195
vt 0.010512 0.977806
vt 0.656480 0.776001
vt 0.686446 0.785022
vt 0.283437 0.756017
vt 0.124741 0.753108
vt 0.870021 0.154573
vt 0.826414 0.146111
vt 0.176924 0.977806
vt 0.018952 0.976624
vt 0.656480 0.785022
vt 0.686446 0.791943
vt 0.274996 0.754835
vt 0.133052 0.748280
vt 0.870021 0.146111
vt 0.826414 0.132039
vt 0.169207 0.974896
vt 0.032989 0.972377
vt 0.656480 0.791943
vt 0.686446 0.799379
vt 0.252718 0.743113
vt 0.137947 0.743113
vt 0.138877 0.742130
vt 0.695264 0.992510
vt 0.651657 0.992510
vt 0.651657 0.991528
vt 0.156002 0.964901
vt 0.041230 0.964901
vt 0.041848 0.963919
vt 0.334488 0.205423
vt 0.304522 0.205423
vt 0.304522 0.204750
vt 0.252101 0.742130
vt 0.143515 0.734922
vt 0.695264 0.991528
vt 0.651657 0.984320
vt 0.155072 0.963919
vt 0.043476 0.956711
vt 0.334488 0.204750
vt 0.304522 0.198506
vt 0.260960 0.750589
vt 0.870021 0.132039
vt 0.826414 0.123777
vt 0.160897 0.970069
vt 0.334488 0.210114
vt 0.304522 0.210114
vt 0.250472 0.734922
vt 0.147037 0.721652
vt 0.695264 0.984320
vt 0.651657 0.971049
vt 0.150434 0.956711
vt 0.048585 0.943440
vt 0.334488 0.198506
vt 0.304522 0.186206
vt 0.245363 0.721652
vt 0.149599 0.702806
vt 0.695264 0.971049
vt 0.651657 0.952204
vt 0.146912 0.943440
vt 0.046024 0.924595
vt 0.334488 0.186206
vt 0.304522 0.167493
vt 0.247925 0.702806
vt 0.151200 0.694945
vt 0.695264 0.952204
vt 0.651657 0.944343
vt 0.144350 0.924595
vt 0.044423 0.916734
vt 0.334488 0.167493
vt 0.304522 0.158220
vt 0.249526 0.694945
vt 0.152930 0.693094
vt 0.695264 0.944343
vt 0.651657 0.942491
vt 0.142749 0.916734
vt 0.042693 0.914882
vt 0.334488 0.158220
vt 0.304522 0.155010
vt 0.251256 0.693094
vt 0.164465 0.685691
vt 0.695264 0.942491
vt 0.651657 0.935089
vt 0.141019 0.914882
vt 0.040037 0.907480
vt 0.242364 0.097234
vt 0.272330 0.097234
vt 0.272330 0.108487
vt 0.253911 0.685691
vt 0.168333 0.679964
vt 0.695264 0.935089
vt 0.651657 0.929362
vt 0.129484 0.907480
vt 0.036169 0.901752
vt 0.107924 0.342019
vt 0.077958 0.342019
vt 0.077958 0.337868
vt 0.257780 0.679964
vt 0.191222 0.563913
vt 0.695264 0.929362
vt 0.651657 0.815195
vt 0.125616 0.901752
vt 0.019552 0.787586
vt 0.107924 0.337868
vt 0.077958 0.227256
vt 0.286478 0.989643
vt 0.629543 0.613039
vt 0.007471 0.770722
vt 0.657352 0.679028
vt 0.742203 0.371098
vt 0.742203 0.368230
vt 0.746388 0.368230
vt 0.589725 0.613039
vt 0.625358 0.615419
vt 0.198265 0.354923
vt 0.198265 0.357791
vt 0.194080 0.357791
vt 0.685574 0.679028
vt 0.659209 0.677972
vt 0.746388 0.371098
vt 0.593911 0.615419
vt 0.619000 0.616940
vt 0.777835 0.368230
vt 0.777835 0.371098
vt 0.683717 0.677972
vt 0.663280 0.676998
vt 0.691269 0.679909
vt 0.691269 0.763544
vt 0.199490 0.977710
vt 0.651657 0.763544
vt 0.651657 0.679909
vt 0.011035 0.764630
vt 0.691269 0.776187
vt 0.186879 0.975999
vt 0.651657 0.776187
vt 0.094459 0.755921
vt 0.691269 0.785357
vt 0.177732 0.974663
vt 0.651657 0.785357
vt 0.107070 0.754211
vt 0.691269 0.792517
vt 0.170590 0.971970
vt 0.651657 0.792517
vt 0.116217 0.752875
vt 0.691269 0.800215
vt 0.162911 0.967510
vt 0.651657 0.800215
vt 0.123359 0.750182
vt 0.299699 0.206343
vt 0.299699 0.205580
vt 0.157613 0.961916
vt 0.339311 0.205580
vt 0.339311 0.206343
vt 0.135613 0.740891
vt 0.299699 0.199053
vt 0.153413 0.955389
vt 0.339311 0.199053
vt 0.136335 0.740128
vt 0.299699 0.211174
vt 0.158336 0.962679
vt 0.339311 0.211174
vt 0.131037 0.745722
vt 0.299699 0.186469
vt 0.150073 0.942805
vt 0.339311 0.186469
vt 0.140535 0.733601
vt 0.299699 0.167717
vt 0.147525 0.924054
vt 0.339311 0.167717
vt 0.143875 0.721017
vt 0.299699 0.158858
vt 0.145720 0.915194
vt 0.339311 0.158858
vt 0.146424 0.702265
vt 0.299699 0.156046
vt 0.143093 0.912382
vt 0.339311 0.156046
vt 0.148228 0.693406
vt 0.277152 0.098096
vt 0.277152 0.109439
vt 0.131777 0.905120
vt 0.237541 0.109439
vt 0.237541 0.098096
vt 0.150856 0.690594
vt 0.073135 0.342996
vt 0.073135 0.338384
vt 0.128662 0.900508
vt 0.112747 0.338384
vt 0.112747 0.342996
vt 0.162171 0.683332
vt 0.073135 0.224319
vt 0.102726 0.785702
vt 0.106130 0.786443
vt 0.112747 0.224319
vt 0.165287 0.678720
vt 0.107924 0.227256
vt 0.171296 0.259612
vt 0.127689 0.259612
vt 0.129687 0.256200
vt 0.653252 0.677125
vt 0.007471 0.767854
vt 0.008257 0.764613
vt 0.689673 0.677125
vt 0.282914 0.986419
vt 0.656755 0.675132
vt 0.194080 0.354923
vt 0.193064 0.351697
vt 0.686170 0.675132
vt 0.743901 0.364989
vt 0.662443 0.673772
vt 0.771477 0.368230
vt 0.771131 0.365004
vt 0.680482 0.673772
vt 0.747404 0.365004
vt 0.679646 0.676998
vt 0.753092 0.365004
vt 0.259071 0.082255
vt 0.237541 0.082255
vt 0.237541 0.077297
vt 0.942020 0.855107
vt 0.917820 0.852458
vt 0.922765 0.849061
vt 0.896835 0.856726
vt 0.875305 0.856726
vt 0.875305 0.852493
vt 0.944970 0.329346
vt 0.920770 0.331995
vt 0.923456 0.327763
vt 0.921585 0.108797
vt 0.900055 0.108797
vt 0.900055 0.089317
vt 0.940025 0.325949
vt 0.925238 0.322464
vt 0.259071 0.077297
vt 0.237541 0.072202
vt 0.939334 0.850874
vt 0.927847 0.844513
vt 0.896835 0.852493
vt 0.875305 0.847194
vt 0.198023 0.274311
vt 0.188317 0.275373
vt 0.188555 0.269467
vt 0.259071 0.072202
vt 0.237541 0.066437
vt 0.921482 0.827695
vt 0.911777 0.826633
vt 0.917527 0.821381
vt 0.896835 0.847194
vt 0.875305 0.841287
vt 0.192272 0.269060
vt 0.186465 0.262927
vt 0.553152 0.125764
vt 0.531622 0.125764
vt 0.531622 0.119307
vt 0.921245 0.821788
vt 0.920373 0.814924
vt 0.896835 0.841287
vt 0.875305 0.834748
vt 0.601848 0.183602
vt 0.598887 0.183926
vt 0.597699 0.178845
vt 0.553152 0.119307
vt 0.531622 0.114226
vt 0.282826 0.177332
vt 0.279865 0.177008
vt 0.281054 0.171926
vt 0.896835 0.834748
vt 0.875305 0.829666
vt 0.600659 0.178521
vt 0.597286 0.171811
vt 0.553152 0.114226
vt 0.531622 0.107193
vt 0.284015 0.172250
vt 0.281467 0.164893
vt 0.896835 0.829666
vt 0.875305 0.822633
vt 0.957852 0.189129
vt 0.954891 0.189453
vt 0.956358 0.181744
vt 0.553152 0.107193
vt 0.531622 0.099935
vt 0.284427 0.165217
vt 0.279985 0.157635
vt 0.896835 0.822633
vt 0.875305 0.814924
vt 0.959333 0.181871
vt 0.958705 0.176410
vt 0.553152 0.099935
vt 0.531622 0.095723
vt 0.421504 0.251083
vt 0.418529 0.251210
vt 0.416452 0.246998
vt 0.632069 0.099428
vt 0.610539 0.099428
vt 0.610539 0.094094
vt 0.685741 0.057346
vt 0.683036 0.056096
vt 0.688827 0.048976
vt 0.875416 0.365032
vt 0.853886 0.365032
vt 0.853886 0.360056
vt 0.419157 0.245749
vt 0.411489 0.240947
vt 0.632069 0.094094
vt 0.610539 0.086974
vt 0.690704 0.051294
vt 0.696082 0.044265
vt 0.875416 0.360056
vt 0.853886 0.353805
vt 0.413366 0.238629
vt 0.405254 0.236777
vt 0.853886 0.451013
vt 0.875416 0.451013
vt 0.875416 0.458287
vt 0.355110 0.165634
vt 0.354253 0.162774
vt 0.364579 0.159662
vt 0.875416 0.353805
vt 0.853886 0.343453
vt 0.406111 0.233918
vt 0.394928 0.233665
vt 0.853886 0.458287
vt 0.875416 0.468639
vt 0.365436 0.162522
vt 0.375668 0.157798
vt 0.875416 0.343453
vt 0.853886 0.332788
vt 0.395785 0.230806
vt 0.384290 0.231900
vt 0.853886 0.468639
vt 0.875416 0.479756
vt 0.376074 0.160756
vt 0.391409 0.155545
vt 0.875416 0.332788
vt 0.853886 0.317007
vt 0.384696 0.228942
vt 0.368548 0.229646
vt 0.853886 0.479756
vt 0.875416 0.495537
vt 0.391816 0.158503
vt 0.402473 0.155010
vt 0.875416 0.317007
vt 0.853886 0.306718
vt 0.368955 0.226688
vt 0.358285 0.229559
vt 0.853886 0.495537
vt 0.875416 0.506629
vt 0.402079 0.158416
vt 0.412470 0.156922
vt 0.875416 0.306718
vt 0.853886 0.297243
vt 0.357891 0.226154
vt 0.348834 0.231288
vt 0.853886 0.506629
vt 0.875416 0.516651
vt 0.411530 0.160145
vt 0.421903 0.162107
vt 0.191379 0.099964
vt 0.169850 0.099964
vt 0.169850 0.090947
vt 0.347894 0.228065
vt 0.339839 0.236986
vt 0.853886 0.516651
vt 0.875416 0.526108
vt 0.420525 0.165843
vt 0.430092 0.164291
vt 0.191379 0.090947
vt 0.169850 0.085752
vt 0.338461 0.233250
vt 0.334658 0.240547
vt 0.853886 0.526108
vt 0.875416 0.534317
vt 0.425706 0.169404
vt 0.433987 0.163686
vt 0.826763 0.060215
vt 0.848293 0.060215
vt 0.848293 0.065062
vt 0.330272 0.235435
vt 0.330623 0.245394
vt 0.853886 0.534317
vt 0.875416 0.538222
vt 0.429741 0.174251
vt 0.439502 0.161593
vt 0.826763 0.065062
vt 0.848293 0.071884
vt 0.326377 0.234829
vt 0.325522 0.252217
vt 0.853886 0.538222
vt 0.875416 0.543751
vt 0.935677 0.019557
vt 0.937091 0.019097
vt 0.937091 0.021508
vt 0.541556 0.031015
vt 0.541556 0.032432
vt 0.517720 0.032432
vt 0.619492 0.018088
vt 0.618078 0.020039
vt 0.618078 0.017628
vt 0.934804 0.020763
vt 0.920770 0.303726
vt 0.920770 0.302521
vt 0.944606 0.302521
vt 0.620365 0.019294
vt 0.934804 0.022253
vt 0.920770 0.305216
vt 0.944606 0.303726
vt 0.620365 0.020784
vt 0.935677 0.023458
vt 0.920770 0.306422
vt 0.944606 0.305216
vt 0.619492 0.021989
vt 0.937091 0.023919
vt 0.406223 0.044458
vt 0.406223 0.045875
vt 0.382387 0.045875
vt 0.618078 0.022449
vt 0.938504 0.023458
vt 0.406223 0.043041
vt 0.382387 0.044458
vt 0.616665 0.021989
vt 0.939378 0.022253
vt 0.406223 0.042165
vt 0.382387 0.043041
vt 0.615791 0.020784
vt 0.939378 0.020763
vt 0.466328 0.029708
vt 0.466328 0.031198
vt 0.442492 0.031198
vt 0.615791 0.019294
vt 0.938504 0.019557
vt 0.466328 0.028503
vt 0.442492 0.029708
vt 0.616665 0.018088
vt 0.541556 0.033849
vt 0.517720 0.033849
vt 0.127689 0.342996
vt 0.130064 0.261992
vt 0.171296 0.342996
vt 0.130064 0.340616
vt 0.168921 0.340616
vt 0.168921 0.261992
vt 0.453870 0.583975
vt 0.532296 0.582198
vt 0.572889 0.778088
vt 0.130064 0.299921
vt 0.494463 0.794844
vt 0.572889 0.796621
vt 0.532296 0.992510
vt 0.697230 0.387426
vt 0.736087 0.387426
vt 0.736087 0.583316
vt 0.437238 0.410787
vt 0.960825 0.485210
vt 0.011698 0.250098
vt 0.691132 0.271385
vt 0.391390 0.604725
vt 0.394003 0.806107
vt 0.960825 0.461093
vt 0.229972 0.548933
vt 0.521946 0.068698
vt 0.458772 0.566754
vt 0.578117 0.183926
vt 0.337576 0.791127
vt 0.391389 0.992510
vt 0.307182 0.810123
vt 0.402114 0.746627
vt 0.340280 0.955184
vt 0.400068 0.753802
vt 0.399877 0.770979
vt 0.229972 0.424427
vt 0.053966 0.250098
vt 0.412444 0.089675
vt 0.982479 0.612262
vt 0.979036 0.781794
vt 0.981926 0.320517
vt 0.276920 0.427272
vt 0.957311 0.393424
vt 0.991945 0.089317
vt 0.956598 0.446043
vt 0.385966 0.111682
vt 0.960084 0.804223
vt 0.960410 0.405797
vt 0.960410 0.446113
vt 0.023705 0.011853
vt 0.963381 0.829463
vt 0.973172 0.906442
vt 0.954891 0.135223
vt 0.427550 0.029205
vt 0.900794 0.571075
vt 0.631438 0.333328
vt 0.781060 0.271385
vt 0.051078 0.095384
vt 0.656480 0.799379
vt 0.870021 0.123777
vt 0.334488 0.155010
vt 0.242364 0.108487
vt 0.274396 0.565797
vt 0.695264 0.815195
vt 0.286478 0.992510
vt 0.600268 0.616940
vt 0.187818 0.564655
vt 0.169298 0.256200
vt 0.285691 0.986401
vt 0.196567 0.351682
vt 0.187376 0.351697
vt 0.921585 0.089317
vt 0.934943 0.321401
vt 0.937552 0.845575
vt 0.259071 0.066437
vt 0.189426 0.262603
vt 0.923334 0.815248
vt 0.958264 0.196162
vt 0.282961 0.157508
vt 0.632069 0.107137
vt 0.961410 0.177660
vt 0.553152 0.095723
vt 0.632069 0.086974
vt 0.696939 0.047124
vt 0.191379 0.109439
vt 0.191379 0.085752
vt 0.434842 0.181073
vt 0.826763 0.071884
vt 0.320862 0.232737
vt 0.853886 0.543751
vt 0.517720 0.031015
vt 0.944606 0.306422
vt 0.382387 0.042165
vt 0.442492 0.028503
vt 0.494463 0.779864
vt 0.168921 0.299921
vt 0.453870 0.990733
vt 0.697230 0.583316
vt 0.928475 0.074338
vt 0.900696 0.074338
vt 0.981926 0.310169
vt 0.928475 0.063989
s 1
usemtl Pistol
f 396/206/108 365/207/109 367/208/110
f 393/209/111 374/210/112 369/211/113
f 393/212/114 396/213/114 365/214/114
f 298/215/115 209/216/116 208/217/117
f 95/218/114 93/219/118 92/220/119
f 345/221/120 95/222/120 94/223/121
f 91/224/122 97/225/123 96/226/123
f 324/227/124 177/228/125 174/229/126
f 302/230/127 106/231/128 109/232/129
f 90/233/130 96/226/123 101/234/123
f 299/235/131 208/236/117 212/237/132
f 94/238/114 92/220/119 99/239/133
f 346/240/134 94/241/121 100/242/135
f 98/243/136 101/234/123 105/244/123
f 285/245/137 206/246/138 102/247/139
f 104/248/114 100/249/114 99/239/133
f 347/250/140 100/242/135 104/251/141
f 98/243/136 105/244/123 109/252/123
f 301/253/142 98/254/143 106/231/128
f 104/248/114 99/239/133 107/255/114
f 348/256/144 104/251/141 108/257/145
f 97/225/123 91/224/122 110/258/146
f 307/259/120 97/260/120 113/261/147
f 93/219/118 95/218/114 112/262/114
f 354/263/148 211/264/149 215/265/150
f 113/266/123 110/258/146 114/267/151
f 308/268/152 113/261/147 117/269/153
f 111/270/154 112/262/114 116/271/114
f 355/272/155 215/265/150 217/273/156
f 117/274/123 114/267/151 118/275/157
f 309/276/158 117/269/153 121/277/159
f 115/278/160 116/271/114 120/279/114
f 356/280/161 217/273/156 219/281/162
f 121/282/123 118/275/157 122/283/163
f 310/284/164 121/277/159 125/285/165
f 119/286/166 120/279/114 124/287/114
f 357/288/167 219/281/162 221/289/168
f 125/290/123 122/283/163 126/291/169
f 311/292/170 125/285/165 129/293/171
f 123/294/172 124/287/114 128/295/114
f 358/296/173 221/289/168 223/297/174
f 129/298/123 126/291/169 130/299/175
f 312/300/176 129/293/171 133/301/177
f 127/302/178 128/295/114 132/303/114
f 359/304/179 223/297/174 225/305/180
f 133/306/123 130/299/175 134/307/181
f 313/308/182 133/309/177 137/310/183
f 131/311/184 132/303/114 136/312/114
f 360/313/185 225/305/180 227/314/186
f 137/315/123 134/307/181 138/316/187
f 314/317/188 137/318/183 141/319/189
f 135/320/190 136/312/114 140/321/114
f 361/322/191 227/314/186 229/323/192
f 141/324/123 138/316/187 142/325/193
f 315/326/194 141/319/189 145/327/195
f 139/328/196 140/321/114 144/329/114
f 362/330/197 229/323/192 231/331/198
f 145/332/123 142/325/193 146/333/199
f 316/334/200 145/327/195 149/335/201
f 143/336/202 144/329/114 148/337/114
f 363/338/203 231/331/198 233/339/204
f 149/340/123 146/333/199 150/341/205
f 317/342/206 149/335/201 153/343/207
f 147/344/208 148/337/114 152/345/114
f 364/346/209 233/339/204 183/347/210
f 153/348/123 150/341/205 154/349/211
f 318/350/212 153/343/207 157/351/213
f 151/352/214 152/345/114 156/353/114
f 256/354/215 183/347/210 103/355/216
f 157/356/123 154/349/211 158/357/123
f 319/358/217 157/351/213 161/359/218
f 155/360/219 156/353/114 160/361/114
f 253/362/220 155/363/221 159/364/222
f 161/365/123 158/357/123 162/366/123
f 320/367/223 161/368/218 165/369/224
f 159/370/114 160/361/114 164/371/114
f 252/372/225 159/364/222 163/373/226
f 165/374/123 162/366/123 166/375/123
f 321/376/227 165/369/224 169/377/228
f 163/378/114 164/371/114 168/379/114
f 257/380/229 163/373/226 167/381/230
f 169/382/123 166/375/123 170/383/123
f 322/384/231 169/377/228 173/385/232
f 167/386/114 168/379/114 172/387/114
f 258/388/233 167/381/230 171/389/234
f 173/390/123 170/383/123 174/391/123
f 323/392/235 173/385/232 177/228/125
f 171/393/114 172/387/114 176/394/114
f 326/395/236 171/389/234 175/396/126
f 91/224/122 90/233/130 178/397/237
f 92/220/119 93/219/118 181/398/238
f 90/233/130 98/243/136 212/399/132
f 99/239/133 92/220/119 180/400/239
f 351/401/240 99/402/143 213/403/241
f 93/219/118 111/270/154 185/404/242
f 110/258/146 91/224/122 179/405/243
f 111/270/154 115/278/160 187/406/244
f 114/267/151 110/258/146 184/407/245
f 115/278/160 119/286/166 189/408/246
f 118/275/157 114/267/151 186/409/247
f 119/286/166 123/294/172 191/410/248
f 122/283/163 118/275/157 188/411/249
f 123/294/172 127/302/178 193/412/250
f 126/291/169 122/283/163 190/413/251
f 127/302/178 131/311/184 195/414/252
f 130/299/175 126/291/169 192/415/253
f 131/311/184 135/320/190 197/416/254
f 134/307/181 130/299/175 194/417/255
f 135/320/190 139/328/196 199/418/256
f 138/316/187 134/307/181 196/419/257
f 139/420/196 143/421/202 201/422/258
f 142/423/193 138/424/187 198/425/259
f 143/336/202 147/344/208 203/426/260
f 146/427/199 142/423/193 200/428/261
f 147/344/208 151/352/214 205/429/262
f 150/341/205 146/333/199 202/430/263
f 151/352/214 155/360/219 207/431/264
f 154/349/211 150/341/205 204/432/265
f 284/433/266 154/434/221 206/246/138
f 179/435/243 178/436/237 208/217/117
f 180/437/239 181/438/238 211/264/149
f 208/217/117 178/436/237 212/439/132
f 213/440/241 180/437/239 210/441/267
f 206/442/268 204/443/265 182/444/269
f 181/438/238 185/445/242 215/265/150
f 184/446/245 179/435/243 209/216/116
f 185/445/242 187/447/244 217/273/156
f 186/448/247 184/446/245 214/449/270
f 187/447/244 189/450/246 219/281/162
f 188/451/249 186/448/247 216/452/271
f 189/450/246 191/453/248 221/289/168
f 190/454/251 188/451/249 218/455/272
f 191/453/248 193/456/250 223/297/174
f 192/457/253 190/454/251 220/458/273
f 193/456/250 195/459/252 225/305/180
f 194/460/255 192/457/253 222/461/274
f 195/459/252 197/462/254 227/314/186
f 196/463/257 194/460/255 224/464/275
f 197/462/254 199/465/256 229/323/192
f 198/466/259 196/463/257 226/467/276
f 199/465/256 201/422/258 231/331/198
f 200/468/261 198/466/259 228/469/277
f 201/422/258 203/470/260 233/339/204
f 202/471/263 200/468/261 230/472/278
f 203/470/260 205/473/262 183/347/210
f 204/443/265 202/471/263 232/474/279
f 205/473/262 207/475/264 103/355/216
f 325/476/280 280/477/281 234/478/281
f 327/479/282 328/480/283 236/481/283
f 328/480/283 329/482/284 237/483/284
f 329/482/284 330/484/285 238/485/285
f 330/484/285 331/486/286 239/487/286
f 331/486/286 332/488/287 240/489/287
f 332/490/287 333/491/288 241/492/288
f 333/491/288 334/493/289 242/494/289
f 334/493/289 335/495/290 243/496/290
f 335/495/290 336/497/291 244/498/291
f 336/497/291 337/499/292 245/500/292
f 337/499/292 338/501/293 246/502/293
f 338/503/293 339/504/294 247/505/294
f 339/506/294 340/507/295 248/508/295
f 340/507/295 341/509/296 249/510/296
f 341/509/296 342/511/297 250/512/297
f 342/511/297 343/513/298 251/514/299
f 274/515/300 273/516/301 256/354/215
f 273/516/301 272/517/302 364/346/209
f 272/517/302 271/518/303 363/338/203
f 271/518/303 270/519/304 362/330/197
f 270/519/304 269/520/305 361/322/191
f 207/521/138 155/363/221 253/362/220
f 234/478/281 279/522/306 258/388/233
f 279/522/306 278/523/307 257/380/229
f 300/524/308 301/253/142 259/525/309
f 352/526/310 353/527/311 261/528/312
f 353/529/311 354/263/148 262/530/313
f 297/531/314 298/215/115 262/530/313
f 296/532/315 297/531/314 263/533/314
f 295/534/316 296/532/315 264/535/315
f 294/536/317 295/534/316 265/537/316
f 293/538/318 294/536/317 266/539/317
f 292/540/319 293/538/318 267/541/318
f 291/542/305 292/540/319 268/543/319
f 290/544/304 291/542/305 269/520/305
f 289/545/303 290/544/304 270/519/304
f 288/546/302 289/545/303 271/518/303
f 287/547/301 288/546/302 272/517/302
f 286/548/300 287/547/301 273/516/301
f 255/549/139 254/550/320 275/551/320
f 254/550/320 253/362/220 276/552/221
f 283/553/321 284/433/266 276/552/221
f 282/554/307 283/553/321 277/555/321
f 281/556/306 282/554/307 278/523/307
f 280/477/281 281/556/306 279/522/306
f 170/557/234 166/558/230 281/556/306
f 166/558/230 162/559/226 282/554/307
f 162/559/226 158/560/222 283/553/321
f 158/560/222 154/434/221 284/433/266
f 275/551/320 276/552/221 284/433/266
f 274/561/139 275/551/320 285/245/137
f 102/562/322 182/444/269 287/547/301
f 182/444/269 232/474/279 288/546/302
f 232/474/279 230/472/278 289/545/303
f 230/472/278 228/469/277 290/544/304
f 228/469/277 226/467/276 291/542/305
f 226/467/276 224/464/275 292/540/319
f 224/464/275 222/461/274 293/538/318
f 222/461/274 220/458/273 294/536/317
f 220/458/273 218/455/272 295/534/316
f 218/455/272 216/452/271 296/532/315
f 216/452/271 214/449/270 297/531/314
f 214/449/270 209/216/116 298/215/115
f 261/563/312 262/530/313 298/215/115
f 260/564/323 261/528/312 299/235/131
f 212/237/132 98/254/143 301/253/142
f 278/523/307 277/555/321 252/372/225
f 277/555/321 276/552/221 253/362/220
f 109/565/145 105/566/141 304/567/144
f 105/566/141 101/568/324 305/569/140
f 101/568/324 96/570/121 306/571/325
f 96/570/121 97/260/120 307/259/120
f 269/520/305 268/543/319 360/313/185
f 268/543/319 267/541/318 359/304/179
f 250/512/297 251/514/299 309/276/158
f 249/510/296 250/512/297 310/284/164
f 248/508/295 249/510/296 311/292/170
f 247/572/294 248/508/295 312/300/176
f 246/573/293 247/505/294 313/308/182
f 245/500/292 246/502/293 314/317/188
f 244/498/291 245/500/292 315/326/194
f 243/496/290 244/498/291 316/334/200
f 242/494/289 243/496/290 317/342/206
f 241/492/288 242/494/289 318/350/212
f 240/574/287 241/492/288 319/358/217
f 239/487/286 240/489/287 320/367/223
f 238/485/285 239/487/286 321/376/227
f 237/483/284 238/485/285 322/384/231
f 236/481/283 237/483/284 323/392/235
f 235/575/126 236/481/283 324/227/124
f 174/229/126 170/557/234 280/477/281
f 235/575/126 234/478/281 326/395/236
f 175/396/126 176/576/125 328/480/283
f 176/576/125 172/577/232 329/482/284
f 172/577/232 168/578/228 330/484/285
f 168/578/228 164/579/224 331/486/286
f 164/579/224 160/580/218 332/488/287
f 160/581/218 156/582/213 333/491/288
f 156/582/213 152/583/207 334/493/289
f 152/583/207 148/584/201 335/495/290
f 148/584/201 144/585/195 336/497/291
f 144/585/195 140/586/189 337/499/292
f 140/586/189 136/587/183 338/501/293
f 136/588/183 132/589/177 339/504/294
f 132/590/177 128/591/171 340/507/295
f 128/591/171 124/592/165 341/509/296
f 124/592/165 120/593/159 342/511/297
f 120/593/159 116/594/153 343/513/298
f 116/594/153 112/595/147 344/596/152
f 112/595/147 95/222/120 345/221/120
f 267/541/318 266/539/317 358/296/173
f 266/539/317 265/537/316 357/288/167
f 265/537/316 264/535/315 356/280/161
f 103/597/139 207/521/138 254/550/320
f 108/598/129 107/599/128 350/600/127
f 107/599/128 99/402/143 351/401/240
f 260/564/323 259/525/309 351/401/240
f 213/403/241 210/601/267 353/527/311
f 210/441/267 211/264/149 354/263/148
f 263/533/314 262/530/313 354/263/148
f 264/535/315 263/533/314 355/272/155
f 374/602/112 373/603/326 367/604/110
f 370/605/129 368/606/129 366/607/129
f 367/608/129 365/609/129 371/610/327
f 370/611/328 368/612/329 373/603/326
f 372/613/330 370/614/330 374/210/112
f 366/615/123 372/616/123 375/617/123
f 368/618/331 366/619/332 376/620/333
f 402/621/334 401/622/335 398/623/336
f 393/624/337 371/625/338 378/626/339
f 376/627/340 375/628/340 379/629/341
f 396/630/342 376/631/343 380/632/344
f 371/633/345 365/634/346 377/635/347
f 383/636/348 382/637/348 381/638/348
f 372/639/349 366/640/349 381/641/349
f 370/642/350 372/643/350 384/644/350
f 368/612/351 370/611/328 383/645/352
f 366/619/332 368/618/331 382/646/353
f 387/647/354 386/648/354 385/649/354
f 384/650/355 381/651/356 385/652/356
f 383/653/357 384/644/358 388/654/359
f 382/655/360 383/656/361 387/647/362
f 381/657/363 382/646/364 386/658/363
f 385/659/365 386/658/363 390/660/366
f 388/661/367 385/652/368 389/662/368
f 387/663/369 388/654/350 392/664/350
f 386/648/370 387/647/362 391/665/371
f 379/666/372 375/667/373 393/624/337
f 400/668/374 399/669/375 401/622/335
f 377/670/376 365/671/109 396/630/342
f 404/672/377 403/673/378 398/623/336
f 394/674/379 378/626/339 403/675/378
f 406/676/380 405/677/381 402/621/334
f 377/670/376 395/678/382 405/679/381
f 403/673/383 406/676/384 397/680/385
f 378/681/386 377/635/347 406/682/384
f 407/683/387 404/672/377 401/622/335
f 379/666/372 394/674/379 404/684/377
f 408/685/388 407/683/389 399/669/375
f 380/686/390 379/629/341 407/687/389
f 405/677/381 408/685/391 400/668/374
f 395/678/382 380/632/344 408/688/391
f 412/689/366 410/690/366 409/691/366
f 414/692/392 412/693/114 411/694/114
f 488/695/393 486/696/394 485/697/395
f 410/698/123 416/699/396 415/700/397
f 414/701/398 416/702/398 410/703/398
f 672/704/399 671/705/399 674/706/399
f 409/707/123 415/700/397 420/708/400
f 411/709/366 409/691/366 417/710/401
f 413/711/402 411/694/114 418/712/114
f 490/713/403 489/714/404 491/715/405
f 417/716/123 420/708/400 424/717/406
f 418/718/407 417/710/401 421/719/408
f 419/720/409 418/712/114 422/721/114
f 492/722/410 491/715/405 493/723/411
f 421/724/123 424/717/406 428/725/412
f 422/726/413 421/727/408 425/728/414
f 423/729/415 422/721/114 426/730/114
f 494/731/416 493/723/411 495/732/417
f 425/733/123 428/725/412 432/734/418
f 426/735/419 425/728/414 429/736/420
f 427/737/421 426/730/114 430/738/114
f 496/739/422 495/732/417 497/740/423
f 429/741/123 432/734/418 436/742/424
f 430/743/425 429/736/420 433/744/426
f 431/745/427 430/738/114 434/746/114
f 498/747/428 497/740/423 499/748/429
f 446/749/123 445/750/430 440/751/431
f 447/752/432 446/753/433 437/754/434
f 448/755/435 447/756/114 438/757/114
f 505/758/436 506/759/437 501/760/438
f 437/761/123 440/751/431 444/762/439
f 438/763/440 437/754/434 441/764/441
f 439/765/442 438/757/114 442/766/114
f 502/767/443 501/760/438 503/768/444
f 433/769/123 436/742/424 445/750/430
f 434/770/445 433/744/426 446/771/433
f 435/772/446 434/746/114 447/756/114
f 500/773/447 499/774/429 506/759/437
f 441/775/123 444/762/439 452/776/448
f 442/777/449 441/764/441 449/778/450
f 443/779/451 442/766/114 450/780/114
f 504/781/452 503/768/444 507/782/453
f 449/783/123 452/776/448 456/784/454
f 450/785/455 449/778/450 453/786/456
f 451/787/457 450/780/114 454/788/114
f 508/789/458 507/782/453 509/790/459
f 453/791/123 456/784/454 460/792/460
f 454/793/461 453/786/456 457/794/462
f 455/795/463 454/788/114 458/796/114
f 510/797/464 509/790/459 511/798/465
f 457/799/123 460/792/460 464/800/466
f 458/801/467 457/794/462 461/802/468
f 459/803/469 458/796/114 462/804/114
f 512/805/470 511/798/465 513/806/471
f 461/807/123 464/800/466 468/808/472
f 462/809/473 461/802/468 465/810/474
f 463/811/475 462/804/114 466/812/114
f 514/813/476 513/814/471 515/815/477
f 465/816/123 468/808/472 472/817/478
f 466/818/479 465/810/474 469/819/480
f 467/820/481 466/812/114 470/821/114
f 516/822/482 515/823/477 517/824/483
f 469/825/123 472/817/478 476/826/484
f 470/827/485 469/819/480 473/828/486
f 471/829/487 470/821/114 474/830/114
f 518/831/488 517/824/483 519/832/489
f 414/692/392 413/711/402 477/833/490
f 416/702/398 414/701/398 478/834/398
f 415/700/397 416/699/396 480/835/491
f 489/714/404 490/713/403 522/836/492
f 478/837/493 477/838/490 481/839/494
f 480/840/398 478/834/398 482/841/398
f 479/842/495 480/843/491 484/844/496
f 521/845/497 522/836/492 524/846/498
f 482/847/499 481/839/494 485/697/395
f 484/848/398 482/841/398 486/849/398
f 483/850/500 484/851/496 488/695/393
f 523/852/501 524/846/498 526/853/502
f 528/854/503 527/855/504 491/715/405
f 413/711/402 419/720/409 527/856/504
f 530/857/505 529/858/506 490/713/403
f 420/708/400 415/700/397 529/859/506
f 527/855/504 531/860/507 493/723/411
f 419/720/409 423/729/415 531/861/507
f 532/862/508 530/857/505 492/722/410
f 424/717/406 420/708/400 530/863/505
f 531/860/507 533/864/509 495/732/417
f 423/729/415 427/737/421 533/865/509
f 534/866/510 532/862/508 494/731/416
f 428/725/412 424/717/406 532/867/508
f 533/864/509 535/868/511 497/740/423
f 427/737/421 431/745/427 535/869/511
f 536/870/512 534/866/510 496/739/422
f 432/734/418 428/725/412 534/871/510
f 535/868/511 537/872/513 499/748/429
f 431/745/427 435/772/446 537/873/513
f 538/874/514 536/870/512 498/747/428
f 436/742/424 432/734/418 536/875/512
f 540/876/515 539/877/516 501/760/438
f 448/755/435 439/765/442 539/878/516
f 542/879/517 541/880/518 505/758/436
f 440/751/431 445/750/430 541/881/518
f 539/877/516 543/882/519 503/768/444
f 439/765/442 443/779/451 543/883/519
f 544/884/520 542/879/517 502/767/443
f 444/762/439 440/751/431 542/885/517
f 537/886/513 540/876/515 506/759/437
f 435/772/446 448/755/435 540/887/515
f 541/880/518 538/888/514 500/773/447
f 445/750/430 436/742/424 538/889/514
f 543/882/519 545/890/521 507/782/453
f 443/779/451 451/787/457 545/891/521
f 546/892/522 544/884/520 504/781/452
f 452/776/448 444/762/439 544/893/520
f 545/890/521 547/894/523 509/790/459
f 451/787/457 455/795/463 547/895/523
f 548/896/524 546/892/522 508/789/458
f 456/784/454 452/776/448 546/897/522
f 547/894/523 549/898/525 511/798/465
f 455/795/463 459/803/469 549/899/525
f 550/900/526 548/896/524 510/797/464
f 460/792/460 456/784/454 548/901/524
f 549/898/525 551/902/527 513/806/471
f 459/803/469 463/811/475 551/903/527
f 552/904/528 550/900/526 512/805/470
f 464/800/466 460/792/460 550/905/526
f 551/906/527 553/907/529 515/815/477
f 463/811/475 467/820/481 553/908/529
f 554/909/530 552/910/528 514/813/476
f 468/808/472 464/800/466 552/911/528
f 553/912/529 555/913/531 517/824/483
f 467/820/481 471/829/487 555/914/531
f 556/915/532 554/916/530 516/822/482
f 472/817/478 468/808/472 554/917/530
f 555/913/531 557/918/533 519/832/489
f 471/829/487 475/919/534 557/920/533
f 558/921/535 556/915/532 518/831/488
f 476/826/484 472/817/478 556/922/532
f 557/918/536 558/921/537 520/923/538
f 475/924/539 476/925/540 558/926/537
f 529/858/506 559/927/541 522/836/492
f 415/700/397 479/928/495 559/929/541
f 560/930/542 528/854/503 489/714/404
f 477/833/490 413/711/402 528/931/503
f 559/927/541 561/932/543 524/846/498
f 479/842/495 483/933/500 561/934/543
f 562/935/544 560/930/542 521/845/497
f 481/839/494 477/838/490 560/936/542
f 561/932/543 563/937/545 526/853/502
f 483/850/500 487/938/546 563/939/545
f 564/940/547 562/935/544 523/852/501
f 485/697/395 481/839/494 562/941/544
f 563/937/545 564/940/547 525/942/548
f 487/938/546 485/697/395 564/943/547
f 568/944/549 566/945/549 565/946/550
f 570/947/114 568/948/114 567/949/114
f 572/950/551 570/951/551 569/952/552
f 566/953/123 572/954/123 571/955/123
f 642/956/553 641/957/553 644/958/553
f 565/959/123 571/955/123 576/960/123
f 567/961/554 565/946/550 573/962/555
f 569/963/114 567/949/114 574/964/114
f 571/965/556 569/952/552 575/966/557
f 573/967/123 576/968/123 580/969/123
f 574/970/558 573/962/555 577/971/559
f 575/972/114 574/973/114 578/974/114
f 576/975/560 575/966/557 579/976/561
f 577/977/123 580/969/123 584/978/123
f 578/979/562 577/980/559 581/981/563
f 579/982/114 578/974/114 582/983/114
f 580/984/564 579/976/561 583/985/565
f 581/986/123 584/987/123 588/988/123
f 582/989/566 581/981/563 585/990/567
f 583/991/114 582/992/114 586/993/114
f 584/994/568 583/985/565 587/995/569
f 585/996/123 588/988/123 592/997/123
f 586/998/570 585/990/567 589/999/571
f 587/1000/114 586/993/114 590/1001/114
f 588/1002/572 587/995/569 591/1003/573
f 589/1004/123 592/1005/123 596/1006/123
f 590/1007/574 589/999/571 593/1008/575
f 591/1009/114 590/1001/114 594/1010/114
f 592/1011/576 591/1003/573 595/1012/577
f 593/1013/123 596/1006/123 600/1014/123
f 594/1015/578 593/1008/575 597/1016/579
f 595/1017/114 594/1018/114 598/1019/114
f 596/1020/580 595/1021/577 599/1022/581
f 597/1023/123 600/1024/123 604/1025/123
f 598/1026/582 597/1027/579 601/1028/583
f 599/1029/114 598/1019/114 602/1030/114
f 600/1031/584 599/1022/581 603/1032/585
f 601/1033/123 604/1025/123 608/1034/123
f 602/1035/586 601/1028/583 605/1036/229
f 603/1037/114 602/1030/114 606/1038/114
f 604/1039/587 603/1040/585 607/1041/588
f 605/1042/123 608/1043/123 612/1044/123
f 606/1045/589 605/1036/229 609/1046/590
f 607/1047/114 606/1038/114 610/1048/114
f 608/1049/591 607/1041/588 611/1050/592
f 609/1051/123 612/1044/123 616/1052/123
f 610/1053/593 609/1046/590 613/1054/594
f 611/1055/114 610/1048/114 614/1056/114
f 612/1057/595 611/1050/592 615/1058/596
f 613/1059/123 616/1052/123 620/1060/123
f 614/1061/597 613/1054/594 617/1062/598
f 615/1063/114 614/1056/114 618/1064/114
f 616/1065/599 615/1058/596 619/1066/600
f 617/1067/123 620/1060/123 624/1068/123
f 618/1069/601 617/1062/598 621/1070/602
f 619/1071/114 618/1064/114 622/1072/114
f 620/1073/603 619/1066/600 623/1074/604
f 621/1075/123 624/1068/123 628/1076/123
f 622/1077/605 621/1070/602 625/1078/606
f 623/1079/114 622/1072/114 626/1080/114
f 624/1081/607 623/1074/604 627/1082/608
f 625/1083/123 628/1076/123 632/1084/123
f 626/1085/609 625/1086/606 629/1087/610
f 627/1088/114 626/1080/114 630/1089/114
f 628/1090/611 627/1082/608 631/1091/612
f 629/1092/123 632/1084/123 636/1093/123
f 630/1094/613 629/1087/610 633/1095/614
f 631/1096/114 630/1089/114 634/1097/114
f 632/1098/615 631/1091/612 635/1099/616
f 633/1100/123 636/1093/123 640/1101/123
f 634/1102/617 633/1103/614 637/1104/618
f 635/1105/114 634/1097/114 638/1106/114
f 636/1107/619 635/1099/616 639/1108/620
f 637/1109/123 640/1101/123 644/1110/123
f 638/1111/621 637/1104/618 641/1112/622
f 639/1113/114 638/1106/114 642/1114/114
f 640/1115/623 639/1108/620 643/1116/624
f 649/1117/123 647/1118/123 645/1119/123
f 650/1120/625 648/1121/626 647/1122/627
f 650/1123/114 646/1124/114 648/1125/114
f 651/1126/123 649/1117/123 645/1119/123
f 652/1127/628 650/1128/625 649/1129/629
f 652/1130/114 646/1124/114 650/1123/114
f 653/1131/123 651/1126/123 645/1119/123
f 654/1132/630 652/1127/628 651/1133/631
f 654/1134/114 646/1124/114 652/1130/114
f 655/1135/123 653/1131/123 645/1119/123
f 656/1136/632 654/1132/630 653/1137/633
f 656/1138/114 646/1124/114 654/1134/114
f 657/1139/123 655/1135/123 645/1119/123
f 658/1140/634 656/1141/632 655/1142/635
f 658/1143/114 646/1124/114 656/1138/114
f 659/1144/123 657/1139/123 645/1119/123
f 660/1145/636 658/1140/634 657/1146/280
f 660/1147/114 646/1124/114 658/1143/114
f 661/1148/123 659/1144/123 645/1119/123
f 662/1149/637 660/1145/636 659/1150/638
f 662/1151/114 646/1124/114 660/1147/114
f 663/1152/123 661/1148/123 645/1119/123
f 664/1153/639 662/1154/637 661/1155/640
f 664/1156/114 646/1124/114 662/1151/114
f 665/1157/123 663/1152/123 645/1119/123
f 666/1158/641 664/1153/639 663/1159/642
f 666/1160/114 646/1124/114 664/1156/114
f 647/1118/123 665/1157/123 645/1119/123
f 648/1121/626 666/1161/641 665/1162/643
f 648/1125/114 646/1124/114 666/1160/114
f 473/1163/399 476/925/540 670/1164/399
f 474/1165/399 473/1163/399 667/1166/399
f 475/924/539 474/1165/399 668/1167/399
f 476/925/540 475/924/539 669/1168/399
f 667/1169/114 670/1170/114 674/1171/114
f 668/1167/644 667/1166/644 671/1172/644
f 669/1173/123 668/1174/123 672/1175/123
f 670/1176/645 669/1177/645 673/1178/645
f 299/1179/131 298/215/115 208/217/117
f 94/238/114 95/218/114 92/220/119
f 346/240/134 345/1180/120 94/241/121
f 90/233/130 91/224/122 96/226/123
f 325/476/280 324/227/124 174/229/126
f 303/1181/129 302/230/127 109/232/129
f 98/243/136 90/233/130 101/234/123
f 300/524/308 299/235/131 212/237/132
f 100/249/114 94/238/114 99/239/133
f 347/250/140 346/240/134 100/242/135
f 286/1182/139 285/245/137 102/247/139
f 348/256/144 347/250/140 104/251/141
f 106/1183/123 98/243/136 109/252/123
f 302/230/127 301/253/142 106/231/128
f 108/1184/114 104/248/114 107/255/114
f 349/1185/145 348/256/144 108/257/145
f 113/266/123 97/225/123 110/258/146
f 308/268/152 307/259/120 113/261/147
f 111/270/154 93/219/118 112/262/114
f 355/272/155 354/263/148 215/265/150
f 117/274/123 113/266/123 114/267/151
f 309/276/158 308/268/152 117/269/153
f 115/278/160 111/270/154 116/271/114
f 356/280/161 355/272/155 217/273/156
f 121/282/123 117/274/123 118/275/157
f 310/284/164 309/276/158 121/277/159
f 119/286/166 115/278/160 120/279/114
f 357/288/167 356/280/161 219/281/162
f 125/290/123 121/282/123 122/283/163
f 311/292/170 310/284/164 125/285/165
f 123/294/172 119/286/166 124/287/114
f 358/296/173 357/288/167 221/289/168
f 129/298/123 125/290/123 126/291/169
f 312/300/176 311/292/170 129/293/171
f 127/302/178 123/294/172 128/295/114
f 359/304/179 358/296/173 223/297/174
f 133/306/123 129/298/123 130/299/175
f 313/1186/182 312/300/176 133/301/177
f 131/311/184 127/302/178 132/303/114
f 360/313/185 359/304/179 225/305/180
f 137/315/123 133/306/123 134/307/181
f 314/1187/188 313/308/182 137/310/183
f 135/320/190 131/311/184 136/312/114
f 361/322/191 360/313/185 227/314/186
f 141/324/123 137/315/123 138/316/187
f 315/326/194 314/317/188 141/319/189
f 139/328/196 135/320/190 140/321/114
f 362/330/197 361/322/191 229/323/192
f 145/332/123 141/324/123 142/325/193
f 316/334/200 315/326/194 145/327/195
f 143/336/202 139/328/196 144/329/114
f 363/338/203 362/330/197 231/331/198
f 149/340/123 145/332/123 146/333/199
f 317/342/206 316/334/200 149/335/201
f 147/344/208 143/336/202 148/337/114
f 364/346/209 363/338/203 233/339/204
f 153/348/123 149/340/123 150/341/205
f 318/350/212 317/342/206 153/343/207
f 151/352/214 147/344/208 152/345/114
f 256/354/215 364/346/209 183/347/210
f 157/356/123 153/348/123 154/349/211
f 319/358/217 318/350/212 157/351/213
f 155/360/219 151/352/214 156/353/114
f 255/1188/300 256/354/215 103/355/216
f 161/365/123 157/356/123 158/357/123
f 320/1189/223 319/358/217 161/359/218
f 159/370/114 155/360/219 160/361/114
f 252/372/225 253/362/220 159/364/222
f 165/374/123 161/365/123 162/366/123
f 321/376/227 320/367/223 165/369/224
f 163/378/114 159/370/114 164/371/114
f 257/380/229 252/372/225 163/373/226
f 169/382/123 165/374/123 166/375/123
f 322/384/231 321/376/227 169/377/228
f 167/386/114 163/378/114 168/379/114
f 258/388/233 257/380/229 167/381/230
f 173/390/123 169/382/123 170/383/123
f 323/392/235 322/384/231 173/385/232
f 171/393/114 167/386/114 172/387/114
f 326/395/236 258/388/233 171/389/234
f 177/1190/123 173/390/123 174/391/123
f 324/227/124 323/392/235 177/228/125
f 175/1191/114 171/393/114 176/394/114
f 327/479/282 326/395/236 175/396/126
f 179/405/243 91/224/122 178/397/237
f 180/400/239 92/220/119 181/398/238
f 178/397/237 90/233/130 212/399/132
f 213/1192/241 99/239/133 180/400/239
f 352/526/310 351/401/240 213/403/241
f 181/398/238 93/219/118 185/404/242
f 184/407/245 110/258/146 179/405/243
f 185/404/242 111/270/154 187/406/244
f 186/409/247 114/267/151 184/407/245
f 187/406/244 115/278/160 189/408/246
f 188/411/249 118/275/157 186/409/247
f 189/408/246 119/286/166 191/410/248
f 190/413/251 122/283/163 188/411/249
f 191/410/248 123/294/172 193/412/250
f 192/415/253 126/291/169 190/413/251
f 193/412/250 127/302/178 195/414/252
f 194/417/255 130/299/175 192/415/253
f 195/414/252 131/311/184 197/416/254
f 196/419/257 134/307/181 194/417/255
f 197/416/254 135/320/190 199/418/256
f 198/1193/259 138/316/187 196/419/257
f 199/418/256 139/328/196 201/1194/258
f 200/428/261 142/423/193 198/425/259
f 201/422/258 143/421/202 203/470/260
f 202/430/263 146/333/199 200/1195/261
f 203/426/260 147/344/208 205/429/262
f 204/432/265 150/341/205 202/430/263
f 205/429/262 151/352/214 207/431/264
f 206/1196/268 154/349/211 204/432/265
f 285/245/137 284/433/266 206/246/138
f 209/216/116 179/435/243 208/217/117
f 210/441/267 180/437/239 211/264/149
f 102/562/322 206/442/268 182/444/269
f 211/264/149 181/438/238 215/265/150
f 214/449/270 184/446/245 209/216/116
f 215/265/150 185/445/242 217/273/156
f 216/452/271 186/448/247 214/449/270
f 217/273/156 187/447/244 219/281/162
f 218/455/272 188/451/249 216/452/271
f 219/281/162 189/450/246 221/289/168
f 220/458/273 190/454/251 218/455/272
f 221/289/168 191/453/248 223/297/174
f 222/461/274 192/457/253 220/458/273
f 223/297/174 193/456/250 225/305/180
f 224/464/275 194/460/255 222/461/274
f 225/305/180 195/459/252 227/314/186
f 226/467/276 196/463/257 224/464/275
f 227/314/186 197/462/254 229/323/192
f 228/469/277 198/466/259 226/467/276
f 229/323/192 199/465/256 231/331/198
f 230/472/278 200/468/261 228/469/277
f 231/331/198 201/422/258 233/339/204
f 232/474/279 202/471/263 230/472/278
f 233/339/204 203/470/260 183/347/210
f 182/444/269 204/443/265 232/474/279
f 183/347/210 205/473/262 103/355/216
f 235/575/126 325/476/280 234/478/281
f 235/575/126 327/479/282 236/481/283
f 236/481/283 328/480/283 237/483/284
f 237/483/284 329/482/284 238/485/285
f 238/485/285 330/484/285 239/487/286
f 239/487/286 331/486/286 240/489/287
f 240/574/287 332/490/287 241/492/288
f 241/492/288 333/491/288 242/494/289
f 242/494/289 334/493/289 243/496/290
f 243/496/290 335/495/290 244/498/291
f 244/498/291 336/497/291 245/500/292
f 245/500/292 337/499/292 246/502/293
f 246/573/293 338/503/293 247/505/294
f 247/572/294 339/506/294 248/508/295
f 248/508/295 340/507/295 249/510/296
f 249/510/296 341/509/296 250/512/297
f 250/512/297 342/511/297 251/514/299
f 255/1188/300 274/515/300 256/354/215
f 256/354/215 273/516/301 364/346/209
f 364/346/209 272/517/302 363/338/203
f 363/338/203 271/518/303 362/330/197
f 362/330/197 270/519/304 361/322/191
f 254/550/320 207/521/138 253/362/220
f 326/395/236 234/478/281 258/388/233
f 258/388/233 279/522/306 257/380/229
f 260/564/323 300/524/308 259/525/309
f 260/564/323 352/526/310 261/528/312
f 261/563/312 353/529/311 262/530/313
f 263/533/314 297/531/314 262/530/313
f 264/535/315 296/532/315 263/533/314
f 265/537/316 295/534/316 264/535/315
f 266/539/317 294/536/317 265/537/316
f 267/541/318 293/538/318 266/539/317
f 268/543/319 292/540/319 267/541/318
f 269/520/305 291/542/305 268/543/319
f 270/519/304 290/544/304 269/520/305
f 271/518/303 289/545/303 270/519/304
f 272/517/302 288/546/302 271/518/303
f 273/516/301 287/547/301 272/517/302
f 274/515/300 286/548/300 273/516/301
f 274/561/139 255/549/139 275/551/320
f 275/551/320 254/550/320 276/552/221
f 277/555/321 283/553/321 276/552/221
f 278/523/307 282/554/307 277/555/321
f 279/522/306 281/556/306 278/523/307
f 234/478/281 280/477/281 279/522/306
f 280/477/281 170/557/234 281/556/306
f 281/556/306 166/558/230 282/554/307
f 282/554/307 162/559/226 283/553/321
f 283/553/321 158/560/222 284/433/266
f 285/245/137 275/551/320 284/433/266
f 286/1182/139 274/561/139 285/245/137
f 286/548/300 102/562/322 287/547/301
f 287/547/301 182/444/269 288/546/302
f 288/546/302 232/474/279 289/545/303
f 289/545/303 230/472/278 290/544/304
f 290/544/304 228/469/277 291/542/305
f 291/542/305 226/467/276 292/540/319
f 292/540/319 224/464/275 293/538/318
f 293/538/318 222/461/274 294/536/317
f 294/536/317 220/458/273 295/534/316
f 295/534/316 218/455/272 296/532/315
f 296/532/315 216/452/271 297/531/314
f 297/531/314 214/449/270 298/215/115
f 299/1179/131 261/563/312 298/215/115
f 300/524/308 260/564/323 299/235/131
f 300/524/308 212/237/132 301/253/142
f 257/380/229 278/523/307 252/372/225
f 252/372/225 277/555/321 253/362/220
f 303/1197/145 109/565/145 304/567/144
f 304/567/144 105/566/141 305/569/140
f 305/569/140 101/568/324 306/571/325
f 306/571/325 96/570/121 307/259/120
f 361/322/191 269/520/305 360/313/185
f 360/313/185 268/543/319 359/304/179
f 310/284/164 250/512/297 309/276/158
f 311/292/170 249/510/296 310/284/164
f 312/300/176 248/508/295 311/292/170
f 313/1186/182 247/572/294 312/300/176
f 314/1187/188 246/573/293 313/308/182
f 315/326/194 245/500/292 314/317/188
f 316/334/200 244/498/291 315/326/194
f 317/342/206 243/496/290 316/334/200
f 318/350/212 242/494/289 317/342/206
f 319/358/217 241/492/288 318/350/212
f 320/1189/223 240/574/287 319/358/217
f 321/376/227 239/487/286 320/367/223
f 322/384/231 238/485/285 321/376/227
f 323/392/235 237/483/284 322/384/231
f 324/227/124 236/481/283 323/392/235
f 325/476/280 235/575/126 324/227/124
f 325/476/280 174/229/126 280/477/281
f 327/479/282 235/575/126 326/395/236
f 327/479/282 175/396/126 328/480/283
f 328/480/283 176/576/125 329/482/284
f 329/482/284 172/577/232 330/484/285
f 330/484/285 168/578/228 331/486/286
f 331/486/286 164/579/224 332/488/287
f 332/490/287 160/581/218 333/491/288
f 333/491/288 156/582/213 334/493/289
f 334/493/289 152/583/207 335/495/290
f 335/495/290 148/584/201 336/497/291
f 336/497/291 144/585/195 337/499/292
f 337/499/292 140/586/189 338/501/293
f 338/503/293 136/588/183 339/504/294
f 339/506/294 132/590/177 340/507/295
f 340/507/295 128/591/171 341/509/296
f 341/509/296 124/592/165 342/511/297
f 342/511/297 120/593/159 343/513/298
f 343/513/298 116/594/153 344/596/152
f 344/596/152 112/595/147 345/221/120
f 359/304/179 267/541/318 358/296/173
f 358/296/173 266/539/317 357/288/167
f 357/288/167 265/537/316 356/280/161
f 255/549/139 103/597/139 254/550/320
f 349/1198/129 108/598/129 350/600/127
f 350/600/127 107/599/128 351/401/240
f 352/526/310 260/564/323 351/401/240
f 352/526/310 213/403/241 353/527/311
f 353/529/311 210/441/267 354/263/148
f 355/272/155 263/533/314 354/263/148
f 356/280/161 264/535/315 355/272/155
f 369/1199/113 374/602/112 367/604/110
f 372/1200/129 370/605/129 366/607/129
f 369/1201/129 367/608/129 371/610/327
f 374/602/112 370/611/328 373/603/326
f 375/1202/646 372/613/330 374/210/112
f 376/1203/123 366/615/123 375/617/123
f 373/1204/326 368/618/331 376/620/333
f 397/680/385 402/621/334 398/623/336
f 394/674/379 393/624/337 378/626/339
f 380/686/390 376/627/340 379/629/341
f 395/678/382 396/630/342 380/632/344
f 378/681/386 371/633/345 377/635/347
f 384/1205/348 383/636/348 381/638/348
f 384/650/647 372/1206/349 381/651/349
f 383/653/357 370/642/350 384/644/350
f 382/1207/360 368/612/351 383/645/352
f 381/657/363 366/619/332 382/646/353
f 388/1208/354 387/647/354 385/649/354
f 388/661/367 384/650/355 385/652/356
f 387/663/369 383/653/357 388/654/359
f 386/648/648 382/655/360 387/647/362
f 385/659/365 381/657/363 386/658/363
f 389/1209/366 385/659/365 390/660/366
f 392/1210/368 388/661/367 389/662/368
f 391/1211/350 387/663/369 392/664/350
f 390/1212/371 386/648/370 391/665/371
f 394/674/379 379/666/372 393/624/337
f 402/621/334 400/668/374 401/622/335
f 395/678/382 377/670/376 396/630/342
f 401/622/335 404/672/377 398/623/336
f 404/684/377 394/674/379 403/675/378
f 397/680/385 406/676/380 402/621/334
f 406/1213/380 377/670/376 405/679/381
f 398/623/336 403/673/383 397/680/385
f 403/1214/383 378/681/386 406/682/384
f 399/669/375 407/683/387 401/622/335
f 407/1215/387 379/666/372 404/684/377
f 400/668/374 408/685/388 399/669/375
f 408/1216/388 380/686/390 407/687/389
f 402/621/334 405/677/381 400/668/374
f 405/679/381 395/678/382 408/688/391
f 411/709/366 412/689/366 409/691/366
f 413/711/402 414/692/392 411/694/114
f 487/938/546 488/695/393 485/697/395
f 409/707/123 410/698/123 415/700/397
f 412/1217/398 414/701/398 410/703/398
f 673/1218/399 672/704/399 674/706/399
f 417/716/123 409/707/123 420/708/400
f 418/718/407 411/709/366 417/710/401
f 419/720/409 413/711/402 418/712/114
f 492/722/410 490/713/403 491/715/405
f 421/724/123 417/716/123 424/717/406
f 422/1219/413 418/718/407 421/719/408
f 423/729/415 419/720/409 422/721/114
f 494/731/416 492/722/410 493/723/411
f 425/733/123 421/724/123 428/725/412
f 426/735/419 422/726/413 425/728/414
f 427/737/421 423/729/415 426/730/114
f 496/739/422 494/731/416 495/732/417
f 429/741/123 425/733/123 432/734/418
f 430/743/425 426/735/419 429/736/420
f 431/745/427 427/737/421 430/738/114
f 498/747/428 496/739/422 497/740/423
f 433/769/123 429/741/123 436/742/424
f 434/770/445 430/743/425 433/744/426
f 435/772/446 431/745/427 434/746/114
f 500/1220/447 498/747/428 499/748/429
f 437/761/123 446/749/123 440/751/431
f 438/763/440 447/752/432 437/754/434
f 439/765/442 448/755/435 438/757/114
f 502/767/443 505/758/436 501/760/438
f 441/775/123 437/761/123 444/762/439
f 442/777/449 438/763/440 441/764/441
f 443/779/451 439/765/442 442/766/114
f 504/781/452 502/767/443 503/768/444
f 446/749/123 433/769/123 445/750/430
f 447/1221/432 434/770/445 446/771/433
f 448/755/435 435/772/446 447/756/114
f 505/758/436 500/773/447 506/759/437
f 449/783/123 441/775/123 452/776/448
f 450/785/455 442/777/449 449/778/450
f 451/787/457 443/779/451 450/780/114
f 508/789/458 504/781/452 507/782/453
f 453/791/123 449/783/123 456/784/454
f 454/793/461 450/785/455 453/786/456
f 455/795/463 451/787/457 454/788/114
f 510/797/464 508/789/458 509/790/459
f 457/799/123 453/791/123 460/792/460
f 458/801/467 454/793/461 457/794/462
f 459/803/469 455/795/463 458/796/114
f 512/805/470 510/797/464 511/798/465
f 461/807/123 457/799/123 464/800/466
f 462/809/473 458/801/467 461/802/468
f 463/811/475 459/803/469 462/804/114
f 514/1222/476 512/805/470 513/806/471
f 465/816/123 461/807/123 468/808/472
f 466/818/479 462/809/473 465/810/474
f 467/820/481 463/811/475 466/812/114
f 516/1223/482 514/813/476 515/815/477
f 469/825/123 465/816/123 472/817/478
f 470/827/485 466/818/479 469/819/480
f 471/829/487 467/820/481 470/821/114
f 518/831/488 516/822/482 517/824/483
f 473/1224/123 469/825/123 476/826/484
f 474/1225/486 470/827/485 473/828/486
f 475/919/534 471/829/487 474/830/114
f 520/923/538 518/831/488 519/832/489
f 478/1226/493 414/692/392 477/833/490
f 480/840/398 416/702/398 478/834/398
f 479/928/495 415/700/397 480/835/491
f 521/845/497 489/714/404 522/836/492
f 482/847/499 478/837/493 481/839/494
f 484/848/398 480/840/398 482/841/398
f 483/933/500 479/842/495 484/844/496
f 523/852/501 521/845/497 524/846/498
f 486/696/394 482/847/499 485/697/395
f 488/1227/398 484/848/398 486/849/398
f 487/938/546 483/850/500 488/695/393
f 525/942/548 523/852/501 526/853/502
f 489/714/404 528/854/503 491/715/405
f 528/931/503 413/711/402 527/856/504
f 492/722/410 530/857/505 490/713/403
f 530/863/505 420/708/400 529/859/506
f 491/715/405 527/855/504 493/723/411
f 527/856/504 419/720/409 531/861/507
f 494/731/416 532/862/508 492/722/410
f 532/867/508 424/717/406 530/863/505
f 493/723/411 531/860/507 495/732/417
f 531/861/507 423/729/415 533/865/509
f 496/739/422 534/866/510 494/731/416
f 534/871/510 428/725/412 532/867/508
f 495/732/417 533/864/509 497/740/423
f 533/865/509 427/737/421 535/869/511
f 498/747/428 536/870/512 496/739/422
f 536/875/512 432/734/418 534/871/510
f 497/740/423 535/868/511 499/748/429
f 535/869/511 431/745/427 537/873/513
f 500/1220/447 538/874/514 498/747/428
f 538/889/514 436/742/424 536/875/512
f 506/759/437 540/876/515 501/760/438
f 540/887/515 448/755/435 539/878/516
f 502/767/443 542/879/517 505/758/436
f 542/885/517 440/751/431 541/881/518
f 501/760/438 539/877/516 503/768/444
f 539/878/516 439/765/442 543/883/519
f 504/781/452 544/884/520 502/767/443
f 544/893/520 444/762/439 542/885/517
f 499/774/429 537/886/513 506/759/437
f 537/873/513 435/772/446 540/887/515
f 505/758/436 541/880/518 500/773/447
f 541/881/518 445/750/430 538/889/514
f 503/768/444 543/882/519 507/782/453
f 543/883/519 443/779/451 545/891/521
f 508/789/458 546/892/522 504/781/452
f 546/897/522 452/776/448 544/893/520
f 507/782/453 545/890/521 509/790/459
f 545/891/521 451/787/457 547/895/523
f 510/797/464 548/896/524 508/789/458
f 548/901/524 456/784/454 546/897/522
f 509/790/459 547/894/523 511/798/465
f 547/895/523 455/795/463 549/899/525
f 512/805/470 550/900/526 510/797/464
f 550/905/526 460/792/460 548/901/524
f 511/798/465 549/898/525 513/806/471
f 549/899/525 459/803/469 551/903/527
f 514/1222/476 552/904/528 512/805/470
f 552/911/528 464/800/466 550/905/526
f 513/814/471 551/906/527 515/815/477
f 551/903/527 463/811/475 553/908/529
f 516/1223/482 554/909/530 514/813/476
f 554/917/530 468/808/472 552/911/528
f 515/823/477 553/912/529 517/824/483
f 553/908/529 467/820/481 555/914/531
f 518/831/488 556/915/532 516/822/482
f 556/922/532 472/817/478 554/917/530
f 517/824/483 555/913/531 519/832/489
f 555/914/531 471/829/487 557/920/533
f 520/923/538 558/921/535 518/831/488
f 558/1228/535 476/826/484 556/922/532
f 519/832/489 557/918/536 520/923/538
f 557/1229/536 475/924/539 558/926/537
f 490/713/403 529/858/506 522/836/492
f 529/859/506 415/700/397 559/929/541
f 521/845/497 560/930/542 489/714/404
f 560/1230/542 477/833/490 528/931/503
f 522/836/492 559/927/541 524/846/498
f 559/1231/541 479/842/495 561/934/543
f 523/852/501 562/935/544 521/845/497
f 562/941/544 481/839/494 560/936/542
f 524/846/498 561/932/543 526/853/502
f 561/934/543 483/933/500 563/1232/545
f 525/942/548 564/940/547 523/852/501
f 564/943/547 485/697/395 562/941/544
f 526/853/502 563/937/545 525/942/548
f 563/939/545 487/938/546 564/943/547
f 567/961/554 568/944/549 565/946/550
f 569/963/114 570/947/114 567/949/114
f 571/965/556 572/950/551 569/952/552
f 565/959/123 566/953/123 571/955/123
f 643/1233/553 642/956/553 644/958/553
f 573/1234/123 565/959/123 576/960/123
f 574/970/558 567/961/554 573/962/555
f 575/1235/114 569/963/114 574/964/114
f 576/975/560 571/965/556 575/966/557
f 577/977/123 573/967/123 580/969/123
f 578/1236/562 574/970/558 577/971/559
f 579/982/114 575/972/114 578/974/114
f 580/984/564 576/975/560 579/976/561
f 581/1237/123 577/977/123 584/978/123
f 582/989/566 578/979/562 581/981/563
f 583/1238/114 579/982/114 582/983/114
f 584/994/568 580/984/564 583/985/565
f 585/996/123 581/986/123 588/988/123
f 586/998/570 582/989/566 585/990/567
f 587/1000/114 583/991/114 586/993/114
f 588/1002/572 584/994/568 587/995/569
f 589/1004/123 585/1239/123 592/1005/123
f 590/1007/574 586/998/570 589/999/571
f 591/1009/114 587/1000/114 590/1001/114
f 592/1011/576 588/1002/572 591/1003/573
f 593/1013/123 589/1004/123 596/1006/123
f 594/1015/578 590/1007/574 593/1008/575
f 595/1240/114 591/1009/114 594/1010/114
f 596/1020/580 592/1241/576 595/1021/577
f 597/1242/123 593/1013/123 600/1014/123
f 598/1243/582 594/1015/578 597/1016/579
f 599/1029/114 595/1017/114 598/1019/114
f 600/1031/584 596/1020/580 599/1022/581
f 601/1033/123 597/1023/123 604/1025/123
f 602/1035/586 598/1026/582 601/1028/583
f 603/1037/114 599/1029/114 602/1030/114
f 604/1244/587 600/1031/584 603/1032/585
f 605/1245/123 601/1033/123 608/1034/123
f 606/1045/589 602/1035/586 605/1036/229
f 607/1047/114 603/1037/114 606/1038/114
f 608/1049/591 604/1039/587 607/1041/588
f 609/1051/123 605/1042/123 612/1044/123
f 610/1053/593 606/1045/589 609/1046/590
f 611/1055/114 607/1047/114 610/1048/114
f 612/1057/595 608/1049/591 611/1050/592
f 613/1059/123 609/1051/123 616/1052/123
f 614/1061/597 610/1053/593 613/1054/594
f 615/1063/114 611/1055/114 614/1056/114
f 616/1065/599 612/1057/595 615/1058/596
f 617/1067/123 613/1059/123 620/1060/123
f 618/1069/601 614/1061/597 617/1062/598
f 619/1071/114 615/1063/114 618/1064/114
f 620/1073/603 616/1065/599 619/1066/600
f 621/1075/123 617/1067/123 624/1068/123
f 622/1077/605 618/1069/601 621/1070/602
f 623/1079/114 619/1071/114 622/1072/114
f 624/1081/607 620/1073/603 623/1074/604
f 625/1083/123 621/1075/123 628/1076/123
f 626/1085/609 622/1246/605 625/1086/606
f 627/1088/114 623/1079/114 626/1080/114
f 628/1090/611 624/1081/607 627/1082/608
f 629/1092/123 625/1083/123 632/1084/123
f 630/1094/613 626/1085/609 629/1087/610
f 631/1096/114 627/1088/114 630/1089/114
f 632/1098/615 628/1090/611 631/1091/612
f 633/1100/123 629/1092/123 636/1093/123
f 634/1247/617 630/1094/613 633/1095/614
f 635/1105/114 631/1096/114 634/1097/114
f 636/1107/619 632/1098/615 635/1099/616
f 637/1109/123 633/1100/123 640/1101/123
f 638/1111/621 634/1102/617 637/1104/618
f 639/1113/114 635/1105/114 638/1106/114
f 640/1115/623 636/1107/619 639/1108/620
f 641/1248/123 637/1109/123 644/1110/123
f 642/1249/622 638/1111/621 641/1112/622
f 643/1250/114 639/1113/114 642/1114/114
f 644/1251/624 640/1115/623 643/1116/624
f 649/1252/629 650/1120/625 647/1122/627
f 651/1133/631 652/1127/628 649/1129/629
f 653/1137/633 654/1132/630 651/1133/631
f 655/1253/635 656/1136/632 653/1137/633
f 657/1146/280 658/1140/634 655/1142/635
f 659/1150/638 660/1145/636 657/1146/280
f 661/1254/640 662/1149/637 659/1150/638
f 663/1159/642 664/1153/639 661/1155/640
f 665/1255/643 666/1158/641 663/1159/642
f 647/1122/627 648/1121/626 665/1162/643
f 667/1166/399 473/1163/399 670/1164/399
f 668/1167/399 474/1165/399 667/1166/399
f 669/1168/399 475/924/539 668/1167/399
f 670/1164/399 476/925/540 669/1168/399
f 671/1256/114 667/1169/114 674/1171/114
f 672/1257/644 668/1167/644 671/1172/644
f 673/1258/123 669/1173/123 672/1175/123
f 674/1259/645 670/1176/645 673/1178/645
f 396/206/108 367/208/110 373/1204/326
f 393/209/111 375/1202/646 374/210/112
f 396/213/114 393/212/114 375/1260/114
f 376/620/333 396/206/108 373/1204/326
f 376/1261/114 396/213/114 375/1260/114
f 371/1262/649 393/209/111 369/211/113
f 371/1263/114 393/212/114 365/214/114
o Safety
v -0.006257 0.041627 0.001493
v -0.006257 0.040455 0.002599
v -0.006967 0.040455 0.002599
v -0.006967 0.041627 0.001493
v -0.006967 0.045691 0.001737
v -0.006967 0.046723 0.002975
v -0.006257 0.046723 0.002975
v -0.006257 0.045691 0.001737
v -0.006967 0.041849 0.019067
v -0.006967 0.038541 0.015799
v -0.006967 0.047046 0.016309
v -0.006967 0.043371 0.019158
v -0.006257 0.038541 0.015799
v -0.006208 0.041849 0.019067
v -0.006257 0.043371 0.019158
v -0.006257 0.047046 0.016309
v -0.006257 0.043056 0.001187
v -0.006257 0.039998 0.004073
v -0.006257 0.047000 0.004493
v -0.006257 0.044309 0.001262
v -0.006967 0.039998 0.004073
v -0.006967 0.043056 0.001187
v -0.006967 0.044309 0.001262
v -0.006967 0.047000 0.004493
v -0.006967 0.045102 0.018870
v -0.006967 0.046511 0.017778
v -0.006257 0.046511 0.017778
v -0.006257 0.045102 0.018870
v -0.006208 0.040165 0.018574
v -0.006257 0.038897 0.017322
v -0.006967 0.038897 0.017322
v -0.006967 0.040165 0.018574
v -0.007391 0.040827 0.002831
v -0.007391 0.041831 0.001883
v -0.007391 0.045441 0.002100
v -0.007391 0.046326 0.003161
v -0.007391 0.041922 0.018646
v -0.007391 0.038970 0.015774
v -0.007391 0.046623 0.016232
v -0.007391 0.043349 0.018732
v -0.007391 0.040415 0.004160
v -0.007391 0.043088 0.001614
v -0.007391 0.044226 0.001682
v -0.007391 0.046576 0.004530
v -0.007391 0.044927 0.018469
v -0.007391 0.046154 0.017518
v -0.007391 0.039282 0.017106
v -0.007391 0.040387 0.018197
v -0.007560 0.040270 0.002913
v -0.007569 0.041492 0.001771
v -0.007569 0.045791 0.002029
v -0.007560 0.046868 0.003308
v -0.007562 0.043010 0.001439
v -0.007562 0.044324 0.001518
v -0.007984 0.040642 0.003145
v -0.007993 0.041697 0.002161
v -0.007993 0.045541 0.002391
v -0.007984 0.046471 0.003494
v -0.007986 0.043042 0.001866
v -0.007986 0.044241 0.001938
v -0.007391 0.044226 0.001682
v -0.007391 0.044226 0.001682
v -0.007391 0.043088 0.001614
v -0.007391 0.043088 0.001614
v -0.007391 0.046326 0.003161
v -0.007391 0.046326 0.003161
v -0.007391 0.045441 0.002100
v -0.007391 0.045441 0.002100
v -0.007391 0.041831 0.001883
v -0.007391 0.041831 0.001883
v -0.007391 0.040827 0.002831
v -0.007391 0.040827 0.002831
v -0.007250 0.041731 0.010141
v -0.007152 0.042189 0.011083
v -0.007103 0.043988 0.011191
v -0.007200 0.044555 0.010310
v -0.007078 0.042767 0.011420
v -0.007078 0.043373 0.011456
v -0.007794 0.041644 0.009794
v -0.007705 0.042131 0.010779
v -0.007705 0.044082 0.010896
v -0.007794 0.044682 0.009976
v -0.007673 0.042763 0.011151
v -0.007673 0.043409 0.011190
v -0.007986 0.044241 0.001938
v -0.007986 0.044241 0.001938
v -0.007986 0.043042 0.001866
v -0.007986 0.043042 0.001866
v -0.007984 0.046471 0.003494
v -0.007984 0.046471 0.003494
v -0.007993 0.045541 0.002391
v -0.007993 0.045541 0.002391
v -0.007993 0.041697 0.002161
v -0.007993 0.041697 0.002161
v -0.007984 0.040642 0.003145
v -0.007984 0.040642 0.003145
v -0.008640 0.041729 0.003940
v -0.008639 0.042386 0.003166
v -0.008639 0.044738 0.003307
v -0.008640 0.045297 0.004154
v -0.008639 0.043212 0.002925
v -0.008639 0.043947 0.002970
v -0.008668 0.042290 0.009115
v -0.008681 0.042574 0.009881
v -0.008681 0.043749 0.009951
v -0.008668 0.044123 0.009225
v -0.008686 0.042950 0.010168
v -0.008686 0.043341 0.010191
vn -1.0000 -0.0000 -0.0000
vn -0.0000 -0.1208 -0.9927
vn -0.0000 -0.0303 -0.9995
vn -0.0000 -0.3811 -0.9245
vn -0.0000 0.0150 0.9999
vn -0.0000 0.0901 0.9959
vn -0.0000 -0.1343 0.9909
vn -0.0000 0.1494 -0.9888
vn -0.0000 0.2385 -0.9711
vn -0.0000 0.9957 -0.0923
vn -0.0000 0.9851 0.1720
vn -0.0000 -0.9986 0.0531
vn -0.0000 -0.9776 -0.2105
vn -0.0000 0.8077 0.5895
vn -0.0000 -0.8724 0.4888
vn -0.0000 0.9057 -0.4239
vn -0.0000 -0.8486 -0.5290
vn -0.0000 0.4761 0.8794
vn -0.0000 0.3225 0.9466
vn -0.0000 -0.5777 0.8162
vn -0.0000 -0.4333 0.9013
vn -0.0000 -0.2084 0.9780
vn -0.0000 0.6415 -0.7671
vn -0.0000 0.4888 -0.8724
vn -0.0000 -0.5454 -0.8382
vn 0.7100 -0.1052 0.6963
vn 0.7100 -0.1679 0.6839
vn 0.7100 0.0213 0.7039
vn 0.7188 -0.3398 0.6065
vn 0.7188 -0.4460 0.5333
vn 0.7071 -0.5433 0.4526
vn -0.7085 0.7005 -0.0859
vn -0.7071 0.6956 -0.1272
vn -0.7119 0.6978 0.0794
vn -0.7082 0.7046 -0.0444
vn -0.7195 0.5976 0.3539
vn -0.7118 0.6836 0.1617
vn -0.7167 0.3320 0.6133
vn -0.7195 0.5192 0.4612
vn -0.7091 0.0635 0.7022
vn -0.7167 0.2249 0.6601
vn -0.7091 -0.0947 0.6987
vn -0.7091 0.0106 0.7050
vn -0.7167 -0.3021 0.6285
vn -0.7091 -0.1469 0.6896
vn -0.7195 -0.5706 0.3959
vn -0.7167 -0.4029 0.5692
vn -0.7118 -0.6980 0.0789
vn -0.7195 -0.6356 0.2800
vn -0.7082 -0.6943 -0.1282
vn -0.7119 -0.7023 -0.0045
vn -0.7071 -0.6754 -0.2094
vn -0.7085 -0.6852 -0.1689
vn 0.7188 0.3791 0.5828
vn 0.7188 0.2649 0.6428
vn 0.7071 0.4854 0.5142
vn 0.7100 0.0850 0.6991
vn -0.5576 0.1668 -0.8132
vn -0.5603 -0.0584 -0.8262
vn -0.7100 -0.0213 -0.7039
vn -0.5073 0.5020 -0.7004
vn -0.7100 0.1680 -0.6839
vn -0.5511 0.6402 -0.5352
vn -0.7188 0.4460 -0.5333
vn -0.5376 -0.3850 -0.7502
vn -0.3674 -0.6374 -0.6773
vn -0.7071 -0.4854 -0.5142
vn -0.7188 -0.2649 -0.6428
vn -0.3881 0.1383 -0.9112
vn -0.3820 -0.1129 -0.9173
vn -0.3881 -0.0284 -0.9212
vn -0.3818 -0.1130 -0.9173
vn -0.3880 0.1392 -0.9111
vn -0.3189 0.4699 -0.8231
vn -0.3819 0.2218 -0.8972
vn -0.3196 0.4685 -0.8236
vn -0.1752 0.7551 -0.6317
vn 0.4705 -0.0918 0.8776
vn -0.2504 0.6253 -0.7391
vn -0.1751 0.7550 -0.6320
vn 0.4705 -0.0137 0.8823
vn -0.2503 -0.5327 -0.8084
vn -0.1684 -0.6766 -0.7168
vn -0.1753 -0.6740 -0.7176
vn -0.1711 -0.6728 -0.7198
vn -0.2503 -0.5332 -0.8081
vn -0.3189 -0.3683 -0.8733
vn -0.4036 -0.1834 0.8964
vn -0.3877 0.2246 0.8940
vn -0.5648 0.1464 0.8121
vn -0.2221 0.6978 0.6809
vn -0.5164 0.5447 0.6608
vn -0.0284 0.9160 0.4003
vn -0.3231 0.8672 0.3788
vn 0.0293 -0.9542 0.2976
vn -0.3188 -0.6155 0.7207
vn -0.4873 -0.6500 0.5832
vn -0.5618 -0.2355 0.7931
vn 0.9995 -0.0011 -0.0320
vn 0.9994 0.0136 -0.0305
vn 0.9995 0.0108 -0.0311
vn 0.9994 0.0068 -0.0332
vn 0.9994 0.0178 -0.0313
vn 0.9994 -0.0087 -0.0340
vn 0.9977 0.0655 -0.0187
vn 0.9975 0.0668 -0.0217
vn 0.9992 0.0256 -0.0299
vn 0.9968 0.0790 -0.0126
vn 0.2176 0.9458 0.2409
vn 0.3562 0.9034 0.2389
vn 0.9995 0.0247 -0.0205
vn 0.9956 0.0931 -0.0131
vn 0.9949 0.1010 -0.0050
vn 0.9843 0.1756 0.0195
vn 0.9921 -0.1256 -0.0080
vn 0.9985 -0.0488 -0.0262
vn 0.9924 -0.1223 -0.0124
vn 0.2077 -0.9696 0.1291
vn 0.3471 -0.9315 0.1086
vn 0.9982 -0.0519 -0.0286
vn 0.9979 -0.0563 -0.0314
vn 0.9971 -0.0718 -0.0265
vn 0.9988 -0.0402 -0.0282
vn 0.9993 -0.0133 -0.0337
vn -0.9639 0.0684 -0.2572
vn -0.9618 -0.0162 -0.2734
vn -1.0000 -0.0025 -0.0065
vn -0.9715 0.1616 -0.1733
vn -1.0000 0.0041 -0.0059
vn -0.9291 0.3691 0.0224
vn -0.9998 0.0194 -0.0020
vn -0.9671 -0.1130 -0.2278
vn -0.9364 -0.3168 -0.1513
vn -0.8977 -0.4314 0.0895
vn -0.9999 -0.0138 -0.0061
vn -0.8522 0.0772 -0.5175
vn -0.8587 -0.0729 -0.5073
vn -0.5618 -0.2356 0.7930
vn -0.5649 0.1464 0.8121
vn -0.7018 0.1026 0.7049
vn -0.8758 0.2433 -0.4168
vn -0.5165 0.5447 0.6608
vn -0.6771 0.4668 0.5689
vn -0.8890 0.4403 -0.1258
vn -0.3231 0.8672 0.3789
vn -0.6551 0.6828 0.3234
vn -0.8300 -0.5557 -0.0469
vn -0.4448 -0.8475 0.2897
vn -0.8887 -0.2610 -0.3769
vn -0.4873 -0.6500 0.5831
vn -0.6934 -0.5996 0.3996
vn -0.7097 -0.2777 0.6475
vn -0.0000 -0.8724 0.4889
vn -0.0000 0.6416 -0.7670
vn -0.7085 -0.6852 -0.1690
vn -0.7071 0.5433 -0.4526
vn -0.1684 0.7574 -0.6309
vn -0.4447 -0.8475 0.2896
vn 0.9740 -0.2263 0.0092
vn 0.9995 -0.0163 -0.0262
vn -0.9990 0.0439 0.0046
vt 0.976352 0.188905
vt 0.977101 0.186202
vt 0.979293 0.184137
vt 0.965992 0.612262
vt 0.967537 0.612262
vt 0.967537 0.613117
vt 0.976460 0.154769
vt 0.974915 0.154769
vt 0.974915 0.151440
vt 0.791936 0.015818
vt 0.790391 0.015818
vt 0.790391 0.013077
vt 0.977312 0.479376
vt 0.975767 0.479376
vt 0.975767 0.453633
vt 0.967537 0.644694
vt 0.965992 0.644694
vt 0.965992 0.618951
vt 0.977312 0.450362
vt 0.977312 0.453633
vt 0.965992 0.647965
vt 0.975767 0.482647
vt 0.967537 0.615680
vt 0.967537 0.618951
vt 0.974915 0.158504
vt 0.976460 0.158504
vt 0.976460 0.161430
vt 0.976567 0.147706
vt 0.974915 0.147706
vt 0.974915 0.144779
vt 0.976567 0.151440
vt 0.977312 0.485210
vt 0.975767 0.485210
vt 0.791936 0.018892
vt 0.965992 0.613117
vt 0.971846 0.042077
vt 0.970923 0.041951
vt 0.970923 0.039463
vt 0.981388 0.569762
vt 0.980567 0.569264
vt 0.981317 0.566561
vt 0.978831 0.572171
vt 0.978375 0.571330
vt 0.791411 0.780231
vt 0.788148 0.779428
vt 0.788604 0.778586
vt 0.817089 0.781875
vt 0.791546 0.779311
vt 0.820352 0.780899
vt 0.816978 0.780942
vt 0.822909 0.777973
vt 0.819833 0.780088
vt 0.823761 0.774238
vt 0.822061 0.777539
vt 0.973991 0.154665
vt 0.822909 0.767175
vt 0.823761 0.770909
vt 0.822838 0.771014
vt 0.820352 0.764248
vt 0.822061 0.767609
vt 0.817089 0.763273
vt 0.819833 0.765059
vt 0.965069 0.644582
vt 0.788148 0.765720
vt 0.791411 0.764917
vt 0.791546 0.765837
vt 0.970994 0.036262
vt 0.970173 0.036759
vt 0.967981 0.034694
vt 0.971846 0.039336
vt 0.979386 0.510097
vt 0.979386 0.507222
vt 0.980310 0.507349
vt 0.973906 0.092707
vt 0.972987 0.089444
vt 0.973910 0.089317
vt 0.976547 0.095221
vt 0.974727 0.092210
vt 0.973906 0.070948
vt 0.976547 0.068434
vt 0.977003 0.069275
vt 0.972987 0.074211
vt 0.974727 0.071445
vt 0.978090 0.510030
vt 0.978090 0.507289
vt 0.980615 0.352105
vt 0.981912 0.352038
vt 0.981912 0.354660
vt 0.978090 0.513104
vt 0.980615 0.354593
vt 0.981926 0.357552
vt 0.978090 0.515513
vt 0.979400 0.513361
vt 0.360294 0.009453
vt 0.361217 0.010294
vt 0.359925 0.010655
vt 0.980615 0.357296
vt 0.981907 0.359723
vt 0.378374 0.009814
vt 0.377451 0.010655
vt 0.376159 0.010294
vt 0.008763 0.009256
vt 0.008763 0.011820
vt 0.007471 0.012527
vt 0.980615 0.347336
vt 0.981907 0.346975
vt 0.981926 0.349145
vt 0.978090 0.504215
vt 0.979400 0.503959
vt 0.980615 0.349401
vt 0.689410 0.018435
vt 0.689410 0.019761
vt 0.688114 0.019804
vt 0.689355 0.021065
vt 0.688045 0.021231
vt 0.978094 0.673248
vt 0.977882 0.675241
vt 0.976590 0.675986
vt 0.978250 0.283261
vt 0.978462 0.285255
vt 0.977259 0.284599
vt 0.689248 0.017131
vt 0.688114 0.018392
vt 0.028828 0.053979
vt 0.028828 0.056467
vt 0.007471 0.055886
vt 0.632069 0.066931
vt 0.611850 0.066326
vt 0.611850 0.064914
vt 0.028079 0.059170
vt 0.008128 0.057190
vt 0.631252 0.069824
vt 0.612577 0.067753
vt 0.977467 0.691051
vt 0.976175 0.690344
vt 0.977467 0.693249
vt 0.628976 0.071994
vt 0.614654 0.068942
vt 0.025887 0.049210
vt 0.028079 0.051276
vt 0.008128 0.053256
vt 0.976651 0.268158
vt 0.977943 0.267451
vt 0.631252 0.061416
vt 0.612577 0.063487
vt 0.614654 0.062298
vt 0.007471 0.054560
vt 0.632069 0.064309
vt 0.326122 0.066568
vt 0.326122 0.064961
vt 0.341898 0.065337
vt 0.326751 0.068336
vt 0.341898 0.066192
vt 0.328521 0.069666
vt 0.341323 0.067049
vt 0.326751 0.063193
vt 0.328521 0.061863
vt 0.339696 0.063760
vt 0.341323 0.064480
vt 0.323841 0.067075
vt 0.323841 0.064453
vt 0.685908 0.019526
vt 0.324657 0.069968
vt 0.344060 0.066471
vt 0.343333 0.067898
vt 0.326933 0.072138
vt 0.341255 0.069086
vt 0.339696 0.067769
vt 0.326933 0.059391
vt 0.341255 0.062443
vt 0.324657 0.061561
vt 0.343333 0.063631
vt 0.344060 0.065058
vt 0.791936 0.013077
vt 0.975767 0.450362
vt 0.967537 0.647965
vt 0.977312 0.482647
vt 0.965992 0.615680
vt 0.974915 0.161430
vt 0.976460 0.144779
vt 0.790391 0.018892
vt 0.970994 0.045151
vt 0.822838 0.774134
vt 0.973991 0.151545
vt 0.816978 0.764206
vt 0.788604 0.766561
vt 0.968437 0.033853
vt 0.980310 0.509971
vt 0.977003 0.094380
vt 0.973910 0.074338
vt 0.979382 0.515875
vt 0.359002 0.009814
vt 0.980615 0.359361
vt 0.377083 0.009453
vt 0.979382 0.501445
vt 0.976783 0.673904
vt 0.977066 0.282516
vt 0.688045 0.016965
vt 0.010116 0.052136
vt 0.628976 0.059246
vt 0.685908 0.018670
vt 0.977101 0.194097
vt 0.976352 0.191393
vt 0.979293 0.196162
s 1
usemtl Pistol
f 737/1264/650 743/1265/650 745/1266/650
f 696/1267/651 691/1268/652 675/1269/653
f 689/1270/654 686/1271/655 683/1272/656
f 697/1273/657 694/1274/658 691/1275/652
f 693/1276/659 698/1277/659 685/1278/660
f 687/1279/661 684/1280/661 695/1281/662
f 701/1282/663 690/1283/660 685/1278/660
f 705/1284/664 684/1280/661 687/1279/661
f 680/1285/665 698/1277/659 693/1276/659
f 676/1286/666 692/1287/662 695/1281/662
f 699/1288/667 702/1289/668 701/1290/663
f 686/1271/655 689/1270/654 702/1289/668
f 703/1291/669 706/1292/670 705/1293/664
f 688/1294/671 683/1272/656 706/1292/670
f 682/1295/672 679/1296/673 680/1285/665
f 694/1274/658 697/1273/657 679/1297/673
f 678/1298/674 675/1269/653 676/1286/666
f 697/1299/675 736/1300/676 738/1301/677
f 679/1302/678 742/1303/679 736/1304/676
f 680/1305/680 740/1306/680 742/1303/679
f 698/1307/681 680/1308/682 739/1309/682
f 685/1310/683 698/1307/681 718/1311/684
f 700/1312/685 685/1310/683 713/1313/686
f 699/1314/687 700/1312/685 720/1315/688
f 686/1316/689 699/1314/687 719/1317/690
f 683/1272/691 686/1271/689 714/1318/692
f 706/1319/693 683/1320/691 711/1321/694
f 705/1322/695 706/1319/693 722/1323/696
f 684/1324/697 705/1322/695 721/1325/698
f 695/1281/699 684/1280/697 712/1326/700
f 677/1327/701 695/1328/699 715/1329/702
f 678/1330/703 744/1331/704 746/1332/705
f 696/1333/706 738/1301/677 744/1331/704
f 728/1334/707 727/1335/708 761/1336/709
f 725/1337/710 728/1338/707 759/1339/711
f 726/1340/712 725/1337/710 765/1341/713
f 724/1342/714 723/1343/715 769/1344/716
f 727/1345/708 724/1342/714 767/1346/717
f 697/1347/718 696/1348/719 727/1335/708
f 716/1349/720 762/1350/721 760/1351/722
f 679/1352/723 697/1347/718 728/1334/707
f 717/1353/724 760/1351/722 766/1354/725
f 680/1355/726 679/1352/723 725/1356/710
f 710/1357/727 680/1358/727 726/1359/727
f 709/1360/728 766/1354/725 764/1361/729
f 677/1362/730 707/1363/730 769/1364/730
f 678/1365/731 677/1366/732 723/1367/715
f 707/1368/733 770/1369/734 768/1370/735
f 696/1348/719 678/1371/731 724/1372/714
f 708/1373/736 768/1370/735 762/1350/721
f 751/1374/737 752/1375/738 758/1376/739
f 752/1375/738 749/1377/740 755/1378/741
f 749/1379/740 750/1380/742 756/1381/743
f 747/1382/744 748/1383/745 754/1384/746
f 748/1385/745 751/1374/737 757/1386/747
f 716/1387/748 717/1388/749 752/1389/750
f 734/1390/751 758/1391/752 757/1392/753
f 717/1388/749 709/1393/754 749/1394/755
f 731/1395/756 755/1396/757 758/1391/752
f 710/1397/758 732/1398/759 756/1381/743
f 709/1399/754 710/1397/760 750/1380/761
f 732/1400/762 756/1401/763 755/1396/757
f 707/1402/764 708/1403/765 748/1404/766
f 729/1405/767 707/1406/768 747/1382/744
f 730/1407/769 754/1408/770 753/1409/771
f 708/1403/765 716/1387/748 751/1410/772
f 733/1411/773 757/1392/753 754/1408/770
f 776/1412/774 775/1413/775 781/1414/776
f 773/1415/777 776/1412/774 782/1416/778
f 774/1417/779 773/1415/777 779/1418/780
f 772/1419/781 771/1420/782 777/1421/783
f 775/1413/775 772/1419/781 778/1422/784
f 734/1423/785 733/1424/786 775/1413/775
f 757/1386/787 758/1376/788 782/1425/789
f 731/1426/790 734/1423/785 776/1412/774
f 758/1427/788 755/1428/791 779/1418/792
f 732/1429/793 731/1426/790 773/1415/777
f 756/1430/794 732/1429/793 774/1417/779
f 755/1428/791 756/1430/794 780/1431/795
f 729/1432/796 753/1433/797 777/1421/783
f 730/1434/798 729/1432/796 771/1420/782
f 753/1433/797 754/1435/799 778/1422/800
f 733/1424/786 730/1434/798 772/1419/781
f 754/1435/799 757/1436/787 781/1414/801
f 678/1298/674 696/1267/651 675/1269/653
f 688/1294/671 689/1270/654 683/1272/656
f 696/1437/651 697/1273/657 691/1275/652
f 690/1283/660 693/1276/659 685/1278/660
f 692/1287/662 687/1279/661 695/1281/662
f 700/1438/663 701/1282/663 685/1278/660
f 704/1439/802 705/1284/664 687/1279/661
f 681/1440/665 680/1285/665 693/1276/659
f 677/1441/666 676/1286/666 695/1281/662
f 700/1442/663 699/1288/667 701/1290/663
f 699/1288/667 686/1271/655 702/1289/668
f 704/1443/802 703/1291/669 705/1293/664
f 703/1291/669 688/1294/671 706/1292/670
f 681/1440/665 682/1295/803 680/1285/665
f 682/1444/672 694/1274/658 679/1297/673
f 677/1441/666 678/1298/674 676/1286/666
f 696/1333/706 697/1299/675 738/1301/677
f 697/1299/675 679/1445/678 736/1300/676
f 679/1302/678 680/1305/680 742/1303/679
f 718/1311/684 698/1307/681 739/1309/682
f 713/1313/686 685/1310/683 718/1311/684
f 720/1315/688 700/1312/685 713/1313/686
f 719/1317/690 699/1314/687 720/1315/688
f 714/1446/692 686/1316/689 719/1317/690
f 711/1447/694 683/1272/691 714/1318/692
f 722/1323/696 706/1319/693 711/1321/694
f 721/1325/698 705/1322/695 722/1323/696
f 712/1448/700 684/1324/697 721/1325/698
f 715/1329/702 695/1328/699 712/1448/700
f 745/1449/701 677/1327/701 715/1329/804
f 677/1450/705 678/1330/703 746/1332/705
f 678/1330/703 696/1333/706 744/1331/704
f 759/1451/711 728/1334/707 761/1336/709
f 765/1341/713 725/1337/710 759/1339/711
f 763/1452/805 726/1340/712 765/1341/713
f 767/1346/717 724/1342/714 769/1344/716
f 761/1453/709 727/1345/708 767/1346/717
f 728/1334/707 697/1347/718 727/1335/708
f 717/1353/724 716/1349/720 760/1351/722
f 725/1356/710 679/1352/723 728/1334/707
f 709/1360/728 717/1353/724 766/1354/725
f 726/1454/712 680/1355/726 725/1356/710
f 763/1455/727 710/1357/727 726/1359/727
f 710/1456/806 709/1360/728 764/1361/729
f 723/1457/730 677/1362/730 769/1364/730
f 724/1372/714 678/1371/731 723/1458/715
f 708/1373/736 707/1368/733 768/1370/735
f 727/1335/708 696/1348/719 724/1372/714
f 716/1349/720 708/1373/736 762/1350/721
f 757/1386/747 751/1374/737 758/1376/739
f 758/1376/739 752/1375/738 755/1378/741
f 755/1459/741 749/1379/740 756/1381/743
f 753/1460/807 747/1382/744 754/1384/746
f 754/1461/746 748/1385/745 757/1386/747
f 751/1410/772 716/1387/748 752/1389/750
f 733/1411/773 734/1390/751 757/1392/753
f 752/1389/750 717/1388/749 749/1394/755
f 734/1390/751 731/1395/756 758/1391/752
f 750/1380/742 710/1397/758 756/1381/743
f 749/1379/755 709/1399/754 750/1380/761
f 731/1395/756 732/1400/762 755/1396/757
f 747/1462/808 707/1402/764 748/1404/766
f 753/1460/807 729/1405/767 747/1382/744
f 729/1463/809 730/1407/769 753/1409/771
f 748/1404/766 708/1403/765 751/1410/772
f 730/1407/769 733/1411/773 754/1408/770
f 782/1416/778 776/1412/774 781/1414/776
f 779/1418/780 773/1415/777 782/1416/778
f 780/1431/810 774/1417/779 779/1418/780
f 778/1422/784 772/1419/781 777/1421/783
f 781/1414/776 775/1413/775 778/1422/784
f 776/1412/774 734/1423/785 775/1413/775
f 781/1464/801 757/1386/787 782/1425/789
f 773/1415/777 731/1426/790 776/1412/774
f 782/1416/789 758/1427/788 779/1418/792
f 774/1417/779 732/1429/793 773/1415/777
f 780/1431/795 756/1430/794 774/1417/779
f 779/1418/792 755/1428/791 780/1431/795
f 771/1420/782 729/1432/796 777/1421/783
f 772/1419/781 730/1434/798 771/1420/782
f 777/1421/783 753/1433/797 778/1422/800
f 775/1413/775 733/1424/786 772/1419/781
f 778/1422/800 754/1435/799 781/1414/801
f 741/1465/650 735/1466/650 745/1266/650
f 739/1309/650 745/1449/650 715/1329/650
f 718/1311/650 715/1329/650 712/1448/650
f 720/1315/650 713/1313/650 714/1446/650
f 713/1313/650 722/1323/650 711/1321/650
f 713/1313/650 712/1448/650 721/1325/650
f 739/1467/650 741/1465/650 745/1266/650
f 718/1311/650 739/1309/650 715/1329/650
f 713/1313/650 718/1311/650 712/1448/650
f 719/1317/650 720/1315/650 714/1446/650
f 714/1446/650 713/1313/650 711/1321/650
f 722/1323/650 713/1313/650 721/1325/650
f 735/1466/650 737/1264/650 745/1266/650
o Slide
v 0.003823 0.057550 -0.121755
v 0.003823 0.060180 -0.121755
v 0.005562 0.057550 -0.121755
v 0.005562 0.060180 -0.121755
v 0.005562 0.057550 -0.127674
v 0.005562 0.058321 -0.127674
v 0.003823 0.057550 -0.127674
v 0.003823 0.058321 -0.127674
v 0.003823 0.060049 -0.124227
v 0.003823 0.057550 -0.124227
v 0.005562 0.057550 -0.124227
v 0.005562 0.060049 -0.124227
v 0.003823 0.059800 -0.125768
v 0.003823 0.057550 -0.125768
v 0.005562 0.057550 -0.125768
v 0.005562 0.059800 -0.125768
v 0.003823 0.059442 -0.126583
v 0.003823 0.057550 -0.126583
v 0.005562 0.057550 -0.126583
v 0.005562 0.059442 -0.126583
v 0.003823 0.058897 -0.127252
v 0.003823 0.057550 -0.127252
v 0.005562 0.057550 -0.127252
v 0.005562 0.058897 -0.127252
v 0.003823 0.057550 -0.121480
v 0.003823 0.060033 -0.121480
v 0.005562 0.057550 -0.121480
v 0.005562 0.060033 -0.121480
v 0.003823 0.057550 -0.121180
v 0.003823 0.059539 -0.121180
v 0.005562 0.057550 -0.121180
v 0.005562 0.059539 -0.121180
v 0.003823 0.057550 -0.120959
v 0.003823 0.058071 -0.120959
v 0.005562 0.057550 -0.120959
v 0.005562 0.058071 -0.120959
v -0.000246 0.055810 0.015666
v 0.000064 0.058259 0.014555
v 0.009631 0.055810 0.015666
v 0.009322 0.058259 0.014555
v 0.009631 0.055810 0.009539
v 0.009322 0.058259 0.010650
v -0.000246 0.055810 0.009539
v 0.000064 0.058259 0.010650
v -0.000246 0.055810 0.012603
v 0.009631 0.055810 0.012603
v 0.009322 0.058259 0.012603
v 0.000064 0.058259 0.012603
v -0.000246 0.055810 0.011071
v 0.009631 0.055810 0.011071
v 0.009322 0.058259 0.011627
v 0.000064 0.058259 0.011627
v -0.000246 0.055810 0.014135
v 0.009631 0.055810 0.014135
v 0.009322 0.058259 0.013579
v 0.000064 0.058259 0.013579
v 0.009322 0.060377 0.012603
v 0.000064 0.060377 0.012603
v 0.009322 0.060377 0.011627
v 0.000064 0.060377 0.011627
v 0.009322 0.060377 0.013579
v 0.000064 0.060377 0.013579
v 0.009239 0.060689 0.012603
v 0.000146 0.060689 0.012603
v 0.009239 0.060689 0.011627
v 0.000146 0.060689 0.011627
v 0.009239 0.060689 0.013579
v 0.000146 0.060689 0.013579
v 0.008962 0.060965 0.012603
v 0.000423 0.060965 0.012603
v 0.008962 0.060965 0.011627
v 0.000423 0.060965 0.011627
v 0.008962 0.060965 0.013579
v 0.000423 0.060965 0.013579
v 0.008643 0.061089 0.012603
v 0.000742 0.061089 0.012603
v 0.008643 0.061089 0.011627
v 0.000742 0.061089 0.011627
v 0.008643 0.061089 0.013579
v 0.000742 0.061089 0.013579
v 0.004693 0.055810 0.011071
v 0.004693 0.055810 0.009539
v 0.004693 0.058259 0.010650
v 0.004693 0.058259 0.011627
v 0.004693 0.059514 0.011627
v 0.003465 0.055810 0.015666
v 0.003542 0.058259 0.014555
v 0.003542 0.058259 0.013579
v 0.003465 0.055810 0.009539
v 0.003465 0.055810 0.011071
v 0.003465 0.055810 0.012603
v 0.003465 0.055810 0.014135
v 0.004693 0.059514 0.013579
v 0.004693 0.058259 0.013579
v 0.004693 0.058259 0.014555
v 0.004693 0.055810 0.015666
v 0.004693 0.055810 0.014135
v 0.004693 0.055810 0.012603
v 0.006001 0.055810 0.009539
v 0.006001 0.055810 0.011071
v 0.006001 0.055810 0.012603
v 0.006001 0.055810 0.014135
v 0.006001 0.055810 0.015666
v 0.005919 0.058259 0.014555
v 0.005919 0.058259 0.013579
v 0.005919 0.060377 0.013579
v 0.005897 0.060689 0.013579
v 0.006110 0.060965 0.013579
v 0.006026 0.061089 0.013579
v 0.006208 0.061089 0.012603
v 0.006026 0.061089 0.011627
v 0.006110 0.060965 0.011627
v 0.005897 0.060689 0.011627
v 0.005919 0.060377 0.011627
v 0.005919 0.058259 0.011627
v 0.005919 0.058259 0.010650
v 0.003384 0.055810 0.009539
v 0.003384 0.055810 0.011071
v 0.003384 0.055810 0.012603
v 0.003384 0.055810 0.014135
v 0.003384 0.055810 0.015666
v 0.003466 0.058259 0.014555
v 0.003466 0.058259 0.013579
v 0.003466 0.060377 0.013579
v 0.003488 0.060689 0.013579
v 0.003390 0.060965 0.013579
v 0.003275 0.061089 0.013579
v 0.003275 0.061089 0.012603
v 0.003275 0.061089 0.011627
v 0.003390 0.060965 0.011627
v 0.003488 0.060689 0.011627
v 0.003466 0.060377 0.011627
v 0.003466 0.058259 0.011627
v 0.003466 0.058259 0.010650
v 0.005843 0.058259 0.010650
v 0.005920 0.055810 0.009539
v 0.005920 0.055810 0.011071
v 0.005920 0.055810 0.012603
v 0.005920 0.055810 0.014135
v 0.005920 0.055810 0.015666
v 0.005843 0.058259 0.014555
v 0.005843 0.058259 0.013579
v 0.005822 0.059514 0.013579
v 0.005822 0.060689 0.013579
v 0.005822 0.060965 0.013579
v 0.005822 0.061089 0.013579
v 0.005822 0.061089 0.012603
v 0.005822 0.061089 0.011627
v 0.005822 0.060965 0.011627
v 0.005822 0.060689 0.011627
v 0.005822 0.059514 0.011627
v 0.005843 0.058259 0.011627
v 0.003542 0.058259 0.010650
v 0.003542 0.058259 0.011627
v 0.003563 0.059514 0.011627
v 0.003563 0.060689 0.011627
v 0.003563 0.060965 0.011627
v 0.003563 0.061089 0.011627
v 0.003563 0.061089 0.012603
v 0.003563 0.061089 0.013579
v 0.003563 0.060965 0.013579
v 0.003563 0.060689 0.013579
v 0.003563 0.059514 0.013579
v 0.012790 0.050842 -0.128204
v 0.008140 0.050936 -0.129656
v -0.001332 0.053513 -0.128914
v 0.013457 0.047488 -0.128204
v -0.000815 0.052996 -0.129470
v 0.012790 0.044134 -0.128204
v -0.003179 0.050749 -0.128914
v 0.010890 0.041291 -0.128204
v -0.002503 0.050469 -0.129470
v 0.008047 0.039391 -0.128204
v 0.001432 0.055360 -0.128914
v 0.004693 0.038724 -0.128204
v 0.001712 0.054684 -0.129470
v 0.001339 0.039391 -0.128204
v -0.003828 0.047488 -0.128914
v -0.001505 0.041291 -0.128204
v -0.003096 0.047488 -0.129470
v -0.003405 0.044134 -0.128204
v -0.003179 0.044228 -0.128914
v -0.004072 0.047488 -0.128204
v -0.002503 0.044508 -0.129470
v -0.003405 0.050842 -0.128204
v 0.004693 0.056009 -0.128914
v -0.001505 0.053686 -0.128204
v 0.004693 0.055277 -0.129470
v 0.001339 0.055586 -0.128204
v -0.001332 0.041464 -0.128914
v 0.004693 0.056253 -0.128204
v -0.000815 0.041981 -0.129470
v 0.008047 0.055586 -0.128204
v 0.001432 0.039617 -0.128914
v 0.010890 0.053686 -0.128204
v 0.001712 0.040293 -0.129470
v 0.011025 0.050112 -0.129656
v 0.011547 0.047488 -0.129656
v 0.011025 0.044865 -0.129656
v 0.009539 0.042642 -0.129656
v 0.007316 0.041156 -0.129656
v 0.004693 0.040634 -0.129656
v 0.002069 0.041156 -0.129656
v -0.000154 0.042642 -0.129656
v -0.001640 0.044865 -0.129656
v -0.002162 0.047488 -0.129656
v -0.001640 0.050112 -0.129656
v -0.000154 0.052335 -0.129656
v 0.002069 0.053821 -0.129656
v 0.004693 0.054343 -0.129656
v 0.007316 0.053821 -0.129656
v 0.009539 0.052335 -0.129656
v 0.012481 0.047488 -0.129470
v 0.013213 0.047488 -0.128914
v 0.011888 0.050469 -0.129470
v 0.012565 0.050749 -0.128914
v 0.011888 0.044508 -0.129470
v 0.012565 0.044228 -0.128914
v 0.010200 0.041981 -0.129470
v 0.010717 0.041464 -0.128914
v 0.010200 0.052996 -0.129470
v 0.010717 0.053513 -0.128914
v 0.007673 0.040293 -0.129470
v 0.007953 0.039617 -0.128914
v 0.004693 0.039700 -0.129470
v 0.004693 0.038968 -0.128914
v 0.007673 0.054684 -0.129470
v 0.007953 0.055360 -0.128914
v 0.009197 0.049354 -0.129656
v 0.009568 0.047488 -0.129656
v 0.009197 0.045623 -0.129656
v 0.008140 0.044041 -0.129656
v 0.006558 0.042984 -0.129656
v 0.004693 0.042613 -0.129656
v 0.002827 0.042984 -0.129656
v 0.001245 0.044041 -0.129656
v 0.000189 0.045623 -0.129656
v -0.000182 0.047488 -0.129656
v 0.000189 0.049354 -0.129656
v 0.001245 0.050936 -0.129656
v 0.002827 0.051992 -0.129656
v 0.004693 0.052363 -0.129656
v 0.006558 0.051992 -0.129656
v 0.012401 0.053607 -0.027061
v 0.012401 0.053607 -0.023862
v 0.013723 0.053209 -0.027061
v 0.013723 0.053209 -0.024701
v 0.013704 0.054061 -0.027061
v 0.013704 0.054061 -0.024701
v 0.013188 0.054740 -0.027061
v 0.013188 0.054740 -0.024701
v 0.012371 0.054987 -0.027061
v 0.012371 0.054987 -0.024701
v 0.011566 0.054706 -0.027061
v 0.011566 0.054706 -0.024701
v 0.011080 0.054005 -0.027061
v 0.011080 0.054005 -0.024701
v 0.011098 0.053152 -0.027061
v 0.011098 0.053152 -0.024701
v 0.011614 0.052473 -0.027061
v 0.011614 0.052473 -0.024701
v 0.012431 0.052227 -0.027061
v 0.012431 0.052227 -0.024701
v 0.013236 0.052508 -0.027061
v 0.013236 0.052508 -0.024701
v 0.012879 0.053463 -0.023862
v 0.012872 0.053771 -0.023862
v 0.012685 0.054016 -0.023862
v 0.012390 0.054105 -0.023862
v 0.012099 0.054004 -0.023862
v 0.011923 0.053751 -0.023862
v 0.011930 0.053442 -0.023862
v 0.012117 0.053197 -0.023862
v 0.012412 0.053108 -0.023862
v 0.012703 0.053210 -0.023862
v 0.013460 0.053976 -0.024108
v 0.013475 0.053283 -0.024108
v 0.013041 0.054528 -0.024108
v 0.012377 0.054728 -0.024108
v 0.011722 0.054500 -0.024108
v 0.011327 0.053930 -0.024108
v 0.011342 0.053237 -0.024108
v 0.011761 0.052685 -0.024108
v 0.012425 0.052485 -0.024108
v 0.013080 0.052713 -0.024108
v 0.012802 0.053486 -0.027061
v 0.012797 0.053745 -0.027061
v 0.012640 0.053951 -0.027061
v 0.012392 0.054026 -0.027061
v 0.012147 0.053940 -0.027061
v 0.012000 0.053728 -0.027061
v 0.012005 0.053469 -0.027061
v 0.012162 0.053262 -0.027061
v 0.012410 0.053188 -0.027061
v 0.012655 0.053273 -0.027061
v 0.012401 0.053607 -0.028096
v 0.012802 0.053486 -0.028096
v 0.012797 0.053745 -0.028096
v 0.012640 0.053951 -0.028096
v 0.012392 0.054026 -0.028096
v 0.012147 0.053940 -0.028096
v 0.012000 0.053728 -0.028096
v 0.012005 0.053469 -0.028096
v 0.012162 0.053262 -0.028096
v 0.012410 0.053188 -0.028096
v 0.012655 0.053273 -0.028096
v 0.011073 0.054152 -0.027073
v 0.012286 0.054947 -0.027073
v 0.012395 0.052135 -0.027073
v 0.013608 0.052930 -0.027073
v 0.012395 0.052135 -0.033108
v 0.013608 0.052930 -0.033108
v 0.011073 0.054152 -0.033108
v 0.012286 0.054947 -0.033108
v 0.011513 0.053480 -0.033108
v 0.012727 0.054275 -0.033108
v 0.013070 0.053752 -0.028269
v 0.013167 0.053602 -0.028447
v 0.013178 0.053586 -0.028091
v 0.011856 0.052957 -0.028269
v 0.013167 0.053602 -0.033108
v 0.011954 0.052807 -0.033108
v 0.012027 0.052695 -0.033108
v 0.013241 0.053490 -0.033108
v 0.013241 0.053490 -0.027073
v 0.012027 0.052695 -0.027073
v 0.011440 0.053592 -0.033108
v 0.012654 0.054387 -0.033108
v 0.012654 0.054387 -0.027073
v 0.011440 0.053592 -0.027073
v 0.012825 0.054125 -0.028269
v 0.012727 0.054275 -0.028447
v 0.012716 0.054291 -0.028091
v 0.011611 0.053330 -0.028269
v 0.011503 0.053496 -0.028091
v 0.011965 0.052791 -0.028091
v 0.015681 0.035830 -0.056823
v 0.015681 0.045990 -0.056823
v 0.012034 0.053899 -0.056823
v 0.013547 0.051659 -0.056823
v -0.006296 0.030676 -0.056823
v -0.006296 0.030723 -0.056823
v -0.006296 0.034009 -0.056823
v -0.006296 0.035830 -0.056823
v -0.006296 0.045990 -0.056823
v -0.004703 0.047142 -0.056823
v -0.004703 0.049002 -0.056823
v -0.003716 0.051659 -0.056823
v -0.002649 0.053899 -0.056823
v -0.000280 0.055607 -0.056823
v 0.002582 0.056454 -0.056823
v 0.015681 0.030676 -0.056823
v 0.015681 0.030723 -0.056823
v 0.015681 0.034009 -0.056823
v 0.006803 0.056454 -0.056823
v 0.009665 0.055607 -0.056823
v 0.012034 0.053899 -0.056823
v 0.013547 0.051659 -0.056823
v 0.014088 0.049002 -0.056823
v 0.014088 0.047142 -0.056823
v 0.015681 0.035830 -0.023866
v 0.015681 0.045990 -0.023866
v 0.012034 0.053899 -0.023866
v 0.013547 0.051659 -0.023866
v -0.006296 0.030676 -0.023866
v -0.006296 0.030723 -0.023866
v -0.006296 0.034009 -0.023866
v -0.006296 0.035830 -0.023866
v -0.006296 0.045990 -0.023866
v -0.004703 0.047142 -0.023866
v -0.004703 0.049002 -0.023866
v -0.003716 0.051659 -0.023866
v -0.002649 0.053899 -0.023866
v -0.000280 0.055607 -0.023866
v 0.002582 0.056454 -0.023866
v 0.015681 0.030676 -0.023866
v 0.015681 0.030723 -0.023866
v 0.015681 0.034009 -0.023866
v 0.006803 0.056454 -0.023866
v 0.009665 0.055607 -0.023866
v 0.012034 0.053899 -0.023866
v 0.013547 0.051659 -0.023866
v 0.014088 0.049002 -0.023866
v 0.014088 0.047142 -0.023866
v 0.000015 0.030517 0.018294
v 0.009370 0.030517 0.018294
v 0.000015 0.055777 0.018294
v 0.009370 0.055777 0.018294
v 0.007811 0.057181 0.018294
v 0.007811 0.030517 0.018294
v 0.001314 0.057181 0.018294
v 0.001314 0.030517 0.018294
v 0.004693 0.057741 0.019242
v 0.004563 0.030517 0.018294
v 0.005770 0.057741 0.019242
v 0.005775 0.030517 0.018294
v 0.003615 0.057741 0.019242
v 0.003589 0.030517 0.018294
v 0.017034 0.047100 -0.098059
v 0.004693 0.043129 -0.129007
v 0.015917 0.036674 -0.088771
v 0.017034 0.039951 -0.129007
v 0.015917 0.034814 -0.088771
v 0.015381 0.038131 -0.129007
v 0.010305 0.029787 -0.088771
v 0.010863 0.034923 -0.129007
v 0.004693 0.029787 -0.088771
v 0.004693 0.033749 -0.129007
v -0.000920 0.029787 -0.088771
v -0.001478 0.034923 -0.129007
v -0.006532 0.034814 -0.088771
v -0.005995 0.038131 -0.129007
v -0.006532 0.036674 -0.088771
v -0.007649 0.039951 -0.129007
v 0.004693 0.057741 -0.088767
v -0.004904 0.048229 -0.032723
v 0.012369 0.035993 -0.129007
v 0.017034 0.047100 -0.129007
v 0.012369 0.034096 -0.098059
v -0.007649 0.047100 -0.129007
v -0.007649 0.047100 -0.112537
v -0.007649 0.039657 -0.112537
v -0.005995 0.037837 -0.112537
v -0.001478 0.034629 -0.112537
v 0.004693 0.033455 -0.112537
v 0.010863 0.034629 -0.112537
v 0.015381 0.037837 -0.112537
v 0.017034 0.039657 -0.112537
v 0.017034 0.047100 -0.112537
v -0.007649 0.047100 -0.098059
v -0.007649 0.038054 -0.098059
v -0.005995 0.036235 -0.098059
v -0.001478 0.033026 -0.098059
v 0.004693 0.031852 -0.098059
v 0.010863 0.033026 -0.098059
v 0.015381 0.036235 -0.098059
v 0.017034 0.038054 -0.098059
v -0.006532 0.030536 0.010755
v -0.006532 0.047052 0.010755
v 0.015917 0.030536 0.010755
v 0.015917 0.047052 0.010755
v 0.015917 0.030708 -0.088771
v 0.008442 0.040515 0.030687
v -0.006532 0.030708 -0.088771
v 0.008442 0.037806 0.031414
v 0.015917 0.047052 0.026174
v 0.015917 0.044558 0.028627
v 0.015917 0.030536 0.026174
v 0.015917 0.030536 0.028627
v -0.006532 0.044558 0.028627
v -0.006532 0.030536 0.028627
v -0.006532 0.047052 0.026174
v -0.006532 0.030536 0.026174
v 0.015917 0.030536 0.030687
v -0.006532 0.040515 0.030687
v 0.015917 0.037806 0.031414
v -0.006532 0.030536 0.030687
v 0.015917 0.030536 0.031414
v -0.006532 0.037806 0.031414
v -0.006532 0.030536 0.031414
v 0.015917 0.040515 0.030687
v 0.015917 0.035765 0.032777
v 0.015917 0.030536 0.032777
v -0.006532 0.035765 0.032777
v -0.006532 0.030536 0.032777
v 0.015917 0.034726 0.034019
v 0.015917 0.030536 0.034019
v -0.006532 0.034726 0.034019
v -0.006532 0.030536 0.034019
v -0.006532 0.033668 0.035867
v -0.006532 0.030536 0.035867
v 0.015917 0.034027 0.035352
v 0.015917 0.030536 0.035352
v 0.015917 0.033177 0.036170
v -0.006532 0.030536 0.036170
v -0.006532 0.034027 0.035352
v -0.006532 0.030536 0.035352
v 0.015917 0.030536 0.036170
v 0.015917 0.033668 0.035867
v 0.015917 0.034273 0.034807
v 0.015917 0.030536 0.034807
v -0.006532 0.033177 0.036170
v 0.015917 0.030536 0.035867
v -0.006532 0.034273 0.034807
v -0.006532 0.030536 0.034807
v 0.008442 0.044558 0.028627
v 0.015917 0.036674 0.010755
v 0.015917 0.036674 0.026174
v 0.015917 0.035747 0.028627
v 0.015917 0.034245 0.030687
v 0.015917 0.033238 0.031414
v 0.015917 0.032479 0.032777
v 0.015917 0.032093 0.034019
v 0.015917 0.031925 0.034807
v 0.015917 0.031833 0.035352
v 0.015917 0.031700 0.035867
v 0.015917 0.031517 0.036170
v -0.006532 0.031517 0.036170
v -0.006532 0.031700 0.035867
v -0.006532 0.031833 0.035352
v -0.006532 0.031925 0.034807
v -0.006532 0.032093 0.034019
v -0.006532 0.032479 0.032777
v -0.006532 0.033238 0.031414
v -0.006532 0.034245 0.030687
v -0.006532 0.035747 0.028627
v -0.006532 0.036674 0.026174
v -0.006532 0.036674 0.010755
v 0.008442 0.035765 0.032777
v 0.008442 0.047052 0.026174
v 0.015917 0.034814 0.010755
v 0.015917 0.034814 0.026174
v 0.015917 0.034168 0.028627
v 0.015917 0.033121 0.030687
v 0.015917 0.032419 0.031414
v 0.015917 0.031890 0.032777
v 0.015917 0.031621 0.034019
v 0.015917 0.031504 0.034807
v 0.015917 0.031440 0.035352
v 0.015917 0.031347 0.035867
v 0.015917 0.031220 0.036170
v -0.006532 0.031220 0.036170
v -0.006532 0.031347 0.035867
v -0.006532 0.031440 0.035352
v -0.006532 0.031504 0.034807
v -0.006532 0.031621 0.034019
v -0.006532 0.031890 0.032777
v -0.006532 0.032419 0.031414
v -0.006532 0.033121 0.030687
v -0.006532 0.034168 0.028627
v -0.006532 0.034814 0.026174
v -0.006532 0.034814 0.010755
v 0.008442 0.034726 0.034019
v 0.010684 0.043129 -0.129007
v 0.015917 0.031457 0.010755
v 0.015917 0.031457 0.026174
v 0.015917 0.031318 0.028627
v 0.015917 0.031093 0.030687
v 0.015917 0.030942 0.031414
v 0.015917 0.030828 0.032777
v 0.015917 0.030770 0.034019
v 0.015917 0.030744 0.034807
v 0.015917 0.030731 0.035352
v 0.015917 0.030711 0.035867
v 0.015917 0.030683 0.036170
v -0.006532 0.030683 0.036170
v -0.006532 0.030711 0.035867
v -0.006532 0.030731 0.035352
v -0.006532 0.030744 0.034807
v -0.006532 0.030770 0.034019
v -0.006532 0.030828 0.032777
v -0.006532 0.030942 0.031414
v -0.006532 0.031093 0.030687
v -0.006532 0.031318 0.028627
v -0.006532 0.031457 0.026174
v -0.006532 0.031457 0.010755
v 0.010684 0.047100 -0.129007
v 0.012369 0.035699 -0.112537
v 0.004693 0.030536 0.010755
v 0.004693 0.030536 0.026174
v 0.004693 0.030536 0.028627
v 0.004693 0.030536 0.030687
v 0.004693 0.030536 0.031414
v 0.004823 0.030536 0.032777
v 0.004693 0.030536 0.034019
v 0.004823 0.030536 0.034807
v 0.004823 0.030536 0.035352
v 0.004693 0.030536 0.035867
v 0.004693 0.030536 0.036170
v 0.003615 0.057470 0.002873
v 0.004693 0.057470 0.002873
v 0.005770 0.057470 0.002873
v 0.002153 0.056708 0.003194
v 0.007232 0.056708 0.003194
v 0.000943 0.054989 0.003329
v 0.008442 0.054989 0.003329
v 0.000943 0.052479 0.004179
v 0.008442 0.052479 0.004179
v 0.000943 0.049643 0.006800
v 0.008442 0.049643 0.006800
v 0.000943 0.047731 0.008757
v 0.008442 0.047731 0.008757
v 0.004693 0.057741 0.010755
v 0.015917 0.047052 -0.088771
v -0.000920 0.030536 0.010755
v -0.000920 0.030536 0.026174
v -0.000920 0.030536 0.028627
v -0.000920 0.030536 0.030687
v -0.000920 0.030536 0.031414
v -0.000855 0.030536 0.032777
v -0.000920 0.030536 0.034019
v -0.000855 0.030536 0.034807
v -0.000855 0.030536 0.035352
v -0.000920 0.030536 0.035867
v 0.000943 0.030536 0.036170
v 0.000943 0.030683 0.036170
v 0.000943 0.031220 0.036170
v 0.000943 0.031517 0.036170
v 0.000943 0.033177 0.036170
v 0.000943 0.033668 0.035867
v 0.000943 0.034027 0.035352
v 0.000943 0.034273 0.034807
v 0.000943 0.034726 0.034019
v 0.000943 0.035765 0.032777
v 0.000943 0.037806 0.031414
v 0.000943 0.040515 0.030687
v 0.000943 0.044558 0.028627
v 0.000943 0.047052 0.026174
v 0.003615 0.057741 0.010755
v -0.006532 0.047052 -0.088771
v 0.005770 0.057741 0.010755
v 0.010305 0.030536 0.010755
v 0.010305 0.030536 0.026174
v 0.010305 0.030536 0.028627
v 0.010305 0.030536 0.030687
v 0.010305 0.030536 0.031414
v 0.010370 0.030536 0.032777
v 0.010305 0.030536 0.034019
v 0.010370 0.030536 0.034807
v 0.010370 0.030536 0.035352
v 0.010305 0.030536 0.035867
v 0.008442 0.030536 0.036170
v 0.008442 0.030683 0.036170
v 0.008442 0.031220 0.036170
v 0.008442 0.031517 0.036170
v 0.008442 0.033177 0.036170
v 0.008442 0.033668 0.035867
v 0.008442 0.034027 0.035352
v 0.008442 0.034273 0.034807
v 0.008255 0.039344 -0.129007
v -0.002984 0.034096 -0.098059
v -0.002984 0.035699 -0.112537
v -0.002984 0.035993 -0.129007
v 0.001130 0.039344 -0.129007
v -0.001299 0.043129 -0.129007
v -0.001299 0.047100 -0.129007
v 0.015244 0.048289 -0.098058
v -0.004904 0.050129 -0.032722
v 0.015244 0.048289 -0.129007
v -0.005859 0.048289 -0.129007
v -0.005859 0.048289 -0.112536
v 0.015244 0.048289 -0.112536
v -0.005859 0.048289 -0.098058
v -0.004904 0.048229 0.010755
v 0.014289 0.048229 0.010755
v 0.014289 0.048229 0.024972
v -0.004904 0.048229 0.024972
v 0.008442 0.048229 0.024972
v 0.009815 0.048289 -0.129007
v 0.008442 0.033652 0.018762
v 0.014289 0.048229 -0.088771
v 0.000943 0.048229 0.024972
v -0.004904 0.048229 -0.088771
v -0.000430 0.048289 -0.129007
v 0.015244 0.050189 -0.098056
v 0.004693 0.051959 -0.129005
v 0.015244 0.050189 -0.129005
v -0.005859 0.050189 -0.129005
v -0.005859 0.050189 -0.112534
v 0.015244 0.050189 -0.112534
v -0.005859 0.050189 -0.098056
v -0.004904 0.050129 0.010755
v 0.014289 0.050129 0.010755
v 0.014289 0.050129 0.023027
v -0.004904 0.050129 0.023027
v 0.008442 0.050129 0.023027
v 0.009815 0.050189 -0.129005
v 0.008442 0.033418 0.019279
v 0.014289 0.050129 -0.088771
v 0.000943 0.050129 0.023027
v -0.004904 0.050129 -0.088770
v -0.000430 0.050189 -0.129005
v 0.014637 0.052903 -0.098054
v 0.004693 0.052903 -0.129003
v 0.014637 0.052903 -0.129003
v -0.005252 0.052903 -0.129003
v -0.005252 0.052903 -0.112532
v 0.014637 0.052903 -0.112532
v -0.004796 0.052903 -0.098054
v -0.003896 0.052843 0.010755
v 0.013737 0.052843 0.010755
v 0.013737 0.052843 0.020519
v -0.004352 0.052843 0.020519
v 0.008442 0.052843 0.020519
v 0.008007 0.052903 -0.129003
v 0.008442 0.033179 0.019623
v 0.013737 0.052843 -0.088770
v 0.000943 0.052843 0.020519
v -0.003896 0.052843 -0.088769
v 0.001378 0.052903 -0.129003
v 0.012938 0.055191 -0.098052
v 0.004693 0.055191 -0.129001
v 0.012938 0.055191 -0.129001
v -0.003552 0.055191 -0.129001
v -0.003552 0.055191 -0.112530
v 0.012938 0.055191 -0.112530
v -0.003552 0.055191 -0.098052
v -0.002806 0.055130 0.010755
v 0.012192 0.055130 0.010755
v 0.012192 0.055130 0.019744
v -0.002806 0.055130 0.019744
v 0.008442 0.055130 0.019744
v 0.007441 0.055191 -0.129001
v 0.008442 0.032979 0.019746
v 0.012192 0.055130 -0.088769
v 0.000943 0.055130 0.019744
v -0.002806 0.055130 -0.088768
v 0.001944 0.055191 -0.129001
v 0.010277 0.056936 -0.098050
v 0.004693 0.056936 -0.128999
v 0.010277 0.056936 -0.128999
v -0.000892 0.056936 -0.128999
v -0.000892 0.056936 -0.112528
v 0.010277 0.056936 -0.112528
v -0.000892 0.056936 -0.098050
v -0.000386 0.056875 0.010755
v 0.009772 0.056875 0.010755
v 0.009772 0.056875 0.019607
v -0.000386 0.056875 0.019607
v 0.007232 0.056875 0.019607
v 0.006554 0.056936 -0.128999
v 0.008442 0.031517 0.019746
v 0.009772 0.056875 -0.088769
v 0.002153 0.056875 0.019607
v -0.000386 0.056875 -0.088767
v 0.002831 0.056936 -0.128999
v 0.007063 0.057801 -0.098049
v 0.004693 0.057801 -0.128998
v 0.007063 0.057801 -0.128998
v 0.002323 0.057801 -0.128998
v 0.002323 0.057801 -0.112527
v 0.007063 0.057801 -0.112527
v 0.002323 0.057801 -0.098049
v 0.002537 0.057741 0.010755
v 0.006848 0.057741 0.010755
v 0.006848 0.057741 0.019242
v 0.002537 0.057741 0.019242
v 0.008442 0.030536 0.019746
v 0.005483 0.057801 -0.128998
v 0.008442 0.031220 0.019746
v 0.006848 0.057741 -0.088768
v 0.008442 0.030683 0.019746
v 0.002537 0.057741 -0.088767
v 0.003903 0.057801 -0.128998
v -0.006532 0.047052 -0.056878
v -0.006532 0.036674 -0.056878
v -0.006532 0.034814 -0.056878
v -0.006532 0.030826 -0.056878
v -0.006532 0.030530 -0.056878
v -0.000920 0.029904 -0.056878
v 0.004693 0.029904 -0.056878
v 0.010305 0.029904 -0.056878
v 0.015917 0.030530 -0.056878
v 0.015917 0.030826 -0.056878
v 0.015917 0.034814 -0.056878
v 0.015917 0.036674 -0.056878
v 0.015917 0.047052 -0.056878
v 0.014166 0.048229 -0.056878
v 0.014289 0.050129 -0.056878
v 0.013737 0.052843 -0.056877
v 0.012192 0.055130 -0.056877
v 0.009772 0.056875 -0.056876
v 0.006848 0.057741 -0.056876
v 0.006503 0.057741 -0.056876
v 0.004693 0.057741 -0.056875
v 0.002882 0.057741 -0.056875
v 0.002537 0.057741 -0.056875
v -0.000386 0.056875 -0.056875
v -0.002806 0.055130 -0.056876
v -0.003896 0.052843 -0.056876
v -0.004904 0.050129 -0.056877
v -0.004904 0.048229 -0.056878
v -0.006532 0.047052 -0.032723
v -0.006532 0.036674 -0.032723
v -0.006532 0.034814 -0.032723
v -0.006532 0.031059 -0.032723
v -0.006532 0.030540 -0.032723
v -0.000920 0.030138 -0.032723
v 0.004693 0.030138 -0.032723
v 0.010305 0.030138 -0.032723
v 0.015917 0.030540 -0.032723
v 0.015917 0.031059 -0.032723
v 0.015917 0.034814 -0.032723
v 0.015917 0.036674 -0.032723
v 0.015917 0.047052 -0.032723
v 0.014166 0.048229 -0.032723
v 0.014289 0.050129 -0.032723
v 0.013737 0.052843 -0.032722
v 0.012192 0.055130 -0.032722
v 0.009772 0.056875 -0.032722
v 0.006848 0.057741 -0.032722
v 0.006241 0.057741 -0.032722
v 0.004693 0.057741 -0.032721
v 0.003144 0.057741 -0.032721
v 0.002537 0.057741 -0.032721
v -0.000386 0.056875 -0.032721
v -0.002806 0.055130 -0.032722
v -0.003896 0.052843 -0.032722
v 0.008442 0.040264 0.014306
v 0.008442 0.037515 0.015044
v 0.008442 0.044146 0.012328
v 0.008442 0.035295 0.016526
v 0.008442 0.046559 0.009954
v 0.008442 0.034153 0.017891
v 0.004693 0.030536 0.019746
v 0.000943 0.030536 0.019746
v 0.000943 0.030683 0.019746
v 0.000943 0.031220 0.019746
v 0.000943 0.031517 0.019746
v 0.000943 0.032979 0.019746
v 0.000943 0.033179 0.019623
v 0.000943 0.033418 0.019279
v 0.000943 0.033652 0.018762
v 0.000943 0.034153 0.017891
v 0.000943 0.035295 0.016526
v 0.000943 0.037515 0.015044
v 0.000943 0.040264 0.014306
v 0.000943 0.044146 0.012328
v 0.000943 0.046559 0.009954
v 0.013960 0.048967 -0.034401
v 0.014062 0.050457 -0.033886
v 0.013635 0.052882 -0.033405
v 0.012177 0.055046 -0.033360
v 0.009970 0.056568 -0.033835
v 0.007665 0.057065 -0.034667
v 0.007665 0.057065 -0.054932
v 0.009970 0.056568 -0.055764
v 0.012177 0.055047 -0.056239
v 0.013635 0.052882 -0.056194
v 0.014061 0.050458 -0.055713
v 0.013960 0.048968 -0.055198
v -0.006532 0.036674 -0.023868
v -0.006532 0.034814 -0.023868
v -0.006532 0.031140 -0.023868
v -0.006532 0.030540 -0.023868
v -0.000920 0.030219 -0.023868
v 0.004693 0.030219 -0.023868
v 0.010305 0.030219 -0.023868
v 0.015917 0.030540 -0.023868
v 0.015917 0.031140 -0.023868
v 0.015917 0.034814 -0.023868
v 0.015917 0.036674 -0.023868
v 0.015917 0.047052 -0.023868
v 0.014191 0.048229 -0.023868
v 0.014289 0.050129 -0.023867
v 0.013737 0.052843 -0.023867
v 0.012192 0.055130 -0.023867
v 0.009772 0.056875 -0.023867
v 0.006848 0.057741 -0.023867
v 0.006145 0.057741 -0.023867
v 0.004693 0.057741 -0.023866
v 0.003240 0.057741 -0.023866
v 0.002537 0.057741 -0.023866
v -0.000386 0.056875 -0.023866
v -0.002806 0.055130 -0.023866
v -0.003896 0.052843 -0.023867
v -0.004904 0.050129 -0.023867
v -0.004904 0.048229 -0.023868
v -0.006532 0.047052 -0.023868
v -0.004161 0.047200 -0.032723
v -0.003420 0.049862 -0.032722
v 0.012674 0.048054 -0.057005
v 0.012816 0.050010 -0.057103
v 0.012351 0.052260 -0.057052
v 0.011115 0.054087 -0.057038
v 0.009115 0.055542 -0.057127
v 0.006369 0.056324 -0.056985
v 0.006503 0.056257 -0.056876
v 0.004693 0.056257 -0.056875
v 0.002882 0.056257 -0.056875
v 0.002752 0.056257 -0.056875
v 0.000277 0.055524 -0.056875
v -0.001630 0.054149 -0.056876
v -0.002528 0.052264 -0.056876
v -0.003420 0.049862 -0.056877
v -0.004161 0.047200 -0.056878
v 0.012674 0.048143 -0.032638
v 0.012800 0.050016 -0.032609
v 0.012283 0.052547 -0.032622
v 0.011323 0.053926 -0.032633
v 0.009109 0.055528 -0.032596
v 0.006387 0.056330 -0.032641
v 0.006241 0.056257 -0.032722
v 0.004693 0.056257 -0.032721
v 0.003144 0.056257 -0.032721
v 0.002752 0.056257 -0.032721
v 0.000277 0.055524 -0.032721
v -0.001630 0.054149 -0.032722
v -0.002528 0.052264 -0.032722
v 0.012468 0.048793 -0.034275
v 0.012588 0.050339 -0.033660
v 0.012193 0.052589 -0.033206
v 0.011315 0.053851 -0.033183
v 0.009314 0.055235 -0.033584
v 0.006950 0.055730 -0.034503
v 0.006950 0.055730 -0.055095
v 0.009313 0.055236 -0.056015
v 0.011101 0.054003 -0.056401
v 0.012249 0.052300 -0.056369
v 0.012588 0.050339 -0.055939
v 0.012468 0.048793 -0.055325
v 0.012709 0.048315 -0.023865
v 0.012796 0.050022 -0.023866
v 0.012283 0.052547 -0.023867
v 0.011323 0.053926 -0.023867
v 0.009108 0.055524 -0.023867
v 0.006633 0.056257 -0.023867
v 0.006145 0.056257 -0.023867
v 0.004693 0.056257 -0.023866
v 0.003240 0.056257 -0.023866
v 0.002752 0.056257 -0.023866
v 0.000277 0.055524 -0.023866
v -0.001630 0.054149 -0.023866
v -0.002528 0.052264 -0.023867
v -0.003420 0.049862 -0.023867
v -0.004161 0.047200 -0.023868
v 0.012508 0.052012 0.010755
v 0.010962 0.054299 0.010755
v 0.012508 0.052012 -0.023867
v 0.010962 0.054299 -0.023867
v -0.005263 0.046404 -0.023868
v -0.005263 0.030540 -0.023868
v -0.004904 0.048229 -0.056878
v -0.004904 0.048229 -0.056878
v -0.004904 0.048229 -0.032723
v -0.004904 0.048229 -0.032723
v -0.005263 0.034814 -0.088771
v -0.005263 0.036674 -0.088771
v -0.005263 0.030536 0.010755
v -0.005263 0.046404 0.010755
v -0.005263 0.030708 -0.088771
v -0.005263 0.036674 0.010755
v -0.005263 0.034814 0.010755
v -0.005263 0.031457 0.010755
v -0.005263 0.046404 -0.088771
v -0.004161 0.047200 0.010755
v -0.004161 0.047200 -0.088771
v -0.005263 0.046404 -0.056878
v -0.005263 0.036674 -0.056878
v -0.005263 0.034814 -0.056878
v -0.005263 0.030826 -0.056878
v -0.005263 0.030530 -0.056878
v -0.005263 0.046404 -0.032723
v -0.005263 0.036674 -0.032723
v -0.005263 0.034814 -0.032723
v -0.005263 0.031059 -0.032723
v -0.005263 0.030540 -0.032723
v -0.005263 0.036674 -0.023868
v -0.005263 0.034814 -0.023868
v -0.005263 0.031140 -0.023868
v 0.002430 0.057771 -0.093408
v -0.000639 0.056905 -0.093409
v -0.003179 0.055161 -0.093410
v -0.004346 0.052873 -0.093411
v -0.005382 0.050159 -0.093413
v -0.005382 0.048259 -0.093414
v -0.007090 0.047076 -0.093415
v -0.007090 0.037364 -0.093415
v -0.006264 0.035524 -0.093415
v -0.004758 0.032402 -0.093415
v -0.001199 0.031407 -0.093415
v 0.004693 0.030820 -0.093415
v 0.010584 0.031407 -0.093415
v 0.014143 0.032402 -0.093415
v 0.015649 0.035524 -0.093415
v 0.016476 0.037364 -0.093415
v 0.016476 0.047076 -0.093415
v 0.014767 0.048259 -0.093415
v 0.014767 0.050159 -0.093413
v 0.014187 0.052873 -0.093412
v 0.012565 0.055161 -0.093410
v 0.010024 0.056905 -0.093409
v 0.006955 0.057771 -0.093409
vn 0.8364 0.5481 -0.0000
vn 0.1124 0.9937 -0.0000
vn -0.0000 1.0000 -0.0000
vn -0.8105 -0.5858 -0.0000
vn -0.0000 0.0498 0.9988
vn -0.0000 0.0996 0.9950
vn -0.0000 -0.0000 1.0000
vn 1.0000 -0.0000 -0.0000
vn -0.0000 0.2063 -0.9785
vn -0.0000 0.4126 -0.9109
vn -0.0000 -0.0000 -1.0000
vn -1.0000 -0.0000 -0.0000
vn -0.0000 0.9961 -0.0886
vn -0.0000 0.9923 -0.1241
vn -0.0000 0.9921 0.1255
vn -0.0000 -1.0000 -0.0000
vn -0.0000 0.9702 -0.2422
vn -0.0000 0.9462 -0.3237
vn -0.0000 0.8759 -0.4826
vn -0.0000 0.8288 -0.5595
vn -0.0000 0.7194 -0.6946
vn -0.0000 0.6576 -0.7533
vn -0.0000 0.9522 0.3056
vn -0.0000 0.7863 0.6179
vn -0.0000 0.6611 0.7503
vn -0.0000 0.4027 0.9154
vn -0.0000 0.2771 0.9608
vn -0.0000 0.4132 0.9106
vn 0.9965 0.0837 -0.0000
vn 0.9921 0.1253 -0.0000
vn -0.0000 0.4132 -0.9106
vn -0.9965 0.0837 -0.0000
vn -0.9921 0.1253 -0.0000
vn 0.9956 0.0941 -0.0000
vn 0.9980 0.0628 -0.0000
vn -0.1835 0.9830 -0.0000
vn -0.9956 0.0941 -0.0000
vn -0.9980 0.0628 -0.0000
vn -0.9917 0.1287 -0.0000
vn 0.9963 0.0857 -0.0000
vn -0.9963 0.0857 -0.0000
vn 0.9917 0.1287 -0.0000
vn -0.9852 0.1714 -0.0000
vn -0.8665 0.4992 -0.0000
vn 0.9079 0.4193 -0.0000
vn -0.9079 0.4193 -0.0000
vn 0.9852 0.1714 -0.0000
vn 0.8665 0.4992 -0.0000
vn -0.8180 0.5752 -0.0000
vn -0.5449 0.8385 -0.0000
vn 0.6021 0.7984 -0.0000
vn -0.6021 0.7984 -0.0000
vn 0.8180 0.5752 -0.0000
vn 0.5449 0.8385 -0.0000
vn -0.4849 0.8746 -0.0000
vn 0.2442 0.9697 -0.0000
vn 0.4849 0.8746 -0.0000
vn 0.1835 0.9830 -0.0000
vn 0.0001 -0.0000 1.0000
vn 0.1221 0.9925 -0.0000
vn 0.0001 -0.0000 -1.0000
vn 1.0000 0.0001 -0.0000
vn -0.0738 0.0646 -0.9952
vn -0.0434 0.0879 -0.9952
vn -0.6232 0.7117 -0.3243
vn -0.3034 0.8960 -0.3243
vn -0.3204 0.7435 -0.5870
vn -0.0929 0.0314 -0.9952
vn -0.1696 0.3733 -0.9121
vn -0.2996 0.2800 -0.9121
vn -0.5806 0.5643 -0.5870
vn -0.0978 -0.0065 -0.9952
vn -0.0065 0.0978 -0.9952
vn -0.8481 0.4190 -0.3243
vn -0.0879 -0.0434 -0.9952
vn -0.3839 0.1440 -0.9121
vn -0.7523 0.2991 -0.5870
vn -0.0646 -0.0738 -0.9952
vn 0.0314 0.0929 -0.9952
vn -0.9439 0.0626 -0.3243
vn -0.0314 -0.0929 -0.9952
vn -0.4098 -0.0139 -0.9121
vn -0.8095 -0.0115 -0.5870
vn 0.0065 -0.0978 -0.9952
vn 0.0646 0.0738 -0.9952
vn 0.0626 0.9439 -0.3243
vn -0.0115 0.8095 -0.5870
vn 0.0434 -0.0879 -0.9952
vn -0.0139 0.4098 -0.9121
vn 0.0738 -0.0646 -0.9952
vn 0.0879 0.0434 -0.9952
vn -0.8960 -0.3034 -0.3243
vn 0.0929 -0.0314 -0.9952
vn -0.3733 -0.1696 -0.9121
vn -0.7435 -0.3204 -0.5870
vn 0.0978 0.0065 -0.9952
vn -0.7117 -0.6232 -0.3243
vn 0.3733 0.1696 -0.9121
vn 0.4098 0.0139 -0.9121
vn 0.7435 0.3204 -0.5870
vn 0.8960 0.3034 -0.3243
vn 0.9439 -0.0626 -0.3243
vn 0.8095 0.0115 -0.5870
vn 0.3839 -0.1440 -0.9121
vn 0.8481 -0.4190 -0.3243
vn 0.7523 -0.2991 -0.5870
vn 0.2996 -0.2800 -0.9121
vn 0.6232 -0.7117 -0.3243
vn 0.5806 -0.5643 -0.5870
vn 0.2800 0.2996 -0.9121
vn 0.5643 0.5806 -0.5870
vn 0.7117 0.6232 -0.3243
vn 0.1696 -0.3733 -0.9121
vn 0.3034 -0.8960 -0.3243
vn 0.3204 -0.7435 -0.5870
vn 0.0139 -0.4098 -0.9121
vn -0.0626 -0.9439 -0.3243
vn 0.0115 -0.8095 -0.5870
vn 0.1440 0.3839 -0.9121
vn 0.2991 0.7523 -0.5870
vn 0.4190 0.8481 -0.3243
vn -0.1440 -0.3839 -0.9121
vn -0.4190 -0.8481 -0.3243
vn -0.2991 -0.7523 -0.5870
vn -0.2800 -0.2996 -0.9121
vn -0.5643 -0.5806 -0.5870
vn 0.9256 0.3185 0.2047
vn 0.9360 -0.2864 0.2047
vn 0.9830 -0.1837 -0.0000
vn 0.2185 0.0507 0.9745
vn 0.2066 -0.0874 0.9745
vn 0.5616 0.8017 0.2047
vn 0.9032 0.4292 -0.0000
vn 0.1470 0.1694 0.9745
vn -0.0169 0.9787 0.2047
vn 0.4785 0.8781 -0.0000
vn 0.0193 0.2235 0.9745
vn -0.5889 0.7818 0.2047
vn -0.1290 0.9916 -0.0000
vn -0.1157 0.1921 0.9745
vn -0.9360 0.2864 0.2047
vn -0.6873 0.7264 -0.0000
vn -0.2066 0.0874 0.9745
vn -0.9256 -0.3185 0.2047
vn -0.9830 0.1837 -0.0000
vn -0.2185 -0.0507 0.9745
vn -0.5616 -0.8017 0.2047
vn -0.9032 -0.4292 -0.0000
vn -0.1470 -0.1694 0.9745
vn 0.0169 -0.9787 0.2047
vn -0.4785 -0.8781 -0.0000
vn -0.0193 -0.2235 0.9745
vn 0.5889 -0.7818 0.2047
vn 0.1290 -0.9916 -0.0000
vn 0.1157 -0.1921 0.9745
vn 0.6873 -0.7264 -0.0000
vn 0.6506 -0.2283 0.7243
vn 0.6606 0.1977 0.7243
vn 0.4182 0.5482 0.7243
vn 0.0161 0.6893 0.7243
vn -0.3922 0.5671 0.7243
vn -0.6506 0.2283 0.7243
vn -0.6606 -0.1977 0.7243
vn -0.4182 -0.5482 0.7243
vn -0.0161 -0.6893 0.7243
vn 0.3922 -0.5671 0.7243
vn 0.9742 0.2258 -0.0000
vn 0.9209 -0.3899 -0.0000
vn 0.6554 0.7553 -0.0000
vn 0.0862 0.9963 -0.0000
vn -0.5159 0.8567 -0.0000
vn -0.9209 0.3898 -0.0000
vn -0.6872 0.7264 -0.0000
vn -0.9742 -0.2259 -0.0000
vn -0.6554 -0.7553 -0.0000
vn -0.9032 -0.4291 -0.0000
vn -0.0862 -0.9963 -0.0000
vn 0.5158 -0.8567 -0.0000
vn 0.5481 -0.8364 -0.0000
vn -0.5481 0.8364 -0.0000
vn -0.1955 0.2984 0.9342
vn 0.1955 -0.2984 0.9342
vn -0.5446 0.8312 0.1114
vn -0.4870 0.7433 0.4585
vn 0.4870 -0.7433 0.4586
vn 0.5446 -0.8312 0.1114
vn 0.8364 0.5480 -0.0000
vn 0.8365 0.5480 -0.0000
vn -0.4870 0.7433 0.4586
vn 0.8890 0.4451 0.1078
vn 0.9201 0.3868 0.0614
vn 0.7168 0.6954 0.0513
vn -0.0950 -0.0081 0.9954
vn 0.1435 -0.0000 0.9896
vn -0.1268 -0.0226 0.9917
vn -0.1269 -0.0344 0.9913
vn -0.0000 -0.0348 0.9994
vn 0.1436 -0.0237 0.9894
vn 0.1435 -0.0119 0.9896
vn 0.5778 -0.8136 -0.0648
vn 0.6627 -0.7474 -0.0469
vn 0.6982 -0.7101 -0.0910
vn 0.8916 -0.4279 -0.1484
vn 0.9645 -0.2594 0.0490
vn 0.9974 -0.0692 0.0187
vn -0.3915 -0.9182 -0.0602
vn -0.0002 -0.9979 -0.0641
vn -0.0160 -0.9833 -0.1813
vn 0.7084 -0.5836 -0.3970
vn 0.9932 -0.0735 -0.0907
vn 0.3917 -0.9190 -0.0448
vn 0.3876 -0.9073 -0.1631
vn -0.0306 -0.9670 -0.2531
vn 0.2283 -0.9178 -0.3249
vn 0.0879 -0.9856 -0.1445
vn -0.9325 -0.3600 -0.0287
vn -0.6630 -0.7478 -0.0364
vn -0.6597 -0.7441 -0.1055
vn -0.2134 -0.9261 -0.3111
vn -0.0163 -0.9918 -0.1265
vn -0.5778 -0.8136 -0.0648
vn -0.3740 -0.9092 -0.1832
vn -0.4906 -0.7550 -0.4350
vn -0.0967 -0.9803 -0.1722
vn -0.9510 -0.3089 -0.0089
vn -0.9898 -0.1192 0.0775
vn -0.8641 -0.4621 -0.1994
vn -0.9976 -0.0689 -0.0090
vn -0.5858 0.8105 -0.0000
vn 0.9511 -0.3084 -0.0150
vn 0.9327 -0.3605 -0.0064
vn 0.9928 -0.0000 0.1194
vn 0.9325 -0.3610 0.0142
vn -0.9989 -0.0000 0.0478
vn -0.9968 -0.0000 0.0797
vn -0.0000 0.0002 -1.0000
vn -0.8790 -0.4767 -0.0085
vn -0.6634 -0.7481 -0.0134
vn -0.5790 -0.8152 -0.0146
vn -0.3242 -0.9458 -0.0166
vn 0.0633 -0.9978 -0.0180
vn 0.3920 -0.9198 -0.0164
vn 0.5790 -0.8152 -0.0146
vn 0.6899 -0.7238 -0.0134
vn 0.9992 -0.0000 0.0399
vn -0.1721 0.9851 -0.0000
vn -0.1435 0.9897 -0.0000
vn -0.0641 -0.9979 0.0051
vn -0.0978 -0.9952 0.0015
vn -0.5478 -0.8069 -0.2209
vn -0.0000 0.7057 0.7085
vn -0.0000 0.7102 0.7040
vn -0.0000 0.6253 0.7804
vn 0.0081 -1.0000 0.0026
vn -0.0000 -1.0000 -0.0001
vn -0.0000 0.8541 0.5202
vn -0.0000 0.8846 0.4663
vn -0.0000 0.7354 0.6776
vn -0.0000 0.3257 0.9455
vn -0.0000 0.3909 0.9204
vn -0.0000 0.3622 0.9321
vn -0.0000 0.5421 0.8403
vn -0.0000 0.4621 0.8868
vn -0.0000 0.6316 0.7753
vn -0.0000 0.7028 0.7114
vn -0.0000 0.8028 0.5962
vn -0.0000 0.8362 0.5484
vn -0.0000 0.8826 0.4701
vn -0.0000 0.6351 0.7724
vn -0.0000 0.3621 0.9322
vn -0.0000 0.8977 0.4406
vn -0.0000 0.1810 0.9835
vn 0.0190 -0.9998 0.0092
vn -0.0000 -1.0000 0.0046
vn -0.0082 -1.0000 0.0039
vn -0.0000 -0.9999 0.0165
vn 0.3350 -0.9421 0.0137
vn 0.1590 -0.9871 0.0163
vn 0.7316 -0.6817 0.0066
vn 0.6117 -0.7911 0.0100
vn -0.1764 -0.9842 0.0163
vn -0.6135 -0.7896 0.0099
vn -0.3350 -0.9421 0.0136
vn 0.9802 -0.1979 0.0017
vn 0.9174 -0.3979 0.0037
vn -0.9175 -0.3978 0.0037
vn -0.7195 -0.6945 0.0067
vn -0.9798 -0.2001 0.0017
vn 0.1621 0.9868 0.0059
vn -0.0000 1.0000 0.0033
vn -0.0000 -1.0000 0.0092
vn -0.1418 0.9899 0.0052
vn 0.0464 -0.9989 0.0045
vn -0.0000 0.7080 0.7062
vn 0.0956 0.9954 -0.0000
vn 0.1435 0.9897 -0.0000
vn 0.2178 0.9740 0.0617
vn -0.5780 -0.7769 -0.2495
vn -0.9842 0.1768 -0.0000
vn 0.5780 -0.7769 -0.2495
vn -0.9210 0.3895 -0.0000
vn -0.9842 0.1769 -0.0000
vn -0.0000 0.0003 -1.0000
vn -0.0000 0.0008 -1.0000
vn 0.5536 0.8328 -0.0000
vn 0.5535 0.8325 0.0235
vn 0.5682 0.8200 0.0681
vn 0.5583 0.8284 0.0448
vn -0.5683 0.8200 0.0681
vn -0.5854 0.8099 0.0372
vn -0.5814 0.8129 0.0346
vn -0.5536 0.8328 -0.0000
vn -0.5533 0.8322 0.0353
vn -0.5572 0.8297 0.0336
vn -0.0000 0.0007 -1.0000
vn -0.7678 0.6406 -0.0000
vn -0.9185 0.3954 -0.0000
vn -0.0000 0.7150 0.6992
vn 0.5858 0.8105 -0.0000
vn 0.5802 0.8145 -0.0004
vn -0.0000 0.7149 0.6992
vn 0.5648 0.8253 0.0005
vn 0.5854 0.8099 0.0372
vn 0.5743 0.8179 0.0351
vn -0.4406 0.8977 -0.0000
vn -0.7106 0.7036 -0.0000
vn 0.0002 0.0012 -1.0000
vn 0.9973 0.0732 -0.0000
vn 0.9994 -0.0000 0.0342
vn 0.9940 0.1098 -0.0000
vn 0.9948 -0.0001 0.1023
vn 0.9927 0.1095 0.0511
vn -0.9948 -0.0001 0.1023
vn -0.9783 -0.2043 0.0357
vn -0.9917 0.1175 0.0512
vn -0.9987 -0.0000 0.0513
vn -0.9910 0.1233 0.0512
vn -0.9908 0.1349 0.0052
vn -0.0000 0.0009 -1.0000
vn -0.3891 0.9212 -0.0000
vn -0.9885 0.1512 -0.0074
vn -0.9978 0.0667 -0.0000
vn -0.0000 0.7151 0.6990
vn -0.0000 0.7033 0.7109
vn 0.9999 -0.0172 -0.0009
vn 0.9950 0.1002 -0.0000
vn 0.9456 0.3243 0.0243
vn 0.9986 -0.0000 0.0530
vn 0.9971 0.0558 0.0520
vn 0.0004 0.0023 -1.0000
vn 0.0002 0.0016 -1.0000
vn 0.9363 0.3511 -0.0000
vn 0.9092 0.4164 -0.0000
vn 0.9852 0.1392 0.1003
vn 0.9087 0.4147 0.0475
vn -0.9657 0.2400 0.0990
vn -0.9251 0.3768 0.0469
vn -0.9243 0.3776 0.0564
vn -0.9892 0.1463 -0.0000
vn -0.9187 0.3947 0.0099
vn -0.0001 0.0009 -1.0000
vn -0.0000 0.0014 -1.0000
vn -0.9719 0.2354 -0.0000
vn -0.9117 0.4106 -0.0138
vn -0.9284 0.3705 -0.0279
vn -0.0000 0.6911 0.7228
vn -0.0000 0.5705 0.8213
vn 0.9911 0.1335 -0.0000
vn 0.9221 0.3871 -0.0000
vn 0.9937 0.0787 0.0802
vn 0.9441 0.3263 0.0477
vn 0.7279 0.6857 -0.0000
vn 0.6861 0.7275 -0.0000
vn 0.8828 0.4621 0.0840
vn 0.6882 0.7247 0.0340
vn -0.9032 0.4206 0.0854
vn -0.8163 0.5765 0.0371
vn -0.7767 0.6285 0.0410
vn -0.8775 0.4796 -0.0000
vn -0.6861 0.7275 -0.0000
vn -0.9175 0.3977 -0.0000
vn -0.7678 0.6407 -0.0000
vn -0.7916 0.6109 -0.0133
vn -0.0000 0.4490 0.8935
vn -0.0000 0.2417 0.9704
vn 0.8943 0.4474 -0.0000
vn 0.7178 0.6963 -0.0000
vn -0.0000 0.4490 0.8936
vn 0.7547 0.6551 0.0347
vn -0.0000 0.0011 -1.0000
vn 0.4574 0.8893 -0.0000
vn 0.4094 0.9124 -0.0000
vn 0.6576 0.7515 0.0528
vn 0.4125 0.9108 0.0179
vn -0.6923 0.7195 0.0553
vn -0.4872 0.8731 0.0186
vn -0.4605 0.8875 0.0179
vn -0.6419 0.7668 -0.0000
vn -0.4094 0.9124 -0.0000
vn -0.4907 0.8713 -0.0000
vn -0.0000 0.1602 0.9871
vn -0.0000 0.1837 0.9830
vn 0.6753 0.7375 -0.0000
vn 0.4406 0.8977 -0.0000
vn -0.0000 0.1836 0.9830
vn 0.7168 0.6954 0.0512
vn 0.4872 0.8731 0.0186
vn -0.0000 0.0013 -1.0000
vn 0.1747 0.9846 -0.0000
vn 0.3742 0.9271 0.0235
vn 0.1331 0.9911 0.0066
vn -0.3742 0.9271 0.0235
vn -0.1515 0.9884 0.0066
vn -0.3602 0.9329 -0.0000
vn -0.0984 0.9952 -0.0000
vn -0.0000 0.2882 0.9576
vn -0.0000 0.3883 0.9215
vn 0.3892 0.9212 -0.0000
vn 0.4396 0.8950 0.0758
vn -0.0423 -0.9991 0.0079
vn -0.0667 -0.9978 0.0032
vn -0.0000 -1.0000 0.0067
vn 0.0489 -0.9988 0.0051
vn 0.1902 -0.9495 -0.2497
vn 0.1279 -0.9918 -0.0005
vn 0.9959 -0.0000 -0.0904
vn 0.9968 -0.0000 0.0797
vn 0.9314 0.3608 -0.0486
vn 0.5595 0.8288 -0.0005
vn 0.3838 0.9054 0.1816
vn 0.5296 0.8453 0.0714
vn 0.2742 0.9612 -0.0313
vn 0.3880 0.9171 -0.0911
vn 0.4860 0.8608 -0.1510
vn 0.4068 0.9023 -0.1428
vn 0.6713 0.7327 0.1113
vn 0.5838 0.8097 -0.0596
vn 0.5807 0.8054 -0.1189
vn -0.5814 0.8129 0.0345
vn -0.0371 -0.9993 0.0073
vn -0.0380 -0.9993 0.0030
vn -0.0000 -1.0000 0.0094
vn 0.0335 -0.9994 0.0079
vn 0.0846 -0.9964 0.0033
vn 0.5614 0.8276 -0.0011
vn 0.5708 0.8211 -0.0005
vn 0.9993 0.0387 -0.0012
vn 0.9987 -0.0517 -0.0028
vn 0.9314 0.3607 -0.0486
vn 0.9615 0.2748 -0.0000
vn 0.9904 0.1122 -0.0806
vn 0.4907 0.8713 -0.0000
vn 0.5848 0.8112 -0.0000
vn 0.1910 0.9816 -0.0000
vn -0.0955 0.9954 -0.0000
vn 0.9456 0.3243 0.0244
vn 0.9909 0.0690 0.1154
vn 0.9839 0.1734 -0.0442
vn 0.9865 0.0377 -0.1594
vn 0.9710 0.1976 -0.1345
vn 0.9791 0.1323 0.1545
vn 0.9993 0.0387 -0.0010
vn 0.9220 0.3871 -0.0000
vn 0.9615 0.2749 -0.0000
vn 0.7577 0.6526 -0.0000
vn -0.8890 -0.4451 -0.1078
vn -0.6713 -0.7327 -0.1113
vn -0.7539 -0.6490 -0.1022
vn 0.9555 -0.2950 -0.0000
vn 0.9512 -0.3084 -0.0000
vn 0.8207 -0.5714 -0.0000
vn 0.9267 -0.3758 -0.0000
vn 0.9185 -0.3954 -0.0000
vn 0.8195 -0.5731 -0.0000
vn 0.7105 -0.7037 -0.0000
vn 0.4907 -0.8713 -0.0000
vn 0.3891 -0.9212 -0.0000
vn 0.1911 -0.9816 -0.0000
vn 0.0955 -0.9954 -0.0000
vn -0.3838 -0.9054 -0.1816
vn -0.5945 -0.8008 -0.0720
vn -0.4384 -0.8872 -0.1441
vn -0.4459 -0.8820 0.1527
vn -0.1800 -0.9830 0.0347
vn -0.3889 -0.9165 0.0939
vn -0.4861 -0.8608 -0.1510
vn -0.5841 -0.8095 0.0594
vn -0.4871 -0.8596 0.1543
vn 0.4479 0.8940 0.0049
vn -0.9996 -0.0274 0.0011
vn -0.9903 -0.1122 0.0815
vn -0.9972 -0.0195 0.0715
vn -0.9798 -0.2001 -0.0000
vn -0.9776 -0.1993 0.0674
vn -0.4912 -0.8711 -0.0003
vn -0.1905 -0.9817 -0.0030
vn 0.1524 -0.9883 -0.0012
vn 0.1837 -0.9830 0.0010
vn -0.9841 -0.1706 -0.0502
vn -0.9819 -0.1837 0.0457
vn -0.9860 -0.0376 0.1623
vn -0.9909 -0.0690 -0.1154
vn -0.9791 -0.1324 -0.1545
vn -0.9862 -0.0448 -0.1597
vn -0.9710 -0.1976 0.1345
vn -0.9384 -0.3231 -0.1223
vn 0.1910 -0.9816 -0.0000
vn 0.8195 -0.5730 -0.0000
vn 0.9210 -0.3895 -0.0000
vn 0.9468 -0.3218 -0.0000
vn 0.9468 -0.3217 -0.0000
vn 0.9634 -0.2681 -0.0000
vn -0.8286 -0.5599 -0.0000
vn 0.0003 -0.0000 1.0000
vn -0.1000 -0.0521 0.9936
vn -0.0926 -0.0866 0.9919
vn -0.0913 -0.0647 0.9937
vn -0.0481 -0.1051 0.9933
vn 0.0078 -0.1603 0.9870
vn -0.1347 0.0264 0.9905
vn -0.0001 -0.0003 1.0000
vn -0.0004 -0.0003 1.0000
vn -0.0002 -0.0002 1.0000
vn 0.0631 -0.2025 -0.9773
vn 0.0640 -0.1908 -0.9795
vn 0.1388 -0.2408 -0.9606
vn 0.8126 -0.5814 0.0418
vn 0.8117 -0.5836 0.0226
vn 0.8128 -0.5792 0.0628
vn -0.0404 -0.1307 0.9906
vn -0.0634 -0.1279 0.9898
vn 0.1307 -0.2454 0.9606
vn 0.2103 -0.2649 0.9411
vn 0.0006 -0.0000 1.0000
vn 0.6344 -0.0000 -0.7730
vn -0.0002 -0.0000 -1.0000
vn -0.0002 -0.0002 -1.0000
vn -0.0009 -0.0001 -1.0000
vn -0.0006 -0.0003 -1.0000
vn -0.1974 0.9799 0.0285
vn -0.1927 0.9793 0.0616
vn -0.1994 0.9799 -0.0000
vn -0.0004 -1.0000 0.0099
vn -0.0583 -0.9981 0.0199
vn 0.0190 -0.9998 0.0078
vn -0.0014 0.0002 -1.0000
vn -0.0011 -0.0001 -1.0000
vn -0.0001 -0.0002 1.0000
vn -0.0001 -0.0001 1.0000
vn -0.0001 -0.0000 -1.0000
vn 0.8112 -0.5848 -0.0000
vn -0.0103 -0.0736 0.9972
vn -0.0075 -0.1106 0.9938
vn 0.2822 -0.2877 0.9152
vn 0.2990 -0.2723 0.9146
vn 0.8814 -0.4723 -0.0000
vn 0.2103 -0.2644 -0.9412
vn 0.2824 -0.2871 -0.9153
vn -0.0001 -0.0000 1.0000
vn -0.0002 -0.0001 1.0000
vn -0.1162 0.9932 -0.0000
vn 0.0772 -0.9970 0.0012
vn 0.0870 -0.9962 0.0018
vn -0.1455 0.3539 -0.9239
vn -0.1219 0.3749 -0.9190
vn -0.1518 0.2931 -0.9440
vn -0.1217 0.0333 0.9920
vn -0.1383 -0.0224 0.9901
vn -0.1303 0.0045 0.9915
vn -0.1509 0.2919 0.9445
vn -0.1770 0.2402 0.9544
vn -0.1441 0.3539 0.9241
vn -0.1670 0.2219 -0.9607
vn -0.1652 0.1655 -0.9723
vn -0.1891 0.9776 0.0923
vn -0.1852 0.9777 0.0991
vn -0.1191 -0.0495 0.9916
vn -0.1552 0.0980 0.9830
vn 0.0001 0.0001 -1.0000
vn -0.0000 1.0000 0.0001
vn -0.0000 0.0001 -1.0000
vn 0.5599 -0.8286 -0.0000
vn -0.5599 0.8286 -0.0000
vn 0.7099 -0.7043 -0.0000
vn 0.5858 -0.8105 -0.0000
vn 0.8105 0.5858 -0.0000
vn -0.0000 1.0000 0.0056
vn -0.0000 1.0000 0.0016
vn -0.0000 1.0000 0.0035
vn -0.0000 -0.0001 1.0000
vn -0.0000 1.0000 -0.0002
vn -0.5682 0.8200 0.0681
vn -0.9928 -0.0000 0.1194
vn -0.9968 0.0002 0.0797
vn 0.5681 0.8205 0.0638
vn -0.5681 0.8205 0.0638
vn 0.0913 0.9958 0.0086
vn -0.1096 0.9939 0.0090
vn -0.1312 0.9914 -0.0000
vn 0.9777 0.1989 -0.0674
vn 0.7178 0.6962 -0.0000
vn 0.7099 -0.7043 -0.0001
vn -0.5807 -0.8054 0.1189
vn 0.4485 -0.8938 -0.0001
vn -0.9987 0.0510 0.0030
vn -0.9798 -0.1998 -0.0001
vn -0.5848 -0.8112 -0.0000
vn -0.9841 -0.1705 -0.0502
vn 0.8138 -0.5782 0.0579
vn -0.0000 -0.0771 0.9970
vn 0.0001 -0.0003 -1.0000
vn 0.2774 -0.2619 -0.9243
vn 0.1162 -0.9932 -0.0000
vn -0.0910 0.0569 0.9942
vn -0.1183 0.3319 0.9359
vn -0.1678 0.1632 -0.9722
vn -0.0000 -0.0002 1.0000
vt 0.162451 0.024954
vt 0.152302 0.024954
vt 0.152302 0.023486
vt 0.149309 0.023242
vt 0.162451 0.023242
vt 0.648449 0.017873
vt 0.635307 0.017873
vt 0.638300 0.017628
vt 0.669495 0.580978
vt 0.666054 0.616934
vt 0.664334 0.616934
vt 0.249275 0.040179
vt 0.249275 0.042424
vt 0.229992 0.042424
vt 0.259797 0.020848
vt 0.256010 0.020848
vt 0.256010 0.019711
vt 0.113381 0.024912
vt 0.108000 0.025199
vt 0.108000 0.019459
vt 0.986266 0.596026
vt 0.982479 0.596026
vt 0.982479 0.594342
vt 0.795363 0.540951
vt 0.794443 0.539694
vt 0.794443 0.538011
vt 0.969663 0.956268
vt 0.965876 0.956268
vt 0.965876 0.950872
vt 0.969663 0.978773
vt 0.965876 0.978773
vt 0.965876 0.977850
vt 0.807331 0.538011
vt 0.807331 0.543751
vt 0.801949 0.543465
vt 0.969663 0.990771
vt 0.965876 0.990771
vt 0.965876 0.985376
vt 0.344060 0.021731
vt 0.344060 0.026642
vt 0.340703 0.027185
vt 0.969663 0.959633
vt 0.965876 0.959633
vt 0.801949 0.538011
vt 0.798593 0.542921
vt 0.969663 0.985376
vt 0.965876 0.982011
vt 0.980096 0.824623
vt 0.980096 0.828752
vt 0.978323 0.829533
vt 0.969663 0.961410
vt 0.965876 0.961410
vt 0.798593 0.538011
vt 0.796819 0.542140
vt 0.969663 0.982011
vt 0.965876 0.980233
vt 0.981553 0.824623
vt 0.981553 0.827563
vt 0.969663 0.962871
vt 0.965876 0.962871
vt 0.796819 0.538011
vt 0.969663 0.980233
vt 0.987708 0.015933
vt 0.987708 0.017616
vt 0.986788 0.018873
vt 0.986266 0.597283
vt 0.599114 0.043170
vt 0.599114 0.037429
vt 0.599715 0.037429
vt 0.969663 0.950872
vt 0.965876 0.950271
vt 0.107399 0.024878
vt 0.969663 0.991373
vt 0.599715 0.042849
vt 0.600368 0.037429
vt 0.259797 0.025131
vt 0.256010 0.025131
vt 0.256010 0.024053
vt 0.107399 0.019459
vt 0.106746 0.023800
vt 0.965876 0.991373
vt 0.969663 0.992027
vt 0.600368 0.041771
vt 0.600849 0.037429
vt 0.259797 0.024053
vt 0.106746 0.019459
vt 0.106265 0.020595
vt 0.965876 0.992027
vt 0.969663 0.992510
vt 0.489353 0.033849
vt 0.481944 0.033849
vt 0.481270 0.028503
vt 0.858432 0.178401
vt 0.856306 0.178401
vt 0.853886 0.173054
vt 0.051853 0.037937
vt 0.044444 0.037937
vt 0.043770 0.032590
vt 0.961144 0.536201
vt 0.959018 0.536201
vt 0.956598 0.530854
vt 0.091323 0.025199
vt 0.083914 0.025199
vt 0.083914 0.023068
vt 0.392569 0.064663
vt 0.384665 0.064663
vt 0.384665 0.061319
vt 0.392569 0.071351
vt 0.384665 0.071351
vt 0.384665 0.068007
vt 0.863893 0.173054
vt 0.862683 0.178401
vt 0.860557 0.178401
vt 0.219745 0.025199
vt 0.214229 0.025199
vt 0.214229 0.023068
vt 0.966605 0.530854
vt 0.965395 0.536201
vt 0.963269 0.536201
vt 0.392569 0.068007
vt 0.867228 0.173054
vt 0.864808 0.178401
vt 0.831236 0.023995
vt 0.823827 0.023995
vt 0.823827 0.021864
vt 0.963269 0.530854
vt 0.392569 0.074695
vt 0.384665 0.074695
vt 0.860557 0.173054
vt 0.219745 0.023068
vt 0.214229 0.020937
vt 0.083240 0.020641
vt 0.963269 0.540826
vt 0.945630 0.038974
vt 0.953039 0.038974
vt 0.953039 0.043599
vt 0.862683 0.183025
vt 0.965395 0.540826
vt 0.860557 0.183025
vt 0.950636 0.089317
vt 0.958045 0.089317
vt 0.958045 0.093942
vt 0.961144 0.540826
vt 0.963269 0.541507
vt 0.945630 0.043599
vt 0.952860 0.044280
vt 0.862683 0.183707
vt 0.965395 0.541507
vt 0.858432 0.183025
vt 0.860557 0.183707
vt 0.950636 0.093942
vt 0.957865 0.094623
vt 0.212931 0.025199
vt 0.212931 0.023068
vt 0.213533 0.023068
vt 0.945582 0.044280
vt 0.952257 0.044882
vt 0.501043 0.011392
vt 0.501043 0.013523
vt 0.500440 0.013523
vt 0.212931 0.020937
vt 0.213533 0.020937
vt 0.501043 0.009261
vt 0.500440 0.011392
vt 0.950588 0.094623
vt 0.957263 0.095225
vt 0.213533 0.025199
vt 0.945795 0.044882
vt 0.951561 0.045151
vt 0.499745 0.013523
vt 0.500440 0.009261
vt 0.499745 0.011392
vt 0.951052 0.095225
vt 0.956567 0.095494
vt 0.398091 0.061319
vt 0.398091 0.064663
vt 0.395419 0.064663
vt 0.057196 0.032590
vt 0.057029 0.037937
vt 0.054524 0.037937
vt 0.836411 0.021864
vt 0.836411 0.023995
vt 0.833906 0.023995
vt 0.940499 0.041714
vt 0.940454 0.038974
vt 0.942959 0.038974
vt 0.395419 0.068007
vt 0.395419 0.071351
vt 0.392746 0.071351
vt 0.392746 0.068007
vt 0.944879 0.095494
vt 0.945129 0.095225
vt 0.945504 0.095225
vt 0.057373 0.032590
vt 0.057195 0.037937
vt 0.395419 0.061319
vt 0.392746 0.064663
vt 0.395419 0.074695
vt 0.392746 0.074695
vt 0.945294 0.093942
vt 0.945294 0.089317
vt 0.945460 0.089317
vt 0.945341 0.094623
vt 0.945504 0.092057
vt 0.947965 0.089317
vt 0.287527 0.025054
vt 0.287527 0.027185
vt 0.285023 0.027185
vt 0.494696 0.028503
vt 0.494529 0.033849
vt 0.492024 0.033849
vt 0.398091 0.071351
vt 0.398091 0.074695
vt 0.398091 0.068007
vt 0.406172 0.061319
vt 0.406172 0.064663
vt 0.398268 0.064663
vt 0.406172 0.068007
vt 0.398268 0.068007
vt 0.406172 0.071351
vt 0.398268 0.071351
vt 0.406172 0.074695
vt 0.398268 0.074695
vt 0.502777 0.028503
vt 0.502104 0.033849
vt 0.494695 0.033849
vt 0.295102 0.025054
vt 0.295102 0.027185
vt 0.287693 0.027185
vt 0.950425 0.092057
vt 0.950470 0.089317
vt 0.950425 0.094623
vt 0.950425 0.095225
vt 0.950425 0.095494
vt 0.900241 0.019733
vt 0.900241 0.021864
vt 0.894940 0.021864
vt 0.900241 0.023995
vt 0.894541 0.023995
vt 0.934357 0.045151
vt 0.933661 0.044882
vt 0.939872 0.044882
vt 0.933059 0.044280
vt 0.940336 0.044280
vt 0.932879 0.043599
vt 0.940288 0.043599
vt 0.932879 0.038974
vt 0.940288 0.038974
vt 0.670966 0.016965
vt 0.670966 0.019096
vt 0.663557 0.019096
vt 0.051851 0.032590
vt 0.052019 0.037937
vt 0.392746 0.061319
vt 0.489352 0.028503
vt 0.489519 0.033849
vt 0.282518 0.025054
vt 0.282518 0.027185
vt 0.282352 0.027185
vt 0.937885 0.093942
vt 0.937885 0.089317
vt 0.938064 0.094623
vt 0.938667 0.095225
vt 0.939362 0.095494
vt 0.971846 0.016742
vt 0.971846 0.018873
vt 0.971220 0.018873
vt 0.220371 0.023068
vt 0.220371 0.025199
vt 0.945419 0.045151
vt 0.945419 0.044882
vt 0.945419 0.044280
vt 0.945419 0.041714
vt 0.945464 0.038974
vt 0.831402 0.021864
vt 0.831402 0.023995
vt 0.065277 0.032590
vt 0.064604 0.037937
vt 0.054524 0.032590
vt 0.398268 0.061319
vt 0.494873 0.028503
vt 0.287693 0.025054
vt 0.947965 0.092057
vt 0.945504 0.094623
vt 0.285023 0.025054
vt 0.492024 0.028503
vt 0.894541 0.019733
vt 0.894099 0.021864
vt 0.894099 0.023995
vt 0.940056 0.045151
vt 0.940499 0.044882
vt 0.940499 0.044280
vt 0.663557 0.016965
vt 0.663391 0.019096
vt 0.833906 0.021864
vt 0.942959 0.041714
vt 0.561440 0.016003
vt 0.561440 0.020264
vt 0.558980 0.020264
vt 0.563900 0.016003
vt 0.563900 0.020264
vt 0.804327 0.073035
vt 0.808578 0.073035
vt 0.808578 0.075601
vt 0.804327 0.075601
vt 0.808578 0.076203
vt 0.804327 0.076203
vt 0.808578 0.076473
vt 0.716603 0.018892
vt 0.712352 0.018892
vt 0.712352 0.018622
vt 0.712352 0.018021
vt 0.716603 0.018021
vt 0.716603 0.018622
vt 0.712352 0.015455
vt 0.771311 0.248386
vt 0.766468 0.251629
vt 0.764819 0.247637
vt 0.177393 0.023649
vt 0.183585 0.023649
vt 0.183788 0.025199
vt 0.774546 0.243531
vt 0.768263 0.245330
vt 0.767247 0.253513
vt 0.772749 0.249828
vt 0.773876 0.250957
vt 0.775683 0.237805
vt 0.770564 0.241877
vt 0.760756 0.252769
vt 0.760756 0.248447
vt 0.977312 0.429175
vt 0.977312 0.435382
vt 0.975766 0.435006
vt 0.774546 0.232078
vt 0.771372 0.237805
vt 0.776425 0.244311
vt 0.777898 0.244923
vt 0.771311 0.227224
vt 0.770564 0.233732
vt 0.755044 0.251629
vt 0.756694 0.247637
vt 0.977312 0.421853
vt 0.975766 0.428971
vt 0.766468 0.223980
vt 0.768263 0.230279
vt 0.777717 0.237805
vt 0.779310 0.237805
vt 0.760756 0.222841
vt 0.764819 0.227972
vt 0.750202 0.248386
vt 0.753250 0.245330
vt 0.190888 0.023649
vt 0.190888 0.025199
vt 0.755044 0.223980
vt 0.760756 0.227162
vt 0.760756 0.254807
vt 0.767857 0.254989
vt 0.750202 0.227224
vt 0.756694 0.227972
vt 0.746966 0.243531
vt 0.750949 0.241877
vt 0.977312 0.414531
vt 0.975766 0.421853
vt 0.746966 0.232078
vt 0.753250 0.230279
vt 0.776425 0.231298
vt 0.777898 0.230686
vt 0.745830 0.237805
vt 0.750949 0.233732
vt 0.750141 0.237805
vt 0.977312 0.408324
vt 0.975766 0.414735
vt 0.745087 0.244311
vt 0.743796 0.237805
vt 0.743615 0.244923
vt 0.976175 0.753508
vt 0.976175 0.746186
vt 0.977721 0.746186
vt 0.745087 0.231298
vt 0.742203 0.237805
vt 0.976175 0.738864
vt 0.977721 0.739067
vt 0.748764 0.225782
vt 0.743615 0.230686
vt 0.976175 0.732656
vt 0.977721 0.733033
vt 0.748764 0.249828
vt 0.747637 0.250957
vt 0.976175 0.759715
vt 0.977721 0.753304
vt 0.754266 0.222096
vt 0.747637 0.224652
vt 0.385992 0.027185
vt 0.379800 0.027185
vt 0.379597 0.025635
vt 0.760756 0.220802
vt 0.753656 0.220620
vt 0.372497 0.027185
vt 0.372497 0.025635
vt 0.754266 0.253513
vt 0.753656 0.254989
vt 0.827666 0.797218
vt 0.833857 0.797218
vt 0.833482 0.798768
vt 0.767247 0.222096
vt 0.760756 0.219204
vt 0.365193 0.027185
vt 0.365397 0.025635
vt 0.772749 0.225782
vt 0.767857 0.220620
vt 0.359002 0.027185
vt 0.359377 0.025635
vt 0.760756 0.256405
vt 0.820362 0.797218
vt 0.827462 0.798768
vt 0.773876 0.224652
vt 0.061703 0.012257
vt 0.061691 0.012822
vt 0.060829 0.012521
vt 0.874017 0.022512
vt 0.874017 0.020650
vt 0.879157 0.020650
vt 0.918548 0.021904
vt 0.917522 0.021546
vt 0.918562 0.021232
vt 0.061349 0.013272
vt 0.874017 0.023995
vt 0.879157 0.022512
vt 0.918142 0.022440
vt 0.060809 0.013436
vt 0.580596 0.017297
vt 0.582375 0.017297
vt 0.582375 0.022449
vt 0.917499 0.022634
vt 0.060277 0.013249
vt 0.578843 0.017297
vt 0.580596 0.022449
vt 0.916865 0.022413
vt 0.059955 0.012785
vt 0.856493 0.022465
vt 0.856493 0.023995
vt 0.851353 0.023995
vt 0.916483 0.021860
vt 0.059967 0.012219
vt 0.856493 0.020603
vt 0.851353 0.022465
vt 0.916497 0.021187
vt 0.060308 0.011769
vt 0.856493 0.019121
vt 0.851353 0.020603
vt 0.916903 0.020651
vt 0.060849 0.011606
vt 0.599095 0.021155
vt 0.597317 0.021155
vt 0.597317 0.016003
vt 0.917546 0.020457
vt 0.061381 0.011792
vt 0.600849 0.021155
vt 0.599095 0.016003
vt 0.918179 0.020679
vt 0.874017 0.019121
vt 0.879157 0.019121
vt 0.919862 0.020839
vt 0.919829 0.022353
vt 0.872726 0.022326
vt 0.918916 0.023558
vt 0.872726 0.023532
vt 0.917470 0.023995
vt 0.580608 0.016003
vt 0.916044 0.023496
vt 0.579183 0.016003
vt 0.915183 0.022252
vt 0.857784 0.022302
vt 0.915216 0.020739
vt 0.857784 0.020789
vt 0.916129 0.019534
vt 0.857784 0.019584
vt 0.917575 0.019097
vt 0.599083 0.022449
vt 0.919001 0.019596
vt 0.600509 0.022449
vt 0.872726 0.020813
vt 0.235353 0.023716
vt 0.235313 0.021855
vt 0.237317 0.022460
vt 0.236477 0.025199
vt 0.237329 0.023025
vt 0.483049 0.013523
vt 0.481270 0.012986
vt 0.482464 0.011262
vt 0.484803 0.012909
vt 0.483004 0.011425
vt 0.241068 0.023593
vt 0.240009 0.025122
vt 0.238743 0.023452
vt 0.241028 0.021731
vt 0.239064 0.022988
vt 0.239904 0.020249
vt 0.239052 0.022422
vt 0.238126 0.019711
vt 0.238711 0.021972
vt 0.236372 0.020325
vt 0.238171 0.021809
vt 0.237638 0.021995
vt 0.276172 0.009461
vt 0.276160 0.008896
vt 0.277033 0.009160
vt 0.276513 0.009911
vt 0.277053 0.010074
vt 0.277586 0.009888
vt 0.277907 0.009424
vt 0.179129 0.008103
vt 0.179141 0.008669
vt 0.178267 0.008405
vt 0.178787 0.007653
vt 0.178247 0.007490
vt 0.177715 0.007676
vt 0.177393 0.008141
vt 0.292850 0.009624
vt 0.292850 0.009059
vt 0.295102 0.009059
vt 0.292850 0.010074
vt 0.295102 0.009624
vt 0.987642 0.051091
vt 0.988182 0.051091
vt 0.988182 0.053350
vt 0.987110 0.051091
vt 0.987642 0.053350
vt 0.045013 0.012622
vt 0.045013 0.013086
vt 0.042760 0.013086
vt 0.045013 0.012056
vt 0.042760 0.012622
vt 0.045013 0.011606
vt 0.042760 0.012056
vt 0.987328 0.036111
vt 0.986788 0.036111
vt 0.986788 0.033853
vt 0.987861 0.036111
vt 0.987328 0.033853
vt 0.988182 0.036111
vt 0.987861 0.033853
vt 0.447784 0.012300
vt 0.446985 0.013523
vt 0.444342 0.011787
vt 0.979293 0.239297
vt 0.979293 0.252471
vt 0.976651 0.252471
vt 0.463526 0.013523
vt 0.462727 0.012300
vt 0.465369 0.010564
vt 0.979293 0.211142
vt 0.979293 0.224317
vt 0.976651 0.224317
vt 0.648449 0.019096
vt 0.635307 0.019096
vt 0.539226 0.013077
vt 0.536583 0.014812
vt 0.536423 0.014568
vt 0.772569 0.015770
vt 0.775212 0.017506
vt 0.774679 0.018321
vt 0.982615 0.653706
vt 0.985258 0.655441
vt 0.985122 0.655650
vt 0.521481 0.014300
vt 0.518839 0.016036
vt 0.517879 0.014568
vt 0.520522 0.012832
vt 0.517720 0.014323
vt 0.149309 0.022019
vt 0.162451 0.022019
vt 0.983415 0.652483
vt 0.986057 0.654218
vt 0.540025 0.014300
vt 0.537383 0.016036
vt 0.771800 0.016948
vt 0.774442 0.018684
vt 0.774306 0.018892
vt 0.151913 0.024628
vt 0.151526 0.024990
vt 0.151526 0.023450
vt 0.151913 0.023813
vt 0.772807 0.015407
vt 0.775449 0.017143
vt 0.770188 0.057346
vt 0.763955 0.055495
vt 0.785611 0.055495
vt 0.758797 0.051766
vt 0.790769 0.051766
vt 0.520043 0.053718
vt 0.517720 0.048829
vt 0.555311 0.048829
vt 0.059069 0.208073
vt 0.056920 0.202273
vt 0.097838 0.202273
vt 0.056920 0.198213
vt 0.097838 0.198213
vt 0.053450 0.195698
vt 0.101308 0.195698
vt 0.101308 0.173517
vt 0.053450 0.173517
vt 0.053450 0.169541
vt 0.101308 0.169541
vt 0.101308 0.162368
vt 0.053450 0.162368
vt 0.053450 0.162265
vt 0.101308 0.162265
vt 0.732463 0.057346
vt 0.723273 0.057346
vt 0.717040 0.055495
vt 0.738696 0.055495
vt 0.711882 0.051766
vt 0.500454 0.053718
vt 0.468481 0.053718
vt 0.465186 0.048829
vt 0.511061 0.183926
vt 0.473469 0.183926
vt 0.472292 0.178126
vt 0.513210 0.178126
vt 0.472292 0.174065
vt 0.513210 0.174065
vt 0.468822 0.171551
vt 0.468822 0.149370
vt 0.516680 0.149370
vt 0.516680 0.171551
vt 0.468822 0.145394
vt 0.468822 0.138221
vt 0.516680 0.138221
vt 0.516680 0.145394
vt 0.468822 0.138118
vt 0.424646 0.206212
vt 0.426134 0.206125
vt 0.426133 0.211119
vt 0.887793 0.181986
vt 0.884963 0.178919
vt 0.884963 0.123777
vt 0.905334 0.123777
vt 0.905334 0.178919
vt 0.901939 0.181986
vt 0.892746 0.123777
vt 0.892802 0.183207
vt 0.897506 0.123777
vt 0.897496 0.183207
vt 0.895149 0.183207
vt 0.901939 0.123777
vt 0.894866 0.123777
vt 0.628989 0.667876
vt 0.635546 0.667876
vt 0.635546 0.699483
vt 0.495385 0.331919
vt 0.495385 0.335935
vt 0.485273 0.334429
vt 0.637487 0.216113
vt 0.632199 0.224375
vt 0.618371 0.217437
vt 0.598836 0.667876
vt 0.612273 0.667876
vt 0.612273 0.699483
vt 0.495385 0.325104
vt 0.485273 0.330368
vt 0.628529 0.208796
vt 0.621972 0.213465
vt 0.625710 0.667876
vt 0.625710 0.699483
vt 0.612273 0.709620
vt 0.625102 0.709620
vt 0.624494 0.719757
vt 0.645245 0.203898
vt 0.645245 0.224375
vt 0.631808 0.206462
vt 0.219342 0.393199
vt 0.219342 0.389227
vt 0.250869 0.385728
vt 0.599444 0.709620
vt 0.612273 0.719757
vt 0.658682 0.206462
vt 0.595557 0.667876
vt 0.598836 0.699483
vt 0.591694 0.709620
vt 0.600052 0.719757
vt 0.653003 0.216113
vt 0.219342 0.409447
vt 0.250869 0.389700
vt 0.260981 0.388193
vt 0.260981 0.384177
vt 0.271093 0.382626
vt 0.658292 0.224375
vt 0.668519 0.213465
vt 0.924314 0.527658
vt 0.920770 0.527658
vt 0.920770 0.474926
vt 0.537023 0.340941
vt 0.572889 0.341583
vt 0.572889 0.357189
vt 0.495385 0.357138
vt 0.505496 0.337442
vt 0.537023 0.336969
vt 0.271093 0.386687
vt 0.271093 0.409344
vt 0.672119 0.217437
vt 0.672119 0.233043
vt 0.183477 0.409447
vt 0.183477 0.393841
vt 0.183477 0.389869
vt 0.595557 0.631920
vt 0.598836 0.631920
vt 0.612273 0.631920
vt 0.625710 0.631920
vt 0.628989 0.631920
vt 0.635546 0.631920
vt 0.572889 0.337611
vt 0.505496 0.357189
vt 0.438138 0.583229
vt 0.421861 0.583229
vt 0.421861 0.582908
vt 0.343942 0.322349
vt 0.268549 0.323041
vt 0.268549 0.321030
vt 0.624494 0.991849
vt 0.636715 0.991849
vt 0.636715 0.992510
vt 0.282656 0.269969
vt 0.282656 0.270614
vt 0.213207 0.270358
vt 0.262307 0.548931
vt 0.260776 0.548931
vt 0.260776 0.473352
vt 0.600052 0.789382
vt 0.587831 0.789382
vt 0.587831 0.719757
vt 0.234975 0.334429
vt 0.234975 0.357086
vt 0.229632 0.351641
vt 0.268549 0.334429
vt 0.268549 0.357086
vt 0.932742 0.992510
vt 0.916465 0.992510
vt 0.916465 0.987065
vt 0.756130 0.122222
vt 0.756130 0.120211
vt 0.789705 0.120211
vt 0.263123 0.473352
vt 0.260776 0.454824
vt 0.624494 0.937028
vt 0.636715 0.937028
vt 0.636715 0.970688
vt 0.663288 0.060370
vt 0.647011 0.060370
vt 0.647011 0.059246
vt 0.789705 0.122222
vt 0.795048 0.120211
vt 0.795048 0.121918
vt 0.799533 0.120211
vt 0.624494 0.970688
vt 0.636715 0.976044
vt 0.932742 0.978240
vt 0.916465 0.978240
vt 0.916465 0.972325
vt 0.799533 0.121426
vt 0.801116 0.120211
vt 0.624494 0.976044
vt 0.636715 0.980541
vt 0.229632 0.332406
vt 0.225146 0.342816
vt 0.932742 0.987065
vt 0.223563 0.326928
vt 0.223563 0.336901
vt 0.220595 0.332446
vt 0.663288 0.068967
vt 0.647011 0.068967
vt 0.647011 0.065991
vt 0.801116 0.121096
vt 0.804085 0.120211
vt 0.624494 0.980541
vt 0.636715 0.982128
vt 0.225146 0.329126
vt 0.220595 0.325272
vt 0.217890 0.330177
vt 0.663288 0.065991
vt 0.647011 0.063280
vt 0.804085 0.120848
vt 0.806789 0.120211
vt 0.624494 0.982128
vt 0.636715 0.985104
vt 0.809691 0.120636
vt 0.809691 0.120211
vt 0.810813 0.120211
vt 0.808504 0.120666
vt 0.808504 0.120211
vt 0.624494 0.987815
vt 0.636715 0.987815
vt 0.636715 0.989534
vt 0.217890 0.324429
vt 0.216175 0.329187
vt 0.213867 0.323571
vt 0.213867 0.327867
vt 0.213207 0.326795
vt 0.624636 0.989534
vt 0.636715 0.990725
vt 0.663288 0.063280
vt 0.647011 0.061561
vt 0.438138 0.589745
vt 0.421861 0.589745
vt 0.421861 0.588672
vt 0.810813 0.120592
vt 0.811472 0.120211
vt 0.216175 0.324061
vt 0.214988 0.328651
vt 0.806789 0.120721
vt 0.624636 0.990725
vt 0.214988 0.323862
vt 0.663288 0.061561
vt 0.624636 0.985104
vt 0.343942 0.357086
vt 0.234975 0.330368
vt 0.268549 0.330368
vt 0.229632 0.328958
vt 0.225146 0.326672
vt 0.223563 0.325140
vt 0.220595 0.323987
vt 0.217890 0.323399
vt 0.216175 0.323143
vt 0.214988 0.323004
vt 0.213867 0.322801
vt 0.213207 0.322523
vt 0.438138 0.588672
vt 0.421861 0.585050
vt 0.811472 0.125975
vt 0.810813 0.127048
vt 0.810813 0.122752
vt 0.809691 0.127832
vt 0.809691 0.123043
vt 0.808504 0.128368
vt 0.808504 0.123242
vt 0.806789 0.129358
vt 0.806789 0.123610
vt 0.804085 0.131627
vt 0.804085 0.124453
vt 0.801116 0.136082
vt 0.801116 0.126109
vt 0.799533 0.141996
vt 0.799533 0.128307
vt 0.795048 0.150822
vt 0.795048 0.131587
vt 0.789705 0.156267
vt 0.789705 0.133610
vt 0.756130 0.156267
vt 0.756130 0.133610
vt 0.282656 0.306038
vt 0.213207 0.306038
vt 0.213207 0.283381
vt 0.343942 0.334429
vt 0.234975 0.323041
vt 0.229632 0.322737
vt 0.225146 0.322245
vt 0.223563 0.321915
vt 0.220595 0.321667
vt 0.217890 0.321540
vt 0.216175 0.321485
vt 0.214988 0.321455
vt 0.213867 0.321411
vt 0.213207 0.321352
vt 0.438138 0.585050
vt 0.421861 0.584401
vt 0.811472 0.122353
vt 0.810813 0.121982
vt 0.809691 0.122185
vt 0.808504 0.122323
vt 0.806789 0.122580
vt 0.804085 0.123167
vt 0.801116 0.124321
vt 0.799533 0.125853
vt 0.795048 0.128139
vt 0.789705 0.129549
vt 0.756130 0.129549
vt 0.282656 0.283381
vt 0.213207 0.279320
vt 0.343942 0.330368
vt 0.234975 0.321030
vt 0.229632 0.321030
vt 0.225146 0.321030
vt 0.223563 0.321030
vt 0.220595 0.321030
vt 0.217890 0.321030
vt 0.216175 0.321030
vt 0.214988 0.321030
vt 0.213867 0.321030
vt 0.213207 0.321030
vt 0.438138 0.584401
vt 0.811472 0.121704
vt 0.282656 0.279320
vt 0.624494 0.861445
vt 0.612273 0.937028
vt 0.600052 0.970688
vt 0.600052 0.937028
vt 0.600052 0.976044
vt 0.612273 0.970688
vt 0.600052 0.980541
vt 0.612273 0.976044
vt 0.600052 0.982128
vt 0.612273 0.980541
vt 0.600194 0.985104
vt 0.612273 0.982128
vt 0.600052 0.987815
vt 0.612557 0.985104
vt 0.600194 0.989534
vt 0.612273 0.987815
vt 0.600194 0.990725
vt 0.612557 0.989534
vt 0.600052 0.991849
vt 0.612557 0.990725
vt 0.604108 0.992510
vt 0.612273 0.991849
vt 0.651910 0.371650
vt 0.649563 0.371650
vt 0.649563 0.335915
vt 0.646380 0.372447
vt 0.646380 0.336616
vt 0.654257 0.371650
vt 0.651910 0.335915
vt 0.657440 0.372447
vt 0.654257 0.335915
vt 0.567689 0.256405
vt 0.567391 0.252596
vt 0.603136 0.252288
vt 0.480911 0.252596
vt 0.480613 0.256405
vt 0.444873 0.256041
vt 0.565703 0.247603
vt 0.601283 0.246808
vt 0.482599 0.247603
vt 0.445166 0.252288
vt 0.560241 0.241678
vt 0.595576 0.240617
vt 0.488061 0.241678
vt 0.447019 0.246808
vt 0.556007 0.237530
vt 0.591315 0.236443
vt 0.492295 0.237530
vt 0.452726 0.240617
vt 0.553390 0.234962
vt 0.588708 0.233885
vt 0.267817 0.454824
vt 0.267817 0.473352
vt 0.265470 0.473352
vt 0.668276 0.459489
vt 0.669028 0.529111
vt 0.664334 0.529107
vt 0.612273 0.861445
vt 0.587831 0.970688
vt 0.587831 0.937028
vt 0.587831 0.976044
vt 0.587831 0.980541
vt 0.587831 0.982128
vt 0.587831 0.985104
vt 0.587831 0.987815
vt 0.587831 0.989534
vt 0.587831 0.990725
vt 0.587831 0.991849
vt 0.587831 0.992510
vt 0.494913 0.234962
vt 0.456987 0.236443
vt 0.548047 0.229517
vt 0.583539 0.228617
vt 0.543561 0.220691
vt 0.579232 0.220143
vt 0.541978 0.214777
vt 0.577626 0.214140
vt 0.539010 0.210322
vt 0.574397 0.209295
vt 0.536305 0.208053
vt 0.571424 0.206801
vt 0.534590 0.207063
vt 0.569529 0.205707
vt 0.533403 0.206527
vt 0.568402 0.205198
vt 0.532282 0.205743
vt 0.567655 0.204676
vt 0.531622 0.204670
vt 0.567386 0.204239
vt 0.531622 0.201048
vt 0.567386 0.201048
vt 0.531622 0.200399
vt 0.567386 0.200399
vt 0.531622 0.199227
vt 0.567386 0.199227
vt 0.265470 0.454824
vt 0.664334 0.459486
vt 0.659640 0.529107
vt 0.636715 0.861445
vt 0.612273 0.992510
vt 0.632069 0.037429
vt 0.632069 0.037751
vt 0.615791 0.037751
vt 0.632069 0.038922
vt 0.615791 0.038922
vt 0.632069 0.039572
vt 0.615791 0.039572
vt 0.632069 0.043194
vt 0.615791 0.043194
vt 0.632069 0.044266
vt 0.615791 0.044266
vt 0.811472 0.171247
vt 0.811472 0.172371
vt 0.795195 0.172371
vt 0.811472 0.173561
vt 0.795195 0.173561
vt 0.811472 0.175281
vt 0.795195 0.175281
vt 0.023748 0.027507
vt 0.023748 0.029776
vt 0.007471 0.029776
vt 0.023748 0.034230
vt 0.007471 0.034230
vt 0.932742 0.937160
vt 0.932742 0.943075
vt 0.916465 0.943075
vt 0.932742 0.951900
vt 0.916465 0.951900
vt 0.932742 0.957345
vt 0.916465 0.957345
vt 0.270164 0.454824
vt 0.270164 0.473352
vt 0.669028 0.459489
vt 0.588415 0.709620
vt 0.588999 0.699483
vt 0.595557 0.699483
vt 0.588999 0.667876
vt 0.588999 0.631920
vt 0.661961 0.208796
vt 0.127690 0.230301
vt 0.127689 0.226154
vt 0.180288 0.226154
vt 0.628989 0.699483
vt 0.618371 0.233043
vt 0.127692 0.236226
vt 0.180288 0.230301
vt 0.632199 0.233043
vt 0.634091 0.235640
vt 0.728915 0.956554
vt 0.728915 0.992510
vt 0.725018 0.992509
vt 0.728915 0.924948
vt 0.725018 0.956552
vt 0.727699 0.914810
vt 0.725018 0.924946
vt 0.402158 0.512045
vt 0.403374 0.501908
vt 0.406919 0.501907
vt 0.400943 0.553788
vt 0.400943 0.522182
vt 0.404840 0.522181
vt 0.400943 0.589745
vt 0.404840 0.553787
vt 0.658292 0.233043
vt 0.668222 0.235640
vt 0.127693 0.241220
vt 0.180290 0.236226
vt 0.920770 0.455595
vt 0.920770 0.380012
vt 0.924314 0.380012
vt 0.206322 0.109439
vt 0.206322 0.075780
vt 0.209866 0.078404
vt 0.222599 0.075780
vt 0.222599 0.078404
vt 0.531622 0.198906
vt 0.567386 0.198906
vt 0.117491 0.105487
vt 0.125656 0.105487
vt 0.125656 0.141341
vt 0.726483 0.653742
vt 0.726483 0.687402
vt 0.722939 0.687402
vt 0.710206 0.653742
vt 0.722939 0.656367
vt 0.726483 0.835048
vt 0.726483 0.904673
vt 0.722939 0.904672
vt 0.653274 0.459487
vt 0.648004 0.459488
vt 0.648004 0.406758
vt 0.622268 0.235640
vt 0.634091 0.239788
vt 0.739572 0.173852
vt 0.775438 0.173852
vt 0.775435 0.177999
vt 0.708046 0.173852
vt 0.739569 0.177999
vt 0.697935 0.173786
vt 0.708042 0.177999
vt 0.205193 0.196042
vt 0.215304 0.195976
vt 0.215306 0.200123
vt 0.163555 0.196108
vt 0.195081 0.196108
vt 0.195085 0.200255
vt 0.127689 0.196108
vt 0.163558 0.200255
vt 0.656400 0.235640
vt 0.668222 0.239788
vt 0.659640 0.459486
vt 0.653274 0.406758
vt 0.199570 0.226154
vt 0.274963 0.226154
vt 0.274963 0.230301
vt 0.305920 0.226154
vt 0.301686 0.230301
vt 0.222599 0.082649
vt 0.500255 0.229517
vt 0.459594 0.233885
vt 0.504741 0.220691
vt 0.464763 0.228617
vt 0.683036 0.072325
vt 0.713993 0.072325
vt 0.713993 0.076473
vt 0.710206 0.656367
vt 0.722939 0.660612
vt 0.618374 0.173720
vt 0.687823 0.173720
vt 0.687822 0.177868
vt 0.645245 0.243651
vt 0.645245 0.245713
vt 0.622268 0.239788
vt 0.638027 0.245713
vt 0.775429 0.183924
vt 0.739564 0.183924
vt 0.697932 0.177934
vt 0.708037 0.183924
vt 0.205195 0.200189
vt 0.215309 0.206048
vt 0.195090 0.206180
vt 0.127693 0.200255
vt 0.163563 0.206180
vt 0.656400 0.239788
vt 0.666900 0.245713
vt 0.652464 0.245713
vt 0.199571 0.230301
vt 0.274963 0.236226
vt 0.296224 0.236226
vt 0.916465 0.904449
vt 0.929198 0.904449
vt 0.929198 0.910374
vt 0.506324 0.214777
vt 0.469070 0.220143
vt 0.509292 0.210322
vt 0.470676 0.214140
vt 0.120484 0.166413
vt 0.147207 0.166413
vt 0.147207 0.172338
vt 0.926557 0.241806
vt 0.939290 0.241806
vt 0.938087 0.247731
vt 0.618374 0.177868
vt 0.687820 0.183792
vt 0.645245 0.250706
vt 0.623590 0.245713
vt 0.639261 0.250706
vt 0.775425 0.188918
vt 0.739559 0.188918
vt 0.697929 0.183858
vt 0.708033 0.188918
vt 0.205199 0.206114
vt 0.215311 0.211042
vt 0.195094 0.211174
vt 0.127698 0.206180
vt 0.163568 0.211174
vt 0.663199 0.250706
vt 0.651230 0.250706
vt 0.199572 0.236226
vt 0.274963 0.241220
vt 0.294536 0.241220
vt 0.917667 0.910374
vt 0.929198 0.915368
vt 0.511997 0.208053
vt 0.473905 0.209295
vt 0.513712 0.207063
vt 0.476878 0.206801
vt 0.125946 0.172338
vt 0.147207 0.177332
vt 0.926557 0.247731
vt 0.934721 0.252725
vt 0.618372 0.183792
vt 0.687819 0.188786
vt 0.645245 0.254515
vt 0.627291 0.250706
vt 0.641192 0.254515
vt 0.682288 0.580984
vt 0.682288 0.616940
vt 0.676494 0.616937
vt 0.682288 0.549378
vt 0.676494 0.580981
vt 0.681475 0.539245
vt 0.676494 0.549374
vt 0.647192 0.539244
vt 0.648004 0.529110
vt 0.653274 0.529109
vt 0.646380 0.580984
vt 0.646380 0.549378
vt 0.652174 0.549374
vt 0.646380 0.616940
vt 0.652174 0.580981
vt 0.657406 0.254515
vt 0.649299 0.254515
vt 0.249141 0.548932
vt 0.249141 0.473352
vt 0.254410 0.473352
vt 0.249141 0.453729
vt 0.254410 0.454028
vt 0.921033 0.915368
vt 0.931833 0.919177
vt 0.514899 0.206527
vt 0.478773 0.205707
vt 0.516020 0.205743
vt 0.479900 0.205198
vt 0.281800 0.453729
vt 0.281800 0.473352
vt 0.276530 0.473352
vt 0.926556 0.252725
vt 0.929452 0.256534
vt 0.680663 0.459490
vt 0.680663 0.529113
vt 0.675394 0.529112
vt 0.645245 0.256405
vt 0.633085 0.254515
vt 0.643525 0.256405
vt 0.669495 0.616934
vt 0.675944 0.539243
vt 0.669495 0.549372
vt 0.652724 0.539242
vt 0.659173 0.549372
vt 0.652174 0.616937
vt 0.659173 0.580978
vt 0.650406 0.256405
vt 0.646966 0.256405
vt 0.254410 0.548932
vt 0.926303 0.919177
vt 0.935016 0.921067
vt 0.516680 0.204670
vt 0.480647 0.204676
vt 0.516680 0.201048
vt 0.480916 0.204239
vt 0.276530 0.454028
vt 0.379551 0.377473
vt 0.385081 0.377473
vt 0.378715 0.379363
vt 0.675394 0.459489
vt 0.335255 0.283381
vt 0.335255 0.306038
vt 0.335255 0.279320
vt 0.335255 0.271124
vt 0.335255 0.269991
vt 0.600052 0.842113
vt 0.587831 0.842113
vt 0.612273 0.789382
vt 0.624494 0.789382
vt 0.636715 0.719757
vt 0.636715 0.789382
vt 0.415824 0.321018
vt 0.485273 0.321406
vt 0.415824 0.321662
vt 0.415824 0.330368
vt 0.415824 0.334429
vt 0.485273 0.357086
vt 0.415824 0.357086
vt 0.722670 0.782316
vt 0.726483 0.782317
vt 0.675825 0.457062
vt 0.670806 0.455245
vt 0.669028 0.406759
vt 0.675394 0.406759
vt 0.675825 0.409189
vt 0.670807 0.411005
vt 0.680632 0.458099
vt 0.680663 0.406760
vt 0.680632 0.408152
vt 0.667706 0.406759
vt 0.664334 0.406757
vt 0.660962 0.406757
vt 0.660392 0.459486
vt 0.284756 0.206048
vt 0.284754 0.200123
vt 0.284753 0.195976
vt 0.924314 0.597282
vt 0.920770 0.597283
vt 0.354538 0.283381
vt 0.354538 0.306038
vt 0.354538 0.279320
vt 0.354538 0.271301
vt 0.354538 0.269989
vt 0.600052 0.861445
vt 0.587831 0.861445
vt 0.612273 0.842113
vt 0.624494 0.842113
vt 0.636715 0.842113
vt 0.363225 0.322172
vt 0.363225 0.330368
vt 0.363225 0.334429
vt 0.363225 0.357086
vt 0.722725 0.762985
vt 0.726483 0.762985
vt 0.354254 0.200201
vt 0.354254 0.196053
vt 0.373537 0.196053
vt 0.354253 0.206125
vt 0.373536 0.200201
vt 0.429931 0.283381
vt 0.429931 0.306038
vt 0.675394 0.387428
vt 0.680663 0.387428
vt 0.669028 0.387428
vt 0.667497 0.387428
vt 0.664334 0.387426
vt 0.661170 0.387426
vt 0.659640 0.406757
vt 0.516680 0.198906
vt 0.516680 0.199227
vt 0.480916 0.199227
vt 0.133821 0.105487
vt 0.133821 0.141341
vt 0.516680 0.200399
vt 0.480916 0.200399
vt 0.480916 0.201048
vt 0.426136 0.196053
vt 0.422477 0.197666
vt 0.377192 0.197665
vt 0.376069 0.200918
vt 0.426135 0.200201
vt 0.375022 0.206212
vt 0.423600 0.200919
vt 0.924314 0.474926
vt 0.429931 0.279320
vt 0.429931 0.271993
vt 0.429931 0.269982
vt 0.363225 0.321040
vt 0.789385 0.072325
vt 0.789385 0.076473
vt 0.222599 0.166413
vt 0.222598 0.172338
vt 0.427386 0.068698
vt 0.502777 0.068698
vt 0.502777 0.073692
vt 0.281800 0.548933
vt 0.276530 0.548933
vt 0.270164 0.548933
vt 0.268634 0.548933
vt 0.265470 0.548931
vt 0.659640 0.387426
vt 0.653274 0.387427
vt 0.648004 0.387428
vt 0.199573 0.241220
vt 0.151822 0.133687
vt 0.151752 0.137406
vt 0.150365 0.137589
vt 0.473365 0.380642
vt 0.420766 0.380642
vt 0.420767 0.374831
vt 0.473363 0.385886
vt 0.420765 0.385886
vt 0.473361 0.390000
vt 0.420764 0.390000
vt 0.858038 0.640626
vt 0.858038 0.693355
vt 0.853886 0.693355
vt 0.863428 0.640627
vt 0.863428 0.693356
vt 0.316455 0.025177
vt 0.311309 0.027185
vt 0.310045 0.023059
vt 0.872569 0.644511
vt 0.872570 0.689465
vt 0.871342 0.693530
vt 0.877271 0.693629
vt 0.320349 0.024336
vt 0.316024 0.022750
vt 0.882093 0.693547
vt 0.877716 0.691472
vt 0.984605 0.939541
vt 0.985175 0.992271
vt 0.984884 0.992510
vt 0.867653 0.693356
vt 0.867653 0.640627
vt 0.871595 0.640624
vt 0.864281 0.693356
vt 0.863712 0.640627
vt 0.222597 0.128715
vt 0.203560 0.128701
vt 0.203495 0.124613
vt 0.222595 0.134227
vt 0.203531 0.134227
vt 0.877269 0.712685
vt 0.871879 0.712685
vt 0.870817 0.712685
vt 0.871026 0.693354
vt 0.867653 0.712687
vt 0.864490 0.712687
vt 0.150437 0.124419
vt 0.199932 0.126031
vt 0.201271 0.129406
vt 0.154095 0.126032
vt 0.152757 0.129407
vt 0.150222 0.128689
vt 0.202261 0.134319
vt 0.150335 0.133601
vt 0.863428 0.712687
vt 0.858038 0.712686
vt 0.401482 0.390000
vt 0.401483 0.385886
vt 0.401484 0.380642
vt 0.401484 0.374831
vt 0.361426 0.373664
vt 0.361426 0.378658
vt 0.286035 0.378658
vt 0.448284 0.111682
vt 0.444342 0.111682
vt 0.444342 0.108442
vt 0.133535 0.079814
vt 0.130169 0.084808
vt 0.127826 0.082530
vt 0.932153 0.360626
vt 0.929810 0.358348
vt 0.932309 0.354629
vt 0.177393 0.042424
vt 0.177393 0.040179
vt 0.229992 0.040179
vt 0.427386 0.095065
vt 0.427386 0.090917
vt 0.429005 0.088672
vt 0.583384 0.071365
vt 0.585261 0.068755
vt 0.589620 0.071777
vt 0.790946 0.036665
vt 0.790753 0.034036
vt 0.791950 0.033872
vt 0.124900 0.088617
vt 0.123471 0.085707
vt 0.927346 0.363948
vt 0.925917 0.361038
vt 0.452226 0.111682
vt 0.448284 0.108442
vt 0.286325 0.393785
vt 0.286035 0.396878
vt 0.286035 0.393638
vt 0.498946 0.112923
vt 0.495782 0.112923
vt 0.495782 0.109683
vt 0.054652 0.235118
vt 0.053450 0.229193
vt 0.056701 0.228961
vt 0.961233 0.758224
vt 0.958066 0.758005
vt 0.958066 0.738893
vt 0.905828 0.452351
vt 0.902601 0.452356
vt 0.902525 0.433204
vt 0.053664 0.225046
vt 0.056891 0.225235
vt 0.431954 0.105983
vt 0.429581 0.100990
vt 0.432561 0.099726
vt 0.437224 0.109792
vt 0.434516 0.103841
vt 0.492619 0.112923
vt 0.492619 0.109683
vt 0.491088 0.112923
vt 0.491557 0.109683
vt 0.484722 0.111033
vt 0.486167 0.108083
vt 0.771664 0.036665
vt 0.771664 0.034036
vt 0.479453 0.107224
vt 0.481343 0.104596
vt 0.118534 0.090507
vt 0.117491 0.087414
vt 0.922327 0.365032
vt 0.920770 0.362118
vt 0.430618 0.094482
vt 0.712238 0.036786
vt 0.711882 0.033872
vt 0.756721 0.033873
vt 0.588191 0.074686
vt 0.594766 0.072856
vt 0.443590 0.111682
vt 0.438668 0.106842
vt 0.444058 0.108442
vt 0.950933 0.992234
vt 0.947684 0.992510
vt 0.947685 0.946557
vt 0.905773 0.433020
vt 0.902524 0.380012
vt 0.976395 0.708610
vt 0.979644 0.708229
vt 0.979383 0.711604
vt 0.134469 0.069742
vt 0.134738 0.073889
vt 0.131530 0.073630
vt 0.936256 0.350608
vt 0.933048 0.350350
vt 0.932786 0.346975
vt 0.976175 0.711863
vt 0.980243 0.716516
vt 0.961009 0.759715
vt 0.957871 0.759279
vt 0.130517 0.078542
vt 0.935327 0.355901
vt 0.500476 0.112923
vt 0.498946 0.109683
vt 0.506842 0.111033
vt 0.500008 0.109683
vt 0.512112 0.107224
vt 0.505398 0.108083
vt 0.514485 0.102231
vt 0.509550 0.105081
vt 0.516680 0.096306
vt 0.511505 0.100967
vt 0.939256 0.687846
vt 0.939256 0.612262
vt 0.942020 0.612262
vt 0.128323 0.020205
vt 0.131001 0.018391
vt 0.134367 0.023384
vt 0.939949 0.196162
vt 0.937271 0.196162
vt 0.937271 0.120580
vt 0.404300 0.027185
vt 0.400934 0.022191
vt 0.403612 0.020377
vt 0.957569 0.286723
vt 0.954891 0.286723
vt 0.954891 0.211142
vt 0.941656 0.449637
vt 0.941656 0.502368
vt 0.939256 0.502368
vt 0.592147 0.272030
vt 0.592147 0.271385
vt 0.661596 0.271774
vt 0.592147 0.306038
vt 0.592147 0.284797
vt 0.661596 0.284797
vt 0.592147 0.280736
vt 0.661596 0.280736
vt 0.939256 0.521699
vt 0.941656 0.521700
vt 0.941656 0.597283
vt 0.539548 0.284797
vt 0.539548 0.280736
vt 0.539548 0.272540
vt 0.539548 0.271407
vt 0.941656 0.380013
vt 0.939256 0.449636
vt 0.520265 0.284797
vt 0.539548 0.306038
vt 0.520265 0.280736
vt 0.520265 0.272717
vt 0.520265 0.271405
vt 0.444873 0.284797
vt 0.520265 0.306038
vt 0.444873 0.280736
vt 0.444873 0.273409
vt 0.444873 0.271398
vt 0.109852 0.042424
vt 0.109852 0.040179
vt 0.162451 0.040179
vt 0.939256 0.829533
vt 0.939256 0.759909
vt 0.942020 0.759909
vt 0.149744 0.106871
vt 0.149744 0.084214
vt 0.152508 0.084214
vt 0.149744 0.080153
vt 0.152508 0.080153
vt 0.149744 0.071191
vt 0.152508 0.071191
vt 0.102549 0.065282
vt 0.102549 0.087938
vt 0.099785 0.086522
vt 0.099005 0.090507
vt 0.097386 0.088261
vt 0.344060 0.044411
vt 0.268667 0.044411
vt 0.268667 0.042165
vt 0.939256 0.707177
vt 0.942020 0.707177
vt 0.153288 0.109439
vt 0.152508 0.105455
vt 0.879157 0.041220
vt 0.809708 0.041220
vt 0.809708 0.038974
vt 0.942020 0.687846
vt 0.090569 0.042424
vt 0.090569 0.040179
vt 0.975936 0.885408
vt 0.975936 0.889469
vt 0.973172 0.889469
vt 0.975936 0.878081
vt 0.973172 0.885408
vt 0.975936 0.876070
vt 0.973172 0.878081
vt 0.250869 0.409447
vt 0.271093 0.373664
vt 0.636131 0.709620
vt 0.505496 0.333470
vt 0.259797 0.019711
vt 0.340703 0.021731
vt 0.335322 0.021731
vt 0.986266 0.594342
vt 0.795363 0.538011
vt 0.969663 0.977850
vt 0.978323 0.824623
vt 0.982473 0.824623
vt 0.982479 0.597283
vt 0.969663 0.950271
vt 0.600849 0.038566
vt 0.106265 0.019459
vt 0.965876 0.992510
vt 0.489175 0.028503
vt 0.857221 0.173054
vt 0.051674 0.032590
vt 0.959934 0.530854
vt 0.282352 0.025054
vt 0.274943 0.025054
vt 0.392569 0.061319
vt 0.831236 0.021864
vt 0.971220 0.016742
vt 0.965704 0.016742
vt 0.083240 0.023986
vt 0.961144 0.541507
vt 0.858432 0.183707
vt 0.946045 0.045151
vt 0.499745 0.009261
vt 0.950867 0.095494
vt 0.945504 0.095494
vt 0.894099 0.019733
vt 0.940499 0.045151
vt 0.663391 0.016965
vt 0.558980 0.016003
vt 0.804327 0.076473
vt 0.716603 0.015455
vt 0.177769 0.025199
vt 0.975766 0.408700
vt 0.977721 0.759338
vt 0.385616 0.025635
vt 0.197988 0.025199
vt 0.879157 0.023995
vt 0.578843 0.022449
vt 0.851353 0.019121
vt 0.600849 0.016003
vt 0.582054 0.016003
vt 0.857784 0.023546
vt 0.597637 0.022449
vt 0.872726 0.019569
vt 0.237670 0.023475
vt 0.483536 0.011239
vt 0.295102 0.010074
vt 0.987110 0.053350
vt 0.042760 0.011606
vt 0.988182 0.033853
vt 0.445142 0.010564
vt 0.976651 0.239297
vt 0.466168 0.011787
vt 0.976651 0.211142
vt 0.539066 0.012832
vt 0.772037 0.016585
vt 0.982479 0.653914
vt 0.466328 0.012032
vt 0.771664 0.017156
vt 0.779378 0.057346
vt 0.552016 0.053718
vt 0.096661 0.208073
vt 0.743854 0.051766
vt 0.502777 0.048829
vt 0.516680 0.138118
vt 0.424745 0.210936
vt 0.887793 0.123777
vt 0.537023 0.357189
vt 0.260981 0.409395
vt 0.438138 0.582908
vt 0.343942 0.321038
vt 0.620438 0.992510
vt 0.263123 0.454824
vt 0.663288 0.059246
vt 0.932742 0.972325
vt 0.213207 0.323172
vt 0.811472 0.120532
vt 0.657440 0.336616
vt 0.603429 0.256041
vt 0.615791 0.037429
vt 0.795195 0.171247
vt 0.007471 0.027507
vt 0.916465 0.937160
vt 0.260981 0.377362
vt 0.250869 0.381059
vt 0.632852 0.709620
vt 0.723979 0.914809
vt 0.405879 0.512044
vt 0.404840 0.589743
vt 0.180291 0.241220
vt 0.924314 0.455595
vt 0.209866 0.109439
vt 0.117491 0.141341
vt 0.722670 0.835048
vt 0.209866 0.082649
vt 0.116250 0.162265
vt 0.710206 0.660612
vt 0.697926 0.188852
vt 0.205203 0.211108
vt 0.127702 0.211174
vt 0.127634 0.177332
vt 0.618371 0.188786
vt 0.382186 0.373664
vt 0.640084 0.256405
vt 0.669261 0.539241
vt 0.659406 0.539240
vt 0.659173 0.616934
vt 0.932669 0.921067
vt 0.376368 0.379363
vt 0.284757 0.211042
vt 0.373536 0.206125
vt 0.480916 0.198906
vt 0.222598 0.177332
vt 0.473366 0.374831
vt 0.853886 0.640625
vt 0.871305 0.640385
vt 0.320379 0.022945
vt 0.882075 0.692347
vt 0.222599 0.124989
vt 0.882093 0.712685
vt 0.853886 0.712686
vt 0.286035 0.373664
vt 0.792335 0.036482
vt 0.452226 0.108442
vt 0.117782 0.090507
vt 0.057820 0.234472
vt 0.961233 0.738893
vt 0.756365 0.036786
vt 0.593209 0.075770
vt 0.950934 0.946834
vt 0.905773 0.380288
vt 0.131219 0.069360
vt 0.936035 0.347356
vt 0.977104 0.717157
vt 0.513448 0.095723
vt 0.131689 0.025199
vt 0.939949 0.120580
vt 0.406978 0.025371
vt 0.279122 0.473352
vt 0.661596 0.306038
vt 0.939256 0.597283
vt 0.939256 0.380012
vt 0.444873 0.306038
vt 0.162451 0.042424
vt 0.942020 0.829533
vt 0.099785 0.065282
vt 0.344060 0.042165
vt 0.154908 0.107194
vt 0.879157 0.038974
vt 0.973172 0.876070
vt 0.505496 0.328801
vt 0.637524 0.017664
vt 0.662613 0.616934
vt 0.978323 0.846759
vt 0.979942 0.844513
vt 0.981555 0.850324
vt 0.978323 0.850906
vt 0.162451 0.023486
vt 0.162451 0.025199
s 1
usemtl Pistol
f 1098/1468/811 1114/1469/811 1100/1470/811
f 1100/1470/811 1107/1471/811 1106/1472/811
f 1110/1473/811 1111/1474/811 1114/1475/811
f 1514/1476/812 1521/1477/813 1510/1478/813
f 1698/1479/814 1640/1480/814 1198/1481/814
f 818/1482/815 816/1483/816 815/1484/817
f 794/1485/818 786/1486/818 785/1487/818
f 790/1488/819 788/1489/820 787/1490/821
f 803/1491/822 790/1492/822 789/1493/822
f 794/1494/823 791/1495/824 784/1496/825
f 805/1497/826 804/1498/826 789/1499/826
f 783/1500/822 784/1501/822 791/1502/822
f 785/1503/826 783/1504/826 792/1505/826
f 797/1506/818 798/1507/818 794/1508/818
f 798/1509/827 795/1510/828 791/1495/824
f 792/1511/822 791/1502/822 795/1512/822
f 793/1513/826 792/1505/826 796/1514/826
f 801/1515/818 802/1516/818 798/1517/818
f 802/1518/829 799/1519/830 795/1510/828
f 796/1520/822 795/1512/822 799/1521/822
f 797/1522/826 796/1514/826 800/1523/826
f 805/1524/818 806/1525/818 802/1516/818
f 806/1526/831 803/1527/832 799/1519/830
f 800/1528/822 799/1521/822 803/1491/822
f 801/1529/826 800/1523/826 804/1498/826
f 787/1530/818 788/1531/818 806/1532/818
f 788/1489/820 790/1488/819 803/1533/832
f 784/1534/822 783/1535/822 807/1536/822
f 786/1537/833 784/1496/825 808/1538/834
f 785/1487/818 786/1486/818 810/1539/818
f 783/1504/826 785/1503/826 809/1540/826
f 808/1541/822 807/1536/822 811/1542/822
f 810/1543/835 808/1544/834 812/1545/836
f 809/1546/818 810/1539/818 814/1547/818
f 807/1548/826 809/1540/826 813/1549/826
f 812/1550/822 811/1542/822 815/1551/822
f 814/1552/837 812/1545/836 816/1483/816
f 813/1553/818 814/1547/818 818/1554/818
f 811/1555/826 813/1549/826 817/1556/826
f 904/1557/838 820/1558/838 819/1559/838
f 837/1560/839 822/1561/840 821/1562/840
f 898/1563/841 824/1564/841 823/1565/841
f 834/1566/842 826/1567/843 825/1568/843
f 905/1569/813 838/1570/813 820/1571/813
f 900/1572/826 831/1573/826 825/1574/826
f 902/1575/826 835/1576/826 827/1577/826
f 832/1578/840 833/1579/844 829/1580/845
f 911/1581/813 860/1582/846 858/1583/846
f 835/1584/843 838/1585/847 830/1586/848
f 901/1587/826 827/1577/826 831/1573/826
f 823/1588/840 824/1589/840 833/1579/844
f 916/1590/813 826/1591/813 834/1592/813
f 827/1593/843 830/1586/848 834/1566/842
f 903/1594/826 819/1595/826 835/1576/826
f 828/1596/840 829/1580/845 837/1560/839
f 910/1597/813 858/1583/846 862/1598/846
f 819/1599/843 820/1571/843 838/1570/847
f 834/1566/842 830/1586/848 840/1600/849
f 915/1601/821 834/1602/821 842/1603/821
f 829/1580/845 833/1579/844 841/1604/850
f 830/1586/848 838/1585/847 844/1605/851
f 837/1560/839 829/1580/845 839/1606/852
f 887/1607/817 837/1608/817 843/1609/817
f 842/1610/853 840/1600/849 846/1611/854
f 914/1612/821 842/1603/821 848/1613/821
f 839/1606/852 841/1604/850 847/1614/855
f 840/1600/849 844/1605/851 850/1615/856
f 843/1616/857 839/1606/852 845/1617/858
f 888/1618/817 843/1609/817 849/1619/817
f 848/1620/859 846/1621/854 852/1622/860
f 913/1623/821 848/1613/821 854/1624/821
f 845/1625/858 847/1626/855 853/1627/861
f 846/1621/854 850/1628/856 856/1629/862
f 849/1630/863 845/1625/858 851/1631/864
f 889/1632/817 849/1619/817 855/1633/817
f 854/1634/865 852/1622/860 858/1583/846
f 912/1635/821 854/1624/821 860/1636/821
f 851/1631/864 853/1627/861 859/1637/866
f 852/1622/860 856/1629/862 862/1598/846
f 855/1638/867 851/1631/864 857/1639/868
f 890/1640/817 855/1633/817 861/1641/817
f 918/1642/826 919/1643/826 863/1644/826
f 871/1645/841 935/1646/841 865/1647/841
f 934/1648/813 917/1649/813 865/1650/813
f 933/1651/821 934/1652/821 866/1653/821
f 880/1654/826 879/1655/826 874/1656/826
f 863/1644/826 880/1654/826 873/1657/826
f 909/1658/817 908/1659/817 943/1660/817
f 899/1661/841 916/1662/841 935/1646/841
f 864/1663/826 863/1644/826 872/1664/826
f 879/1655/826 878/1665/826 868/1666/826
f 906/1667/869 905/1668/817 870/1669/817
f 907/1670/817 906/1667/869 945/1671/817
f 945/1671/817 870/1669/817 876/1672/817
f 923/1673/813 924/1674/813 876/1675/813
f 922/1676/838 923/1677/838 877/1678/838
f 921/1679/826 922/1680/826 878/1665/826
f 920/1681/826 921/1679/826 879/1655/826
f 919/1643/826 920/1681/826 880/1654/826
f 823/1682/826 832/1683/826 882/1684/826
f 832/1683/826 828/1685/826 883/1686/826
f 828/1685/826 836/1687/826 884/1688/826
f 836/1687/826 821/1689/826 885/1690/826
f 821/1691/838 822/1692/838 886/1693/838
f 822/1694/813 837/1695/813 887/1696/813
f 925/1697/817 924/1698/817 887/1607/817
f 926/1699/817 925/1697/817 888/1618/817
f 927/1700/817 926/1699/817 889/1632/817
f 928/1701/817 927/1700/817 890/1640/817
f 861/1702/870 857/1703/868 892/1704/813
f 857/1703/868 859/1705/866 893/1706/813
f 859/1707/821 853/1708/821 894/1709/821
f 853/1708/821 847/1710/821 895/1711/821
f 847/1710/821 841/1712/821 896/1713/871
f 841/1712/821 833/1714/821 897/1715/821
f 833/1716/813 824/1717/813 898/1718/813
f 918/1719/841 917/1720/841 898/1563/841
f 871/1721/826 872/1664/826 900/1572/826
f 872/1664/826 873/1657/826 901/1587/826
f 873/1657/826 874/1656/826 902/1575/826
f 874/1656/826 868/1666/826 903/1594/826
f 868/1722/838 869/1723/838 904/1557/838
f 869/1724/813 870/1725/813 905/1726/813
f 844/1727/817 838/1728/817 905/1668/817
f 850/1729/817 844/1727/817 906/1667/869
f 856/1730/817 850/1729/817 907/1670/817
f 862/1731/817 856/1730/817 908/1659/817
f 942/1732/813 941/1733/813 910/1734/813
f 941/1735/813 940/1736/813 911/1581/813
f 940/1737/821 939/1738/821 912/1635/821
f 939/1738/821 938/1739/821 913/1623/821
f 938/1739/821 937/1740/821 914/1612/821
f 937/1740/821 936/1741/821 915/1601/821
f 936/1742/813 935/1743/813 916/1590/813
f 825/1744/841 826/1745/841 916/1662/841
f 864/1746/841 865/1647/841 917/1720/841
f 881/1747/826 882/1684/826 919/1643/826
f 882/1684/826 883/1686/826 920/1681/826
f 883/1686/826 884/1688/826 921/1679/826
f 884/1688/826 885/1690/826 922/1680/826
f 885/1748/838 886/1693/838 923/1677/838
f 886/1749/813 887/1696/813 924/1674/813
f 875/1750/817 876/1672/817 924/1698/817
f 908/1659/817 907/1670/817 944/1751/817
f 877/1752/813 876/1675/813 870/1725/813
f 878/1753/838 877/1678/838 869/1723/838
f 891/1754/813 892/1704/813 929/1755/813
f 892/1704/813 893/1706/813 930/1756/813
f 893/1757/821 894/1709/821 931/1758/821
f 894/1709/821 895/1711/821 932/1759/821
f 895/1711/821 896/1713/871 933/1651/821
f 896/1713/871 897/1715/821 934/1652/821
f 897/1760/813 898/1718/813 917/1761/813
f 866/1762/813 865/1650/813 935/1743/813
f 867/1763/821 866/1653/821 936/1741/821
f 875/1764/813 867/1765/813 937/1766/813
f 925/1767/813 933/1768/813 867/1765/813
f 945/1769/818 937/1770/818 938/1771/872
f 944/1772/872 938/1771/872 939/1773/872
f 943/1774/872 939/1773/872 940/1775/818
f 928/1776/822 930/1777/822 931/1778/822
f 932/1779/822 926/1780/822 927/1781/822
f 926/1780/822 932/1779/822 933/1782/822
f 990/1783/873 991/1784/874 1023/1785/821
f 969/1786/875 971/1787/876 956/1788/877
f 989/1789/878 990/1783/873 1022/1790/821
f 958/1791/879 950/1792/880 948/1793/881
f 950/1792/880 958/1791/879 991/1784/874
f 988/1794/882 989/1789/878 1021/1795/821
f 991/1784/874 992/1796/883 1024/1797/821
f 967/1798/884 969/1799/875 948/1800/881
f 987/1801/885 988/1794/882 1020/1802/821
f 950/1792/880 954/1803/886 952/1804/887
f 954/1803/886 950/1792/880 990/1783/873
f 986/1805/888 987/1801/885 1019/1806/821
f 992/1796/883 993/1807/889 1025/1808/821
f 965/1809/890 967/1798/884 952/1810/887
f 985/1811/891 986/1805/888 1018/1812/821
f 954/1803/886 962/1813/892 960/1814/893
f 962/1813/892 954/1803/886 989/1789/878
f 984/1815/894 985/1811/891 1017/1816/821
f 993/1807/889 994/1817/895 947/1818/821
f 971/1787/876 973/1819/896 968/1820/897
f 983/1821/898 984/1815/894 1016/1822/821
f 970/1823/899 958/1791/879 956/1824/877
f 958/1791/879 970/1823/899 992/1796/883
f 982/1825/900 983/1821/898 1015/1826/821
f 994/1817/895 979/1827/901 1011/1828/821
f 963/1829/902 965/1809/890 960/1830/893
f 981/1831/903 982/1825/900 1014/1832/821
f 962/1813/892 966/1833/904 964/1834/905
f 966/1833/904 962/1813/892 988/1794/882
f 980/1835/906 981/1831/903 1013/1836/821
f 979/1827/901 980/1835/906 1012/1837/821
f 961/1838/907 963/1829/902 964/1839/905
f 997/1840/908 995/1841/909 980/1835/906
f 995/1841/909 997/1840/908 998/1842/910
f 946/1843/911 949/1844/912 996/1845/913
f 995/1841/909 999/1846/914 981/1831/903
f 999/1846/914 995/1841/909 996/1847/913
f 949/1844/912 951/1848/915 1000/1849/916
f 999/1846/914 1001/1850/917 982/1825/900
f 1001/1850/917 999/1846/914 1000/1851/916
f 951/1848/915 953/1852/918 1002/1853/919
f 1003/1854/920 997/1840/908 979/1827/901
f 997/1840/908 1003/1854/920 1004/1855/921
f 977/1856/922 946/1843/911 998/1857/910
f 1001/1850/917 1005/1858/923 983/1821/898
f 1005/1858/923 1001/1850/917 1002/1859/919
f 953/1860/918 955/1861/924 1006/1862/925
f 1005/1858/923 1007/1863/926 984/1815/894
f 1007/1863/926 1005/1858/923 1006/1864/925
f 955/1861/924 957/1865/927 1008/1866/928
f 1009/1867/929 1003/1854/920 994/1817/895
f 1003/1854/920 1009/1867/929 1010/1868/930
f 975/1869/931 977/1870/922 1004/1871/921
f 1007/1863/926 978/1872/932 985/1811/891
f 978/1872/932 1007/1863/926 1008/1873/928
f 957/1865/927 959/1874/933 976/1875/934
f 978/1872/932 974/1876/935 986/1805/888
f 974/1876/935 978/1872/932 976/1877/934
f 959/1874/933 961/1878/907 972/1879/936
f 970/1823/899 1009/1867/929 993/1807/889
f 1009/1867/929 970/1823/899 968/1880/897
f 973/1881/896 975/1869/931 1010/1882/930
f 974/1876/935 966/1833/904 987/1801/885
f 966/1833/904 974/1876/935 972/1883/936
f 1068/1884/817 1069/1885/817 1026/1886/817
f 1031/1887/937 1029/1888/938 1028/1889/939
f 1049/1890/940 1027/1891/817 1048/1892/941
f 1069/1885/817 1070/1893/817 1026/1886/817
f 1033/1894/942 1031/1887/937 1030/1895/943
f 1050/1896/944 1027/1891/817 1049/1890/940
f 1070/1893/817 1071/1897/817 1026/1886/817
f 1035/1898/945 1033/1899/942 1032/1900/946
f 1051/1901/947 1027/1891/817 1050/1896/944
f 1071/1897/817 1072/1902/817 1026/1886/817
f 1037/1903/948 1035/1898/945 1034/1904/949
f 1052/1905/950 1027/1891/817 1051/1901/947
f 1072/1902/817 1073/1906/817 1026/1886/817
f 1039/1907/951 1037/1908/948 1036/1909/952
f 1053/1910/953 1027/1891/817 1052/1905/950
f 1073/1906/817 1074/1911/817 1026/1886/817
f 1041/1912/954 1039/1907/951 1038/1913/955
f 1054/1914/956 1027/1891/817 1053/1910/953
f 1074/1911/817 1075/1915/817 1026/1886/817
f 1043/1916/957 1041/1912/954 1040/1917/958
f 1055/1918/959 1027/1891/817 1054/1914/956
f 1075/1915/817 1076/1919/817 1026/1886/817
f 1045/1920/960 1043/1921/957 1042/1922/961
f 1056/1923/962 1027/1891/817 1055/1918/959
f 1076/1919/817 1077/1924/817 1026/1886/817
f 1047/1925/963 1045/1920/960 1044/1926/964
f 1057/1927/965 1027/1891/817 1056/1923/962
f 1077/1924/817 1068/1884/817 1026/1886/817
f 1029/1888/938 1047/1928/963 1046/1929/966
f 1048/1892/941 1027/1891/817 1057/1927/965
f 1059/1930/967 1058/1931/968 1049/1890/940
f 1029/1888/938 1031/1887/937 1058/1932/968
f 1058/1931/968 1060/1933/969 1050/1896/944
f 1031/1887/937 1033/1894/942 1060/1934/969
f 1060/1933/969 1061/1935/970 1051/1901/947
f 1033/1899/942 1035/1898/945 1061/1936/970
f 1061/1935/970 1062/1937/971 1052/1905/950
f 1035/1898/945 1037/1903/948 1062/1938/971
f 1062/1937/971 1063/1939/972 1053/1910/953
f 1037/1908/948 1039/1907/951 1063/1940/972
f 1063/1939/972 1064/1941/973 1054/1914/956
f 1039/1907/951 1041/1912/954 1064/1942/973
f 1064/1941/973 1065/1943/974 1055/1918/959
f 1041/1912/954 1043/1916/957 1065/1944/974
f 1065/1943/974 1066/1945/975 1056/1923/962
f 1043/1921/957 1045/1920/960 1066/1946/975
f 1066/1945/975 1067/1947/976 1057/1927/965
f 1045/1920/960 1047/1925/963 1067/1948/976
f 1067/1947/976 1059/1930/967 1048/1892/941
f 1047/1928/963 1029/1888/938 1059/1949/967
f 1030/1950/821 1028/1951/821 1068/1952/821
f 1032/1953/821 1030/1950/821 1069/1954/821
f 1034/1955/821 1032/1956/821 1070/1957/821
f 1036/1958/821 1034/1955/821 1071/1959/821
f 1038/1960/821 1036/1961/821 1072/1962/821
f 1040/1963/821 1038/1960/821 1073/1964/821
f 1042/1965/821 1040/1963/821 1074/1966/821
f 1044/1967/821 1042/1965/821 1075/1968/821
f 1046/1969/821 1044/1967/821 1076/1970/821
f 1028/1951/821 1046/1969/821 1077/1971/821
f 1080/1972/821 1079/1973/821 1078/1974/821
f 1081/1975/821 1080/1972/821 1078/1974/821
f 1082/1976/821 1081/1975/821 1078/1974/821
f 1083/1977/821 1082/1976/821 1078/1974/821
f 1084/1978/821 1083/1977/821 1078/1974/821
f 1085/1979/821 1084/1980/821 1078/1981/821
f 1086/1982/821 1085/1979/821 1078/1981/821
f 1087/1983/821 1086/1982/821 1078/1981/821
f 1088/1984/821 1087/1983/821 1078/1981/821
f 1079/1985/821 1088/1984/821 1078/1981/821
f 1069/1986/977 1068/1987/978 1079/1988/939
f 1070/1989/979 1069/1986/977 1080/1990/943
f 1071/1991/980 1070/1992/979 1081/1993/946
f 1072/1994/981 1071/1991/980 1082/1995/949
f 1073/1996/982 1072/1997/981 1083/1998/983
f 1074/1999/984 1073/1996/982 1084/2000/955
f 1075/2001/985 1074/1999/984 1085/2002/986
f 1076/2003/987 1075/2004/985 1086/2005/961
f 1077/2006/988 1076/2003/987 1087/2007/964
f 1068/2008/978 1077/2006/988 1088/2009/966
f 1111/2010/817 1090/2011/817 1089/2012/817
f 1094/2013/989 1092/2014/989 1091/2015/989
f 1106/2016/821 1094/2017/821 1093/2018/821
f 1090/2019/990 1096/2020/990 1095/2021/990
f 1110/1473/811 1096/2022/811 1090/2023/811
f 1109/2024/821 1110/2025/821 1098/2026/821
f 1102/2027/991 1099/2028/991 1113/2029/992
f 1108/2030/993 1107/2031/993 1101/2032/994
f 1097/2033/821 1098/2034/821 1103/2035/821
f 1104/2036/821 1103/2035/821 1106/2037/821
f 1092/2038/811 1094/2039/811 1106/1472/811
f 1091/2040/817 1092/2041/817 1107/2031/817
f 1095/2042/821 1096/2043/821 1110/2025/821
f 1117/2044/995 1115/2045/995 1111/2046/996
f 1113/2047/997 1114/1469/811 1115/2048/811
f 1101/2049/998 1100/1470/811 1099/2050/811
f 1102/2027/991 1118/2051/999 1101/2052/999
f 1113/2029/992 1115/2045/995 1117/2044/995
f 1133/2053/817 1132/2054/817 1138/2055/817
f 1132/2054/817 1131/2056/817 1139/2057/817
f 1131/2058/817 1130/2059/817 1122/2060/817
f 1130/2061/817 1129/2062/817 1141/2063/817
f 1129/2062/817 1128/2064/817 1142/2065/817
f 1128/2064/817 1127/2066/817 1120/2067/817
f 1119/2068/817 1120/2067/817 1127/2066/817
f 1126/2069/817 1125/2070/817 1136/2071/817
f 1135/2072/817 1136/2071/817 1125/2070/817
f 1124/2073/817 1123/2074/817 1134/2075/817
f 1157/2076/821 1161/2077/821 1162/2078/821
f 1156/2079/821 1162/2078/821 1163/2080/821
f 1155/2081/821 1145/2082/821 1146/2083/821
f 1154/2084/821 1164/2085/821 1165/2086/821
f 1153/2087/821 1165/2086/821 1166/2088/821
f 1152/2089/821 1166/2088/821 1144/2090/821
f 1143/2091/821 1150/2092/821 1151/2093/821
f 1150/2092/821 1143/2091/821 1160/2094/821
f 1159/2095/821 1148/2096/821 1149/2097/821
f 1148/2096/821 1159/2095/821 1158/2098/821
f 1611/2099/1000 1542/2100/1001 1543/2101/1002
f 1173/2102/1003 1169/2103/817 1167/2104/817
f 1168/2105/817 1170/2106/817 1171/2107/1004
f 1180/2108/1005 1179/2109/1006 1173/2102/1003
f 1178/2110/1007 1177/2111/1008 1175/2112/1007
f 1172/2113/1009 1171/2107/1004 1177/2111/1008
f 1176/2114/1007 1175/2112/1007 1179/2109/1006
f 1340/2115/1010 1209/2116/1011 1218/2117/1012
f 1747/2118/1013 1748/2119/1014 1183/2120/1015
f 1412/2121/821 1316/2122/821 1184/2123/821
f 1206/2124/1016 1207/2125/1017 1216/2126/1018
f 1746/2127/1019 1747/2118/1013 1185/2128/1020
f 1199/2129/821 1412/2121/821 1186/2130/821
f 1207/2125/1017 1208/2131/1021 1217/2132/1022
f 1744/2133/1023 1745/2134/1024 1187/2135/1025
f 1190/2136/821 1182/2137/821 1188/2138/821
f 1204/2139/1026 1205/2140/1027 1214/2141/1028
f 1743/2142/1029 1744/2133/1023 1189/2143/1030
f 1192/2144/821 1182/2137/821 1190/2136/821
f 1414/2145/1031 1206/2124/1016 1215/2146/1032
f 1742/2147/1033 1743/2142/1029 1191/2148/1034
f 1416/2149/821 1182/2137/821 1192/2144/821
f 1203/2150/822 1204/2139/1026 1213/2151/1035
f 1740/2152/1036 1741/2153/1037 1193/2154/1038
f 1417/2155/821 1416/2149/821 1194/2156/821
f 1705/2157/1039 1527/2158/1039 1555/2159/1039
f 1210/2160/1040 1184/2161/1041 1200/2162/818
f 1749/2163/1042 1748/2119/1014 1219/2164/1043
f 1209/2165/1011 1210/2160/1040 1219/2164/1043
f 1740/2152/1036 1195/2166/1044 1392/2167/1045
f 1417/2155/821 1196/2168/821 1202/2169/1046
f 1202/2170/822 1196/2171/1047 1204/2139/1026
f 1196/2171/1047 1194/2172/1048 1205/2140/1027
f 1415/2173/1049 1192/2174/1050 1206/2124/1016
f 1192/2174/1050 1190/2175/1051 1207/2125/1017
f 1190/2175/1051 1188/2176/1052 1208/2131/1021
f 1199/2177/1053 1186/2178/1054 1209/2116/1011
f 1186/2179/1054 1184/2161/1041 1210/2160/1040
f 1181/2180/1055 1219/2164/1043 1210/2160/1040
f 1378/2181/817 1328/2182/817 1257/2183/817
f 1622/2184/818 1317/2185/818 1222/2186/818
f 1403/2187/826 1265/2188/826 1260/2189/826
f 1531/2190/822 1530/2191/822 1226/2192/822
f 1634/2193/813 1635/2194/1056 1516/2195/1057
f 1532/2196/1058 1531/2197/1059 1226/2198/1060
f 1270/2199/818 1228/2200/818 1229/2201/818
f 1269/2202/818 1223/2203/818 1228/2200/818
f 1390/2204/1061 1234/2205/1062 1232/2206/1063
f 1338/2207/822 1220/2208/822 1235/2209/822
f 1391/2210/813 1516/2195/1057 1519/2211/1057
f 1394/2212/1064 1222/2213/1065 1230/2214/826
f 1383/2215/1066 1258/2216/1067 1252/2217/1068
f 1337/2218/822 1235/2209/822 1233/2219/822
f 1336/2220/822 1233/2219/822 1239/2221/822
f 1395/2222/826 1230/2214/826 1231/2223/826
f 1388/2224/1069 1237/2225/1070 1241/2226/1071
f 1335/2227/822 1239/2221/822 1242/2228/822
f 1396/2229/826 1231/2223/826 1236/2230/826
f 1271/2231/818 1229/2201/818 1243/2232/818
f 1389/2233/1072 1232/2206/1063 1237/2225/1070
f 1273/2234/818 1238/2235/818 1244/2236/818
f 1387/2237/1073 1241/2238/1071 1246/2239/1074
f 1334/2240/822 1242/2228/822 1247/2241/822
f 1397/2242/826 1236/2230/826 1240/2243/826
f 1272/2244/818 1243/2232/818 1238/2235/818
f 1274/2245/818 1244/2236/818 1248/2246/818
f 1386/2247/1075 1246/2239/1074 1250/2248/1076
f 1333/2249/822 1247/2241/822 1251/2250/822
f 1398/2251/826 1240/2243/826 1245/2252/826
f 1330/2253/822 1259/2254/822 1253/2255/822
f 1331/2256/822 1267/2257/822 1259/2254/822
f 1400/2258/826 1249/2259/826 1263/2260/826
f 1275/2261/818 1248/2246/818 1262/2262/818
f 1278/2263/818 1261/2264/818 1256/2265/818
f 1401/2266/826 1263/2260/826 1255/2267/826
f 1385/2268/1077 1250/2248/1076 1266/2269/1078
f 1382/2270/1079 1252/2271/1068 1264/2272/1080
f 1329/2273/822 1253/2255/822 1257/2274/822
f 1276/2275/818 1262/2262/818 1254/2276/818
f 1332/2277/822 1251/2250/822 1267/2257/822
f 1402/2278/826 1255/2267/826 1265/2188/826
f 1277/2279/818 1254/2276/818 1261/2264/818
f 1384/2280/1081 1266/2269/1078 1258/2216/1067
f 1399/2281/826 1245/2252/826 1249/2259/826
f 1625/2282/818 1223/2203/818 1269/2202/818
f 1294/2283/818 1293/2284/818 1269/2202/818
f 1295/2285/818 1294/2283/818 1270/2199/818
f 1296/2286/818 1295/2285/818 1271/2231/818
f 1297/2287/818 1296/2286/818 1272/2244/818
f 1298/2288/818 1297/2287/818 1273/2234/818
f 1299/2289/818 1298/2288/818 1274/2245/818
f 1300/2290/818 1299/2289/818 1275/2261/818
f 1301/2291/818 1300/2290/818 1276/2275/818
f 1302/2292/818 1301/2291/818 1277/2279/818
f 1303/2293/818 1302/2292/818 1278/2263/818
f 1381/2294/1082 1264/2272/1080 1280/2295/817
f 1264/2296/822 1252/2297/822 1281/2298/822
f 1252/2297/822 1258/2299/822 1282/2300/822
f 1258/2299/822 1266/2301/822 1283/2302/822
f 1266/2301/822 1250/2303/822 1284/2304/822
f 1250/2303/822 1246/2305/822 1285/2306/822
f 1246/2305/822 1241/2307/822 1286/2308/822
f 1241/2307/822 1237/2309/822 1287/2310/822
f 1237/2309/822 1232/2311/822 1288/2312/822
f 1232/2311/822 1234/2313/822 1289/2314/822
f 1234/2313/822 1221/2315/822 1290/2316/822
f 1527/2317/822 1392/2318/1045 1195/2319/1044
f 1624/2320/818 1269/2202/818 1293/2284/818
f 1318/2321/818 1317/2185/818 1293/2284/818
f 1319/2322/818 1318/2321/818 1294/2283/818
f 1320/2323/818 1319/2322/818 1295/2285/818
f 1321/2324/818 1320/2323/818 1296/2286/818
f 1322/2325/818 1321/2324/818 1297/2287/818
f 1323/2326/818 1322/2325/818 1298/2288/818
f 1324/2327/818 1323/2326/818 1299/2289/818
f 1325/2328/818 1324/2327/818 1300/2290/818
f 1326/2329/818 1325/2328/818 1301/2291/818
f 1327/2330/818 1326/2329/818 1302/2292/818
f 1380/2331/817 1280/2295/817 1304/2332/817
f 1280/2333/822 1281/2298/822 1305/2334/822
f 1281/2298/822 1282/2300/822 1306/2335/822
f 1282/2300/822 1283/2302/822 1307/2336/822
f 1283/2302/822 1284/2304/822 1308/2337/822
f 1284/2304/822 1285/2306/822 1309/2338/822
f 1285/2306/822 1286/2308/822 1310/2339/822
f 1286/2308/822 1287/2310/822 1311/2340/822
f 1287/2310/822 1288/2312/822 1312/2341/822
f 1288/2312/822 1289/2314/822 1313/2342/822
f 1289/2314/822 1290/2316/822 1314/2343/822
f 1528/2344/822 1195/2319/1044 1193/2345/1038
f 1623/2346/818 1293/2284/818 1317/2185/818
f 1230/2347/818 1222/2186/818 1317/2185/818
f 1231/2348/818 1230/2347/818 1318/2321/818
f 1236/2349/818 1231/2348/818 1319/2322/818
f 1240/2350/818 1236/2349/818 1320/2323/818
f 1245/2351/818 1240/2350/818 1321/2324/818
f 1249/2352/818 1245/2351/818 1322/2325/818
f 1263/2353/818 1249/2352/818 1323/2326/818
f 1255/2354/818 1263/2353/818 1324/2327/818
f 1265/2355/818 1255/2354/818 1325/2328/818
f 1260/2356/818 1265/2355/818 1326/2329/818
f 1379/2357/817 1304/2332/817 1328/2182/817
f 1304/2358/822 1305/2334/822 1329/2273/822
f 1305/2334/822 1306/2335/822 1330/2253/822
f 1306/2335/822 1307/2336/822 1331/2256/822
f 1307/2336/822 1308/2337/822 1332/2277/822
f 1308/2337/822 1309/2338/822 1333/2249/822
f 1309/2338/822 1310/2339/822 1334/2240/822
f 1310/2339/822 1311/2340/822 1335/2227/822
f 1311/2340/822 1312/2341/822 1336/2220/822
f 1312/2341/822 1313/2342/822 1337/2218/822
f 1313/2342/822 1314/2343/822 1338/2207/822
f 1529/2359/822 1193/2345/1038 1226/2192/822
f 1620/2360/1083 1394/2212/1064 1341/2361/1084
f 1368/2362/826 1367/2363/1085 1341/2361/1084
f 1369/2364/826 1368/2362/826 1342/2365/826
f 1370/2366/826 1369/2364/826 1343/2367/826
f 1371/2368/826 1370/2366/826 1344/2369/826
f 1372/2370/826 1371/2368/826 1345/2371/826
f 1373/2372/826 1372/2370/826 1346/2373/826
f 1374/2374/826 1373/2372/826 1347/2375/826
f 1375/2376/826 1374/2374/826 1348/2377/826
f 1376/2378/826 1375/2376/826 1349/2379/826
f 1377/2380/826 1376/2378/826 1350/2381/826
f 1175/2382/1086 1179/2383/1087 1352/2384/1088
f 1179/2383/1087 1506/2385/1089 1355/2386/1090
f 1177/2387/1091 1175/2382/1086 1353/2388/1086
f 1502/2389/1092 1177/2387/1091 1354/2390/1093
f 1506/2391/1089 1488/2392/1094 1357/2393/1095
f 1484/2394/1096 1502/2395/1092 1356/2396/1097
f 1488/2392/1094 1470/2397/818 1359/2398/818
f 1466/2399/822 1484/2394/1096 1358/2400/1098
f 1470/2397/818 1452/2401/818 1361/2402/818
f 1448/2403/822 1466/2399/822 1360/2404/822
f 1452/2401/818 1434/2405/818 1363/2406/818
f 1430/2407/822 1448/2403/822 1362/2408/822
f 1434/2405/818 1390/2409/818 1601/2410/818
f 1177/2411/813 1393/2412/813 1365/2413/813
f 1546/2414/813 1523/2415/1099 1197/2416/1100
f 1619/2417/1101 1341/2361/1084 1367/2363/1085
f 1235/2418/826 1220/2419/1065 1367/2363/1085
f 1233/2420/826 1235/2418/826 1368/2362/826
f 1239/2421/826 1233/2420/826 1369/2364/826
f 1242/2422/826 1239/2421/826 1370/2366/826
f 1247/2423/826 1242/2422/826 1371/2368/826
f 1251/2424/826 1247/2423/826 1372/2370/826
f 1267/2425/826 1251/2424/826 1373/2372/826
f 1259/2426/826 1267/2425/826 1374/2374/826
f 1253/2427/826 1259/2426/826 1375/2376/826
f 1257/2428/826 1253/2427/826 1376/2378/826
f 1292/2429/822 1430/2407/822 1364/2430/822
f 1390/2409/818 1389/2431/818 1600/2432/818
f 1389/2431/818 1388/2433/818 1599/2434/818
f 1388/2433/818 1387/2435/818 1598/2436/818
f 1387/2435/818 1386/2437/818 1597/2438/818
f 1386/2437/818 1385/2439/818 1596/2440/818
f 1385/2439/818 1384/2441/818 1595/2442/818
f 1384/2441/818 1383/2443/818 1594/2444/818
f 1383/2443/818 1382/2445/818 1593/2446/818
f 1382/2445/818 1381/2447/818 1592/2448/818
f 1381/2447/818 1380/2449/818 1591/2450/818
f 1380/2449/818 1379/2451/818 1590/2452/818
f 1379/2451/818 1378/2453/818 1589/2454/818
f 1175/2455/813 1365/2413/813 1391/2210/813
f 1547/2456/813 1197/2416/1100 1525/2457/1102
f 1621/2458/1103 1222/2213/1065 1394/2212/1064
f 1342/2365/826 1341/2361/1084 1394/2212/1064
f 1343/2367/826 1342/2365/826 1395/2222/826
f 1344/2369/826 1343/2367/826 1396/2229/826
f 1345/2371/826 1344/2369/826 1397/2242/826
f 1346/2373/826 1345/2371/826 1398/2251/826
f 1347/2375/826 1346/2373/826 1399/2281/826
f 1348/2377/826 1347/2375/826 1400/2258/826
f 1349/2379/826 1348/2377/826 1401/2266/826
f 1350/2381/826 1349/2379/826 1402/2278/826
f 1351/2459/826 1350/2381/826 1403/2187/826
f 1260/2460/817 1327/2461/817 1405/2462/817
f 1327/2461/817 1303/2463/817 1406/2464/817
f 1303/2463/817 1279/2465/817 1407/2466/817
f 1279/2465/817 1256/2467/1080 1408/2468/1082
f 1256/2467/1080 1261/2469/1068 1409/2470/1079
f 1261/2471/1068 1254/2472/1067 1410/2473/1066
f 1254/2472/1067 1262/2474/1078 1411/2475/1081
f 1262/2474/1078 1248/2476/1076 1315/2477/1077
f 1248/2478/1076 1244/2479/1074 1291/2480/1075
f 1244/2479/1074 1238/2481/1071 1227/2482/1073
f 1238/2483/1071 1243/2484/1070 1225/2485/1069
f 1243/2484/1070 1229/2486/1063 1268/2487/1072
f 1229/2486/1063 1228/2488/1104 1292/2489/1104
f 1518/2490/1105 1517/2491/1106 1393/2412/813
f 1546/2414/813 1545/2492/1107 1523/2415/1099
f 1741/2493/1037 1214/2494/1028 1413/2495/1108
f 1214/2494/1028 1205/2496/1027 1414/2145/1031
f 1205/2496/1027 1194/2497/1048 1415/2173/1049
f 1415/2498/821 1194/2156/821 1416/2149/821
f 1417/2155/821 1182/2137/821 1416/2149/821
f 1553/2499/1109 1706/2500/822 1708/2501/822
f 1745/2134/1024 1217/2132/1022 1201/2502/1110
f 1217/2132/1022 1208/2131/1021 1340/2115/1010
f 1208/2131/1021 1188/2176/1052 1199/2177/1053
f 1188/2138/821 1182/2137/821 1412/2121/821
f 1412/2121/821 1182/2137/821 1316/2122/821
f 1200/2503/1046 1184/2123/821 1316/2122/821
f 1552/2504/1111 1553/2499/1109 1420/2505/1112
f 1200/2503/1046 1339/2506/1113 1431/2507/1114
f 1211/2508/1115 1200/2509/1115 1421/2510/1115
f 1181/2511/1116 1211/2508/1115 1424/2512/1115
f 1749/2513/1117 1181/2511/1116 1419/2514/1118
f 1739/2515/1119 1392/2516/1120 1435/2517/1121
f 1203/2518/1122 1212/2519/1123 1425/2520/1124
f 1202/2521/1122 1203/2518/1122 1423/2522/1122
f 1418/2523/1113 1202/2169/1046 1422/2524/1125
f 1551/2525/1126 1552/2504/1111 1580/2526/1127
f 1641/2527/1039 1221/2528/1039 1426/2529/1039
f 1221/2530/1039 1234/2531/1039 1429/2532/1039
f 1234/2531/1062 1390/2533/1061 1434/2534/1128
f 1378/2453/818 1377/2535/818 1588/2536/818
f 1377/2537/813 1351/2538/813 1587/2539/813
f 1228/2540/1129 1223/2541/1129 1427/2542/1130
f 1292/2543/1104 1228/2540/1104 1428/2544/1131
f 1539/2545/1132 1366/2546/1133 1433/2547/1134
f 1550/2548/1135 1551/2549/1126 1579/2550/1136
f 1421/2551/1125 1431/2507/1114 1449/2552/1137
f 1424/2553/818 1421/2554/818 1439/2555/1138
f 1419/2556/1139 1424/2553/818 1442/2557/1140
f 1750/2558/1141 1419/2556/1139 1437/2559/1142
f 1738/2560/1143 1435/2561/1144 1453/2562/1145
f 1423/2563/822 1425/2564/1146 1443/2565/1147
f 1422/2566/822 1423/2563/822 1441/2567/1148
f 1436/2568/1114 1422/2524/1125 1440/2569/1149
f 1549/2570/1056 1550/2548/1135 1578/2571/1150
f 1640/2572/822 1426/2573/822 1444/2574/1151
f 1426/2573/822 1429/2575/822 1447/2576/1152
f 1429/2532/1153 1434/2534/1128 1452/2577/1154
f 1268/2578/822 1292/2429/822 1585/2579/822
f 1225/2580/822 1268/2578/822 1583/2581/822
f 1428/2582/818 1427/2583/1155 1445/2584/1156
f 1430/2585/1128 1428/2544/1131 1446/2586/1154
f 1540/2587/1157 1433/2588/1158 1451/2589/1159
f 1449/2552/1137 1438/2590/1160 1456/2591/1161
f 1439/2592/1149 1449/2552/1137 1467/2593/1149
f 1442/2557/1140 1439/2555/1138 1457/2594/1162
f 1437/2559/1142 1442/2557/1140 1460/2595/1163
f 1751/2596/1164 1437/2559/1142 1455/2597/1165
f 1737/2598/1166 1453/2562/1145 1471/2599/1167
f 1441/2567/1148 1443/2565/1147 1461/2600/1168
f 1440/2601/1169 1441/2567/1148 1459/2602/1170
f 1454/2603/1171 1440/2569/1149 1458/2604/1149
f 1438/2590/1160 1454/2603/1171 1472/2605/1172
f 1639/2606/1173 1444/2574/1151 1462/2607/1174
f 1444/2574/1151 1447/2576/1152 1465/2608/1175
f 1447/2609/1176 1452/2610/1154 1470/2611/1177
f 1227/2612/822 1225/2580/822 1581/2613/822
f 1291/2614/822 1227/2612/822 1582/2615/822
f 1446/2616/1178 1445/2617/1156 1463/2618/1179
f 1448/2619/1176 1446/2620/1154 1464/2621/1177
f 1541/2622/1180 1451/2589/1159 1469/2623/1181
f 1467/2593/1149 1456/2591/1161 1474/2624/1149
f 1457/2625/1149 1467/2593/1149 1485/2626/1149
f 1460/2595/1163 1457/2594/1162 1475/2627/1182
f 1455/2597/1165 1460/2595/1163 1478/2628/1183
f 1752/2629/1184 1455/2597/1165 1473/2630/1185
f 1736/2631/1186 1471/2599/1167 1489/2632/1187
f 1459/2602/1170 1461/2600/1168 1479/2633/1188
f 1458/2634/1189 1459/2602/1170 1477/2635/1190
f 1472/2605/1172 1458/2604/1149 1476/2636/1149
f 1456/2591/1161 1472/2605/1172 1490/2637/1149
f 1638/2638/1191 1462/2607/1174 1480/2639/1192
f 1462/2607/1174 1465/2608/1175 1483/2640/1193
f 1465/2641/1194 1470/2611/1177 1488/2642/1195
f 1315/2643/822 1291/2614/822 1584/2644/822
f 1411/2645/822 1315/2643/822 1586/2646/822
f 1464/2647/1196 1463/2618/1179 1481/2648/1197
f 1466/2649/1198 1464/2621/1177 1482/2650/1195
f 1542/2651/1001 1469/2623/1181 1487/2652/1199
f 1485/2626/1149 1474/2624/1149 1492/2653/1200
f 1475/2654/1149 1485/2626/1149 1503/2655/1200
f 1478/2656/1183 1475/2657/1182 1493/2658/1201
f 1473/2659/1185 1478/2656/1183 1496/2660/1202
f 1753/2661/1203 1473/2659/1185 1491/2662/1204
f 1735/2663/1205 1489/2664/1187 1507/2665/1206
f 1477/2666/1190 1479/2667/1188 1497/2668/1207
f 1476/2669/1208 1477/2666/1190 1495/2670/1209
f 1490/2637/1149 1476/2636/1149 1494/2671/1149
f 1474/2624/1149 1490/2637/1149 1508/2672/1200
f 1637/2673/1192 1480/2674/1192 1498/2675/1135
f 1480/2674/1192 1483/2676/1193 1501/2677/1210
f 1483/2678/1211 1488/2642/1195 1506/2679/1212
f 1410/2680/822 1411/2645/822 1432/2681/822
f 1409/2682/822 1410/2680/822 1450/2683/822
f 1482/2684/1213 1481/2685/1197 1499/2686/1214
f 1484/2687/1211 1482/2650/1195 1500/2688/1215
f 1543/2689/1216 1487/2690/1199 1505/2691/1217
f 1503/2655/1200 1492/2653/1200 1510/2692/1218
f 1493/2693/1149 1503/2655/1200 1521/2694/1218
f 1496/2660/1202 1493/2658/1201 1511/2695/1219
f 1491/2662/1204 1496/2660/1202 1514/1476/812
f 1754/2696/1220 1491/2662/1204 1509/2697/1221
f 1734/2698/1222 1507/2665/1206 1525/2457/1102
f 1495/2670/1209 1497/2668/1207 1515/2699/1223
f 1494/2700/1224 1495/2670/1209 1513/2701/1225
f 1508/2672/1200 1494/2671/1149 1512/2702/1218
f 1492/2653/1200 1508/2672/1200 1526/2703/1218
f 1636/2704/1135 1498/2675/1135 1516/2195/1057
f 1498/2675/1135 1501/2677/1210 1519/2211/1057
f 1501/2705/1226 1506/2679/1212 1179/2706/1227
f 1408/2707/822 1409/2682/822 1468/2708/822
f 1407/2709/822 1408/2707/822 1486/2710/822
f 1500/2711/1228 1499/2686/1214 1517/2491/1106
f 1502/2712/1226 1500/2713/1215 1518/2714/1227
f 1544/2715/1229 1505/2691/1217 1523/2415/1099
f 1556/2716/822 1555/2717/822 1527/2317/822
f 1557/2718/822 1556/2716/822 1528/2344/822
f 1558/2719/822 1557/2718/822 1529/2359/822
f 1559/2720/822 1558/2719/822 1530/2191/822
f 1560/2721/1230 1559/2722/1231 1531/2197/1059
f 1191/2148/1034 1189/2143/1030 1533/2723/1232
f 1189/2143/1030 1187/2135/1025 1534/2724/1233
f 1187/2135/1025 1224/2725/1234 1535/2726/1235
f 1535/2727/818 1224/2728/1236 1536/2729/818
f 1224/2728/1236 1185/2128/1020 1537/2730/818
f 1185/2128/1020 1183/2120/1015 1538/2731/818
f 1183/2120/1015 1366/2732/1237 1539/2733/818
f 1568/2734/1238 1567/2735/1239 1539/2545/1132
f 1609/2736/1240 1544/2715/1229 1545/2492/1107
f 1608/2737/1241 1545/2492/1107 1573/2738/1242
f 1572/2739/1243 1606/2740/1244 1607/2741/1245
f 1610/2742/1246 1543/2689/1002 1544/2715/1229
f 1571/2743/1247 1605/2744/1248 1606/2740/1244
f 1574/2745/813 1573/2738/1242 1545/2492/1107
f 1575/2746/813 1574/2745/813 1546/2414/813
f 1576/2747/813 1575/2746/813 1547/2456/813
f 1548/2748/813 1525/2457/1102 1549/2570/1056
f 1525/2457/1102 1507/2665/1206 1550/2548/1135
f 1507/2665/1206 1489/2664/1187 1551/2549/1192
f 1489/2632/1187 1471/2599/1167 1552/2749/1111
f 1471/2599/1167 1453/2562/1145 1553/2750/1112
f 1453/2562/1145 1435/2561/1144 1705/2751/822
f 1435/2752/1249 1392/2753/1120 1527/2158/1039
f 1614/2754/822 1641/2755/822 1555/2717/822
f 1615/2756/822 1614/2754/822 1556/2716/822
f 1616/2757/822 1615/2756/822 1557/2718/822
f 1617/2758/822 1616/2757/822 1558/2719/822
f 1618/2759/1250 1617/2760/1251 1559/2722/1231
f 1532/2196/1058 1533/2723/1232 1561/2761/1252
f 1533/2723/1232 1534/2724/1233 1562/2762/1253
f 1534/2724/1233 1535/2726/1235 1563/2763/1254
f 1535/2727/818 1536/2729/818 1564/2764/818
f 1536/2729/818 1537/2730/818 1565/2765/818
f 1537/2730/818 1538/2731/818 1566/2766/818
f 1538/2731/818 1539/2733/818 1567/2767/818
f 1626/2768/1255 1625/2769/1256 1567/2735/1239
f 1627/2770/1257 1626/2771/1258 1568/2772/1259
f 1628/2773/1260 1627/2770/1257 1569/2774/1261
f 1290/2775/822 1221/2776/822 1641/2755/822
f 1630/2777/1262 1629/2778/1263 1571/2743/1247
f 1631/2779/1264 1630/2777/1262 1572/2739/1243
f 1632/2780/813 1631/2779/1264 1573/2738/1242
f 1633/2781/813 1632/2780/813 1574/2745/813
f 1634/2782/813 1633/2781/813 1575/2746/813
f 1548/2748/813 1549/2570/1056 1577/2783/1265
f 1404/2784/822 1405/2785/822 1524/2786/822
f 1351/2538/813 1404/2787/813 1520/2788/813
f 1405/2785/822 1406/2789/822 1522/2790/822
f 1406/2789/822 1407/2709/822 1504/2791/822
f 1540/2792/1266 1613/2793/1267 1602/2794/1268
f 1568/2772/1259 1602/2794/1268 1603/2795/1269
f 1613/2793/1267 1540/2792/1266 1541/2796/1180
f 1569/2774/1261 1603/2795/1269 1604/2797/1270
f 1612/2798/1271 1541/2796/1180 1542/2100/1001
f 1707/2799/1039 1555/2159/1039 1641/2527/1039
f 1314/2800/822 1290/2775/822 1614/2754/822
f 1338/2801/822 1314/2800/822 1615/2756/822
f 1220/2802/822 1338/2801/822 1616/2757/822
f 1367/2363/1085 1220/2419/1065 1617/2760/1251
f 1560/2721/1230 1561/2761/1252 1619/2417/1101
f 1561/2761/1252 1562/2762/1253 1620/2360/1083
f 1562/2762/1253 1563/2763/1254 1621/2458/1103
f 1563/2803/818 1564/2764/818 1622/2184/818
f 1564/2764/818 1565/2765/818 1623/2346/818
f 1565/2765/818 1566/2766/818 1624/2320/818
f 1566/2766/818 1567/2767/818 1625/2282/818
f 1427/2542/1130 1223/2541/1129 1625/2769/1256
f 1427/2583/1155 1626/2804/1258 1627/2805/1272
f 1445/2617/1156 1627/2806/1272 1628/2807/1260
f 1463/2808/1273 1628/2809/1274 1629/2810/1275
f 1481/2685/1197 1629/2811/1275 1630/2812/1262
f 1499/2686/1214 1630/2812/1262 1631/2813/1264
f 1517/2491/1106 1631/2813/1264 1632/2814/813
f 1393/2412/813 1632/2814/813 1633/2815/813
f 1365/2413/813 1633/2815/813 1634/2193/813
f 1577/2783/1265 1635/2816/1056 1634/2782/813
f 1578/2571/1150 1636/2817/1135 1635/2816/1056
f 1579/2550/1136 1637/2818/1192 1636/2817/1135
f 1580/2526/1127 1638/2638/1191 1637/2819/1192
f 1580/2526/1127 1420/2505/1112 1639/2606/1173
f 1420/2505/1112 1708/2501/822 1640/2572/822
f 1681/2820/1276 1680/2821/1277 1647/2822/1278
f 1657/2823/1279 1643/2824/1280 1642/2825/1281
f 1656/2826/1282 1671/2827/1283 1643/2824/1280
f 1655/2828/1284 1670/2829/1285 1671/2827/1283
f 1654/2830/1286 1669/2831/1287 1670/2832/1285
f 1653/2833/1288 1668/2834/1289 1669/2831/1287
f 1679/2835/1290 1678/2836/1291 1649/2837/1292
f 1678/2838/1291 1677/2839/1293 1664/2840/1294
f 1663/2841/1295 1664/2840/1294 1677/2839/1293
f 1680/2842/1277 1679/2835/1290 1648/2843/1296
f 1662/2844/1297 1663/2841/1295 1676/2845/1298
f 1665/2846/1299 1650/2847/1299 1649/2848/1299
f 1666/2849/826 1651/2850/826 1650/2851/826
f 1667/2852/826 1652/2853/826 1651/2850/826
f 1685/2854/1300 1660/2855/1301 1659/2856/1302
f 1686/2857/1303 1661/2858/1304 1660/2855/1301
f 1688/2859/1305 1663/2841/1295 1662/2844/1297
f 1689/2860/1306 1664/2840/1294 1663/2841/1295
f 1690/2861/1307 1665/2862/1308 1664/2840/1294
f 1691/2863/826 1666/2849/826 1665/2862/1308
f 1692/2864/826 1667/2852/826 1666/2849/826
f 1652/2853/826 1667/2852/826 1668/2834/1289
f 1644/2865/1309 1659/2856/1302 1672/2866/1310
f 1659/2856/1302 1660/2855/1301 1673/2867/1311
f 1683/2868/1312 1682/2869/1313 1645/2870/1314
f 1660/2855/1301 1661/2858/1304 1674/2871/1315
f 1682/2869/1313 1681/2820/1276 1646/2872/1316
f 1668/2834/1289 1667/2852/826 1692/2864/826
f 1669/2831/1287 1668/2834/1289 1693/2873/1317
f 1670/2832/1285 1669/2831/1287 1694/2874/1286
f 1671/2827/1283 1670/2829/1285 1695/2875/1318
f 1671/2827/1283 1696/2876/1319 1697/2877/1320
f 1643/2824/1280 1697/2877/1321 1698/2878/1322
f 1699/2879/1323 1700/2880/1323 1702/2881/1323
f 1547/2882/1324 1548/2883/817 1652/2884/817
f 1542/2885/1325 1543/2886/1326 1647/2887/1327
f 1610/2888/1328 1680/2889/1329 1681/2890/1330
f 1554/2891/814 1658/2892/814 1642/2893/814
f 1553/2894/1331 1554/2895/1332 1658/2896/1333
f 1605/2897/1334 1675/2898/1335 1676/2899/1336
f 1571/2900/1337 1662/2901/1338 1675/2902/1339
f 1543/2886/1326 1544/2903/1340 1648/2904/1341
f 1609/2905/1342 1679/2906/1343 1680/2889/1329
f 1546/2907/1344 1547/2882/1324 1651/2908/1324
f 1649/2909/1345 1546/2910/1345 1650/2911/1345
f 1634/2912/821 1633/2913/1346 1691/2914/1346
f 1628/2915/1347 1627/2916/1348 1685/2917/1349
f 1570/2918/1350 1661/2919/1351 1686/2920/1352
f 1626/2921/1353 1684/2922/1354 1659/2923/1355
f 1627/2916/1348 1626/2924/1356 1684/2925/1357
f 1551/2926/1358 1552/2927/1331 1656/2928/1331
f 1550/2929/1359 1551/2926/1358 1655/2930/1333
f 1633/2913/1346 1632/2931/1346 1690/2932/1346
f 1632/2931/1346 1631/2933/821 1689/2934/821
f 1631/2933/821 1630/2935/821 1688/2936/1360
f 1629/2937/1361 1687/2938/1361 1662/2901/1338
f 1630/2935/821 1629/2939/821 1687/2940/1360
f 1544/2903/1340 1545/2941/1362 1649/2942/1363
f 1608/2943/1364 1678/2944/1365 1679/2906/1343
f 1552/2927/1331 1553/2894/1331 1657/2945/1358
f 1607/2946/1366 1677/2947/1366 1678/2948/1366
f 1606/2949/1367 1676/2899/1336 1677/2950/1368
f 1549/2951/1369 1550/2929/1359 1654/2952/1370
f 1548/2883/817 1549/2951/1369 1653/2953/1369
f 1613/2954/1371 1683/2955/1371 1672/2956/1371
f 1568/2957/1372 1659/2923/1355 1644/2958/1373
f 1602/2959/1374 1672/2960/1375 1673/2961/1376
f 1540/2962/1377 1541/2963/1378 1645/2964/1379
f 1612/2965/1380 1682/2966/1381 1683/2967/1382
f 1603/2968/1383 1673/2961/1376 1674/2969/1384
f 1604/2970/1385 1674/2971/1386 1661/2919/1351
f 1541/2963/1378 1542/2885/1325 1646/2972/1387
f 1611/2973/1388 1681/2890/1330 1682/2966/1381
f 1635/2974/821 1634/2912/821 1692/2975/821
f 1636/2976/871 1635/2974/821 1693/2977/821
f 1637/2978/1389 1636/2976/871 1694/2979/871
f 1638/2980/1389 1637/2978/1389 1695/2981/1389
f 1639/2982/1046 1638/2980/1389 1696/2983/1389
f 1617/2984/1390 1220/2985/1390 1711/2986/1390
f 1628/2987/1391 1701/2988/1391 1702/2989/1391
f 1463/2990/1392 1699/2991/1392 1701/2992/1392
f 1481/2993/821 1463/2994/821 1699/2995/821
f 1629/2996/1393 1702/2997/1393 1700/2998/1393
f 1658/2999/1394 1642/3000/1281 1725/3001/1395
f 1723/3002/818 1724/3003/818 1713/3004/818
f 1720/3005/818 1721/3006/818 1710/3007/818
f 1721/3006/818 1722/3008/818 1709/3009/818
f 1722/3008/818 1723/3002/818 1713/3004/818
f 1703/3010/1395 1698/3011/1395 1718/3012/1395
f 1726/3013/818 1721/3006/818 1720/3005/818
f 1727/3014/818 1722/3008/818 1721/3006/818
f 1728/3015/818 1723/3002/818 1722/3008/818
f 1729/3016/818 1724/3003/818 1723/3002/818
f 1719/3017/1395 1658/2999/1394 1720/3018/1395
f 1730/3019/818 1726/3013/818 1725/3020/818
f 1731/3021/818 1727/3014/818 1726/3013/818
f 1732/3022/818 1728/3015/818 1727/3014/818
f 1704/3023/818 1729/3016/818 1728/3015/818
f 1714/3024/818 1730/3019/818 1703/3025/818
f 1642/3000/1281 1698/3011/1395 1703/3010/1395
f 1715/3026/818 1731/3021/818 1730/3019/818
f 1716/3027/818 1732/3022/818 1731/3021/818
f 1711/3028/818 1704/3023/818 1732/3022/818
f 1707/3029/1396 1642/3030/1396 1658/3031/1396
f 1226/3032/1397 1531/3033/1398 1724/3034/1399
f 1392/3035/1400 1195/3036/817 1710/3037/817
f 1195/3036/817 1193/3038/817 1709/3039/817
f 1193/3038/817 1226/3040/817 1713/3041/817
f 1290/3042/821 1221/3043/821 1712/3044/821
f 1221/3043/821 1426/3045/821 1718/3046/821
f 1426/3047/814 1640/3048/814 1698/3049/814
f 1531/3033/1398 1559/3050/1401 1729/3051/1401
f 1435/3052/1358 1392/3035/1400 1717/3053/1359
f 1705/3054/814 1435/3055/1144 1719/3056/814
f 1559/3050/1401 1617/2984/1390 1704/3057/1390
f 1640/3058/1396 1698/3059/1396 1642/3030/1396
f 1314/3060/821 1290/3061/821 1714/3062/821
f 1338/3063/821 1314/3060/821 1715/3064/821
f 1220/3065/821 1338/3063/821 1716/3066/821
f 1515/2699/1223 1497/2668/1207 1734/2698/1222
f 1497/2668/1207 1479/2667/1188 1735/2663/1205
f 1479/2633/1188 1461/2600/1168 1736/2631/1186
f 1461/2600/1168 1443/2565/1147 1737/2598/1166
f 1443/2565/1147 1425/2564/1146 1738/2560/1143
f 1425/2520/1124 1212/2519/1123 1739/2515/1402
f 1212/3067/1045 1213/2151/1035 1740/2152/1036
f 1213/2151/1035 1214/2141/1028 1741/2153/1037
f 1226/3068/1060 1193/2154/1038 1741/2153/1037
f 1413/2495/1108 1215/2146/1032 1743/2142/1029
f 1215/2146/1032 1216/2126/1018 1744/2133/1023
f 1216/2126/1018 1217/2132/1022 1745/2134/1024
f 1224/2725/1234 1187/2135/1025 1745/2134/1024
f 1201/2502/1110 1218/2117/1012 1747/3069/1013
f 1218/3070/1012 1219/2164/1043 1748/2119/1014
f 1366/2732/1237 1183/2120/1015 1748/2119/1014
f 1433/2547/1134 1366/2546/1133 1749/2513/1117
f 1451/2589/1159 1433/2588/1158 1750/2558/1141
f 1469/2623/1181 1451/2589/1159 1751/2596/1164
f 1487/2652/1199 1469/2623/1181 1752/2629/1184
f 1505/2691/1217 1487/2690/1199 1753/2661/1203
f 1523/2415/1099 1505/2691/1217 1754/2696/1220
f 817/3071/817 818/1482/815 815/1484/817
f 793/3072/818 794/1508/818 785/3073/818
f 789/3074/821 790/1488/819 787/1490/821
f 804/3075/822 803/1491/822 789/1493/822
f 786/1537/833 794/1494/823 784/1496/825
f 787/3076/826 805/1497/826 789/1499/826
f 792/1511/822 783/1500/822 791/1502/822
f 793/1513/826 785/1503/826 792/1505/826
f 793/3072/818 797/1506/818 794/1508/818
f 794/1494/823 798/1509/827 791/1495/824
f 796/1520/822 792/1511/822 795/1512/822
f 797/1522/826 793/1513/826 796/1514/826
f 797/3077/818 801/1515/818 798/1517/818
f 798/1509/827 802/1518/829 795/1510/828
f 800/1528/822 796/1520/822 799/1521/822
f 801/1529/826 797/1522/826 800/1523/826
f 801/1515/818 805/1524/818 802/1516/818
f 802/1518/829 806/1526/831 799/1519/830
f 804/3075/822 800/1528/822 803/1491/822
f 805/1497/826 801/1529/826 804/1498/826
f 805/1524/818 787/3078/818 806/1525/818
f 806/3079/831 788/1489/820 803/1533/832
f 808/1541/822 784/1534/822 807/1536/822
f 810/3080/835 786/1537/833 808/1538/834
f 809/1546/818 785/1487/818 810/1539/818
f 807/1548/826 783/1504/826 809/1540/826
f 812/1550/822 808/1541/822 811/1542/822
f 814/1552/837 810/1543/835 812/1545/836
f 813/1553/818 809/1546/818 814/1547/818
f 811/1555/826 807/1548/826 813/1549/826
f 816/3081/822 812/1550/822 815/1551/822
f 818/1482/815 814/1552/837 816/1483/816
f 817/3082/818 813/1553/818 818/1554/818
f 815/3083/826 811/1555/826 817/1556/826
f 903/3084/838 904/1557/838 819/1559/838
f 836/3085/840 837/1560/839 821/1562/840
f 881/3086/841 898/1563/841 823/1565/841
f 831/3087/843 834/1566/842 825/1568/843
f 904/3088/813 905/1726/813 820/3089/813
f 899/3090/826 900/1572/826 825/1574/826
f 901/1587/826 902/1575/826 827/1577/826
f 828/1596/840 832/1578/840 829/1580/845
f 910/1597/813 911/1581/813 858/1583/846
f 827/1593/843 835/1584/843 830/1586/848
f 900/1572/826 901/1587/826 831/1573/826
f 832/1578/840 823/1588/840 833/1579/844
f 915/3091/813 916/1590/813 834/1592/813
f 831/3087/843 827/1593/843 834/1566/842
f 902/1575/826 903/1594/826 835/1576/826
f 836/3085/840 828/1596/840 837/1560/839
f 909/3092/813 910/1734/813 862/3093/846
f 835/3094/843 819/1599/843 838/1570/847
f 842/1610/853 834/1566/842 840/1600/849
f 914/1612/821 915/1601/821 842/1603/821
f 839/1606/852 829/1580/845 841/1604/850
f 840/1600/849 830/1586/848 844/1605/851
f 843/1616/857 837/1560/839 839/1606/852
f 888/1618/817 887/1607/817 843/1609/817
f 848/3095/859 842/1610/853 846/1611/854
f 913/1623/821 914/1612/821 848/1613/821
f 845/1617/858 839/1606/852 847/1614/855
f 846/1611/854 840/1600/849 850/1615/856
f 849/3096/863 843/1616/857 845/1617/858
f 889/1632/817 888/1618/817 849/1619/817
f 854/1634/865 848/1620/859 852/1622/860
f 912/1635/821 913/1623/821 854/1624/821
f 851/1631/864 845/1625/858 853/1627/861
f 852/1622/860 846/1621/854 856/1629/862
f 855/1638/867 849/1630/863 851/1631/864
f 890/1640/817 889/1632/817 855/1633/817
f 860/1582/846 854/1634/865 858/1583/846
f 911/3097/821 912/1635/821 860/1636/821
f 857/1639/868 851/1631/864 859/1637/866
f 858/1583/846 852/1622/860 862/1598/846
f 861/3098/870 855/1638/867 857/1639/868
f 891/3099/817 890/1640/817 861/1641/817
f 864/1663/826 918/1642/826 863/1644/826
f 864/1746/841 871/1645/841 865/1647/841
f 866/1762/813 934/1648/813 865/1650/813
f 867/1763/821 933/1651/821 866/1653/821
f 873/1657/826 880/1654/826 874/1656/826
f 872/1664/826 863/1644/826 873/1657/826
f 942/3100/817 909/1658/817 943/1660/817
f 871/1645/841 899/1661/841 935/1646/841
f 871/1721/826 864/1663/826 872/1664/826
f 874/1656/826 879/1655/826 868/1666/826
f 945/1671/817 906/1667/869 870/1669/817
f 944/1751/817 907/1670/817 945/1671/817
f 875/1750/817 945/1671/817 876/1672/817
f 877/1752/813 923/1673/813 876/1675/813
f 878/1753/838 922/1676/838 877/1678/838
f 879/1655/826 921/1679/826 878/1665/826
f 880/1654/826 920/1681/826 879/1655/826
f 863/1644/826 919/1643/826 880/1654/826
f 881/1747/826 823/1682/826 882/1684/826
f 882/1684/826 832/1683/826 883/1686/826
f 883/1686/826 828/1685/826 884/1688/826
f 884/1688/826 836/1687/826 885/1690/826
f 885/1748/838 821/1691/838 886/1693/838
f 886/1749/813 822/1694/813 887/1696/813
f 888/1618/817 925/1697/817 887/1607/817
f 889/1632/817 926/1699/817 888/1618/817
f 890/1640/817 927/1700/817 889/1632/817
f 891/3099/817 928/1701/817 890/1640/817
f 891/1754/813 861/1702/870 892/1704/813
f 892/1704/813 857/1703/868 893/1706/813
f 893/1757/821 859/1707/821 894/1709/821
f 894/1709/821 853/1708/821 895/1711/821
f 895/1711/821 847/1710/821 896/1713/871
f 896/1713/871 841/1712/821 897/1715/821
f 897/1760/813 833/1716/813 898/1718/813
f 881/3086/841 918/1719/841 898/1563/841
f 899/3090/826 871/1721/826 900/1572/826
f 900/1572/826 872/1664/826 901/1587/826
f 901/1587/826 873/1657/826 902/1575/826
f 902/1575/826 874/1656/826 903/1594/826
f 903/3084/838 868/1722/838 904/1557/838
f 904/3088/813 869/1724/813 905/1726/813
f 906/1667/869 844/1727/817 905/1668/817
f 907/1670/817 850/1729/817 906/1667/869
f 908/1659/817 856/1730/817 907/1670/817
f 909/1658/817 862/1731/817 908/1659/817
f 909/3092/813 942/1732/813 910/1734/813
f 910/1597/813 941/1735/813 911/1581/813
f 911/3097/821 940/1737/821 912/1635/821
f 912/1635/821 939/1738/821 913/1623/821
f 913/1623/821 938/1739/821 914/1612/821
f 914/1612/821 937/1740/821 915/1601/821
f 915/3091/813 936/1742/813 916/1590/813
f 899/1661/841 825/1744/841 916/1662/841
f 918/1719/841 864/1746/841 917/1720/841
f 918/1642/826 881/1747/826 919/1643/826
f 919/1643/826 882/1684/826 920/1681/826
f 920/1681/826 883/1686/826 921/1679/826
f 921/1679/826 884/1688/826 922/1680/826
f 922/1676/838 885/1748/838 923/1677/838
f 923/1673/813 886/1749/813 924/1674/813
f 925/1697/817 875/1750/817 924/1698/817
f 943/1660/817 908/1659/817 944/1751/817
f 869/1724/813 877/1752/813 870/1725/813
f 868/1722/838 878/1753/838 869/1723/838
f 928/3101/813 891/1754/813 929/1755/813
f 929/1755/813 892/1704/813 930/1756/813
f 930/3102/821 893/1757/821 931/1758/821
f 931/1758/821 894/1709/821 932/1759/821
f 932/1759/821 895/1711/821 933/1651/821
f 933/1651/821 896/1713/871 934/1652/821
f 934/3103/813 897/1760/813 917/1761/813
f 936/1742/813 866/1762/813 935/1743/813
f 937/1740/821 867/1763/821 936/1741/821
f 945/3104/813 875/1764/813 937/1766/813
f 875/1764/813 925/1767/813 867/1765/813
f 944/1772/872 945/1769/818 938/1771/872
f 943/1774/872 944/1772/872 939/1773/872
f 942/3105/818 943/1774/872 940/1775/818
f 927/1781/822 928/1776/822 931/1778/822
f 931/1778/822 932/1779/822 927/1781/822
f 925/3106/822 926/1780/822 933/1782/822
f 1022/1790/821 990/1783/873 1023/1785/821
f 948/3107/881 969/1786/875 956/1788/877
f 1021/1795/821 989/1789/878 1022/1790/821
f 956/1824/877 958/1791/879 948/1793/881
f 990/1783/873 950/1792/880 991/1784/874
f 1020/1802/821 988/1794/882 1021/1795/821
f 1023/1785/821 991/1784/874 1024/1797/821
f 952/1810/887 967/1798/884 948/1800/881
f 1019/1806/821 987/1801/885 1020/1802/821
f 948/1793/881 950/1792/880 952/1804/887
f 989/1789/878 954/1803/886 990/1783/873
f 1018/1812/821 986/1805/888 1019/1806/821
f 1024/1797/821 992/1796/883 1025/1808/821
f 960/1830/893 965/1809/890 952/1810/887
f 1017/1816/821 985/1811/891 1018/1812/821
f 952/1804/887 954/1803/886 960/1814/893
f 988/1794/882 962/1813/892 989/1789/878
f 1016/1822/821 984/1815/894 1017/1816/821
f 1025/1808/821 993/1807/889 947/1818/821
f 956/1788/877 971/1787/876 968/1820/897
f 1015/1826/821 983/1821/898 1016/1822/821
f 968/1880/897 970/1823/899 956/1824/877
f 991/1784/874 958/1791/879 992/1796/883
f 1014/1832/821 982/1825/900 1015/1826/821
f 947/1818/821 994/1817/895 1011/1828/821
f 964/1839/905 963/1829/902 960/1830/893
f 1013/1836/821 981/1831/903 1014/1832/821
f 960/1814/893 962/1813/892 964/1834/905
f 987/1801/885 966/1833/904 988/1794/882
f 1012/1837/821 980/1835/906 1013/1836/821
f 1011/1828/821 979/1827/901 1012/1837/821
f 972/3108/936 961/1838/907 964/1839/905
f 979/1827/901 997/1840/908 980/1835/906
f 996/1847/913 995/1841/909 998/1842/910
f 998/1857/910 946/1843/911 996/1845/913
f 980/1835/906 995/1841/909 981/1831/903
f 1000/1851/916 999/1846/914 996/1847/913
f 996/1845/913 949/1844/912 1000/1849/916
f 981/1831/903 999/1846/914 982/1825/900
f 1002/1859/919 1001/1850/917 1000/1851/916
f 1000/1849/916 951/1848/915 1002/1853/919
f 994/1817/895 1003/1854/920 979/1827/901
f 998/1842/910 997/1840/908 1004/1855/921
f 1004/3109/921 977/1856/922 998/1857/910
f 982/1825/900 1001/1850/917 983/1821/898
f 1006/1864/925 1005/1858/923 1002/1859/919
f 1002/3110/919 953/1860/918 1006/1862/925
f 983/1821/898 1005/1858/923 984/1815/894
f 1008/1873/928 1007/1863/926 1006/1864/925
f 1006/1862/925 955/1861/924 1008/1866/928
f 993/1807/889 1009/1867/929 994/1817/895
f 1004/1855/921 1003/1854/920 1010/1868/930
f 1010/1882/930 975/1869/931 1004/1871/921
f 984/1815/894 1007/1863/926 985/1811/891
f 976/1877/934 978/1872/932 1008/1873/928
f 1008/1866/928 957/1865/927 976/1875/934
f 985/1811/891 978/1872/932 986/1805/888
f 972/1883/936 974/1876/935 976/1877/934
f 976/1875/934 959/1874/933 972/1879/936
f 992/1796/883 970/1823/899 993/1807/889
f 1010/1868/930 1009/1867/929 968/1880/897
f 968/1820/897 973/1819/896 1010/3111/930
f 986/1805/888 974/1876/935 987/1801/885
f 964/1834/905 966/1833/904 972/1883/936
f 1030/1895/943 1031/1887/937 1028/1889/939
f 1032/3112/946 1033/1894/942 1030/1895/943
f 1034/1904/949 1035/1898/945 1032/1900/946
f 1036/3113/952 1037/1903/948 1034/1904/949
f 1038/1913/955 1039/1907/951 1036/1909/952
f 1040/1917/958 1041/1912/954 1038/1913/955
f 1042/3114/961 1043/1916/957 1040/1917/958
f 1044/1926/964 1045/1920/960 1042/1922/961
f 1046/3115/966 1047/1925/963 1044/1926/964
f 1028/1889/939 1029/1888/938 1046/1929/966
f 1048/1892/941 1059/1930/967 1049/1890/940
f 1059/1949/967 1029/1888/938 1058/1932/968
f 1049/1890/940 1058/1931/968 1050/1896/944
f 1058/1932/968 1031/1887/937 1060/1934/969
f 1050/1896/944 1060/1933/969 1051/1901/947
f 1060/3116/969 1033/1899/942 1061/1936/970
f 1051/1901/947 1061/1935/970 1052/1905/950
f 1061/1936/970 1035/1898/945 1062/1938/971
f 1052/1905/950 1062/1937/971 1053/1910/953
f 1062/3117/971 1037/1908/948 1063/1940/972
f 1053/1910/953 1063/1939/972 1054/1914/956
f 1063/1940/972 1039/1907/951 1064/1942/973
f 1054/1914/956 1064/1941/973 1055/1918/959
f 1064/1942/973 1041/1912/954 1065/1944/974
f 1055/1918/959 1065/1943/974 1056/1923/962
f 1065/3118/974 1043/1921/957 1066/1946/975
f 1056/1923/962 1066/1945/975 1057/1927/965
f 1066/1946/975 1045/1920/960 1067/1948/976
f 1057/1927/965 1067/1947/976 1048/1892/941
f 1067/3119/976 1047/1928/963 1059/1949/967
f 1069/1954/821 1030/1950/821 1068/1952/821
f 1070/3120/821 1032/1953/821 1069/1954/821
f 1071/1959/821 1034/1955/821 1070/1957/821
f 1072/3121/821 1036/1958/821 1071/1959/821
f 1073/1964/821 1038/1960/821 1072/1962/821
f 1074/1966/821 1040/1963/821 1073/1964/821
f 1075/1968/821 1042/1965/821 1074/1966/821
f 1076/1970/821 1044/1967/821 1075/1968/821
f 1077/1971/821 1046/1969/821 1076/1970/821
f 1068/1952/821 1028/1951/821 1077/1971/821
f 1080/1990/943 1069/1986/977 1079/1988/939
f 1081/3122/946 1070/1989/979 1080/1990/943
f 1082/1995/949 1071/1991/980 1081/1993/946
f 1083/3123/983 1072/1994/981 1082/1995/949
f 1084/2000/955 1073/1996/982 1083/1998/983
f 1085/2002/986 1074/1999/984 1084/2000/955
f 1086/3124/961 1075/2001/985 1085/2002/986
f 1087/2007/964 1076/2003/987 1086/2005/961
f 1088/2009/966 1077/2006/988 1087/2007/964
f 1079/3125/939 1068/2008/978 1088/2009/966
f 1112/3126/817 1111/2010/817 1089/2012/817
f 1093/3127/989 1094/2013/989 1091/2015/989
f 1105/3128/821 1106/2016/821 1093/2018/821
f 1089/3129/990 1090/2019/990 1095/2021/990
f 1111/1474/811 1110/1473/811 1090/2023/811
f 1097/3130/821 1109/2024/821 1098/2026/821
f 1116/3131/992 1102/2027/991 1113/2029/992
f 1118/3132/999 1108/2030/993 1101/2032/999
f 1104/2036/821 1097/2033/821 1103/2035/821
f 1105/3128/821 1104/3133/821 1106/2016/821
f 1107/1471/811 1092/2038/811 1106/1472/811
f 1108/2030/817 1091/2040/817 1107/2031/817
f 1109/2024/821 1095/2042/821 1110/2025/821
f 1112/3134/996 1117/2044/995 1111/2046/996
f 1099/2028/991 1102/2027/991 1101/2052/999
f 1116/3131/992 1113/2029/992 1117/2044/995
f 1137/3135/817 1133/2053/817 1138/2055/817
f 1138/2055/817 1132/2054/817 1139/2057/817
f 1121/3136/817 1131/2058/817 1122/2060/817
f 1140/3137/817 1130/2061/817 1141/2063/817
f 1141/2063/817 1129/2062/817 1142/2065/817
f 1142/2065/817 1128/2064/817 1120/2067/817
f 1126/2069/817 1119/2068/817 1127/2066/817
f 1119/2068/817 1126/2069/817 1136/2071/817
f 1124/2073/817 1135/2072/817 1125/2070/817
f 1135/2072/817 1124/2073/817 1134/2075/817
f 1156/2079/821 1157/2076/821 1162/2078/821
f 1155/3138/821 1156/2079/821 1163/2080/821
f 1154/3139/821 1155/2081/821 1146/2083/821
f 1153/2087/821 1154/2084/821 1165/2086/821
f 1152/2089/821 1153/2087/821 1166/2088/821
f 1151/2093/821 1152/2089/821 1144/2090/821
f 1144/2090/821 1143/2091/821 1151/2093/821
f 1149/2097/821 1150/2092/821 1160/2094/821
f 1160/2094/821 1159/2095/821 1149/2097/821
f 1147/3140/821 1148/2096/821 1158/2098/821
f 1610/3141/1246 1611/2099/1000 1543/2101/1002
f 1174/3142/817 1173/2102/1003 1167/2104/817
f 1172/2113/1009 1168/2105/817 1171/2107/1004
f 1174/3142/817 1180/2108/1005 1173/2102/1003
f 1176/2114/1007 1178/2110/1007 1175/2112/1007
f 1178/2110/1007 1172/2113/1009 1177/2111/1008
f 1180/2108/1005 1176/2114/1007 1179/2109/1006
f 1201/2502/1110 1340/2115/1010 1218/2117/1012
f 1185/2128/1020 1747/2118/1013 1183/2120/1015
f 1186/2130/821 1412/2121/821 1184/2123/821
f 1215/2146/1032 1206/2124/1016 1216/2126/1018
f 1224/2728/1236 1746/2127/1019 1185/2128/1020
f 1216/2126/1018 1207/2125/1017 1217/2132/1022
f 1189/2143/1030 1744/2133/1023 1187/2135/1025
f 1213/2151/1035 1204/2139/1026 1214/2141/1028
f 1191/2148/1034 1743/2142/1029 1189/2143/1030
f 1413/2495/1108 1414/2145/1031 1215/2146/1032
f 1226/2198/1060 1742/2147/1033 1191/2148/1034
f 1415/2498/821 1416/2149/821 1192/2144/821
f 1212/3067/1045 1203/2150/822 1213/2151/1035
f 1195/2166/1044 1740/2152/1036 1193/2154/1038
f 1196/2168/821 1417/2155/821 1194/2156/821
f 1707/2799/1039 1705/2157/1039 1555/2159/1039
f 1211/3143/818 1210/2160/1040 1200/2162/818
f 1181/2180/1055 1749/2163/1042 1219/2164/1043
f 1218/3070/1012 1209/2165/1011 1219/2164/1043
f 1739/3144/1403 1740/2152/1036 1392/2167/1404
f 1418/2523/1113 1417/2155/821 1202/2169/1046
f 1203/2150/822 1202/2170/822 1204/2139/1026
f 1204/2139/1026 1196/2171/1047 1205/2140/1027
f 1414/2145/1031 1415/2173/1049 1206/2124/1016
f 1206/2124/1016 1192/2174/1050 1207/2125/1017
f 1207/2125/1017 1190/2175/1051 1208/2131/1021
f 1340/2115/1010 1199/2177/1053 1209/2116/1011
f 1209/2165/1011 1186/2179/1054 1210/2160/1040
f 1211/3143/818 1181/2180/1055 1210/2160/1040
f 1377/3145/817 1378/2181/817 1257/2183/817
f 1621/3146/818 1622/2184/818 1222/2186/818
f 1404/3147/826 1403/2187/826 1260/2189/826
f 1391/2210/813 1634/2193/813 1516/2195/1057
f 1191/2148/1034 1532/2196/1058 1226/2198/1060
f 1271/2231/818 1270/2199/818 1229/2201/818
f 1270/2199/818 1269/2202/818 1228/2200/818
f 1389/2233/1072 1390/2204/1061 1232/2206/1063
f 1337/2218/822 1338/2207/822 1235/2209/822
f 1179/3148/813 1391/2210/813 1519/2211/1057
f 1395/2222/826 1394/2212/1064 1230/2214/826
f 1382/3149/1079 1383/2215/1066 1252/2217/1068
f 1336/2220/822 1337/2218/822 1233/2219/822
f 1335/2227/822 1336/2220/822 1239/2221/822
f 1396/2229/826 1395/2222/826 1231/2223/826
f 1387/3150/1073 1388/2224/1069 1241/2226/1071
f 1334/2240/822 1335/2227/822 1242/2228/822
f 1397/2242/826 1396/2229/826 1236/2230/826
f 1272/2244/818 1271/2231/818 1243/2232/818
f 1388/2224/1069 1389/2233/1072 1237/2225/1070
f 1274/2245/818 1273/2234/818 1244/2236/818
f 1386/2247/1075 1387/2237/1073 1246/2239/1074
f 1333/2249/822 1334/2240/822 1247/2241/822
f 1398/2251/826 1397/2242/826 1240/2243/826
f 1273/2234/818 1272/2244/818 1238/2235/818
f 1275/2261/818 1274/2245/818 1248/2246/818
f 1385/2268/1077 1386/2247/1075 1250/2248/1076
f 1332/2277/822 1333/2249/822 1251/2250/822
f 1399/2281/826 1398/2251/826 1245/2252/826
f 1329/2273/822 1330/2253/822 1253/2255/822
f 1330/2253/822 1331/2256/822 1259/2254/822
f 1401/2266/826 1400/2258/826 1263/2260/826
f 1276/2275/818 1275/2261/818 1262/2262/818
f 1279/3151/818 1278/2263/818 1256/2265/818
f 1402/2278/826 1401/2266/826 1255/2267/826
f 1384/2280/1081 1385/2268/1077 1266/2269/1078
f 1381/2294/1082 1382/2270/1079 1264/2272/1080
f 1328/3152/822 1329/2273/822 1257/2274/822
f 1277/2279/818 1276/2275/818 1254/2276/818
f 1331/2256/822 1332/2277/822 1267/2257/822
f 1403/2187/826 1402/2278/826 1265/2188/826
f 1278/2263/818 1277/2279/818 1261/2264/818
f 1383/2215/1066 1384/2280/1081 1258/2216/1067
f 1400/2258/826 1399/2281/826 1249/2259/826
f 1624/2320/818 1625/2282/818 1269/2202/818
f 1270/2199/818 1294/2283/818 1269/2202/818
f 1271/2231/818 1295/2285/818 1270/2199/818
f 1272/2244/818 1296/2286/818 1271/2231/818
f 1273/2234/818 1297/2287/818 1272/2244/818
f 1274/2245/818 1298/2288/818 1273/2234/818
f 1275/2261/818 1299/2289/818 1274/2245/818
f 1276/2275/818 1300/2290/818 1275/2261/818
f 1277/2279/818 1301/2291/818 1276/2275/818
f 1278/2263/818 1302/2292/818 1277/2279/818
f 1279/3151/818 1303/2293/818 1278/2263/818
f 1380/2331/817 1381/2294/1082 1280/2295/817
f 1280/2333/822 1264/2296/822 1281/2298/822
f 1281/2298/822 1252/2297/822 1282/2300/822
f 1282/2300/822 1258/2299/822 1283/2302/822
f 1283/2302/822 1266/2301/822 1284/2304/822
f 1284/2304/822 1250/2303/822 1285/2306/822
f 1285/2306/822 1246/2305/822 1286/2308/822
f 1286/2308/822 1241/2307/822 1287/2310/822
f 1287/2310/822 1237/2309/822 1288/2312/822
f 1288/2312/822 1232/2311/822 1289/2314/822
f 1289/2314/822 1234/2313/822 1290/2316/822
f 1528/2344/822 1527/2317/822 1195/2319/1044
f 1623/2346/818 1624/2320/818 1293/2284/818
f 1294/2283/818 1318/2321/818 1293/2284/818
f 1295/2285/818 1319/2322/818 1294/2283/818
f 1296/2286/818 1320/2323/818 1295/2285/818
f 1297/2287/818 1321/2324/818 1296/2286/818
f 1298/2288/818 1322/2325/818 1297/2287/818
f 1299/2289/818 1323/2326/818 1298/2288/818
f 1300/2290/818 1324/2327/818 1299/2289/818
f 1301/2291/818 1325/2328/818 1300/2290/818
f 1302/2292/818 1326/2329/818 1301/2291/818
f 1303/2293/818 1327/2330/818 1302/2292/818
f 1379/2357/817 1380/2331/817 1304/2332/817
f 1304/2358/822 1280/2333/822 1305/2334/822
f 1305/2334/822 1281/2298/822 1306/2335/822
f 1306/2335/822 1282/2300/822 1307/2336/822
f 1307/2336/822 1283/2302/822 1308/2337/822
f 1308/2337/822 1284/2304/822 1309/2338/822
f 1309/2338/822 1285/2306/822 1310/2339/822
f 1310/2339/822 1286/2308/822 1311/2340/822
f 1311/2340/822 1287/2310/822 1312/2341/822
f 1312/2341/822 1288/2312/822 1313/2342/822
f 1313/2342/822 1289/2314/822 1314/2343/822
f 1529/2359/822 1528/2344/822 1193/2345/1038
f 1622/2184/818 1623/2346/818 1317/2185/818
f 1318/2321/818 1230/2347/818 1317/2185/818
f 1319/2322/818 1231/2348/818 1318/2321/818
f 1320/2323/818 1236/2349/818 1319/2322/818
f 1321/2324/818 1240/2350/818 1320/2323/818
f 1322/2325/818 1245/2351/818 1321/2324/818
f 1323/2326/818 1249/2352/818 1322/2325/818
f 1324/2327/818 1263/2353/818 1323/2326/818
f 1325/2328/818 1255/2354/818 1324/2327/818
f 1326/2329/818 1265/2355/818 1325/2328/818
f 1327/2330/818 1260/2356/818 1326/2329/818
f 1378/2181/817 1379/2357/817 1328/2182/817
f 1328/3152/822 1304/2358/822 1329/2273/822
f 1329/2273/822 1305/2334/822 1330/2253/822
f 1330/2253/822 1306/2335/822 1331/2256/822
f 1331/2256/822 1307/2336/822 1332/2277/822
f 1332/2277/822 1308/2337/822 1333/2249/822
f 1333/2249/822 1309/2338/822 1334/2240/822
f 1334/2240/822 1310/2339/822 1335/2227/822
f 1335/2227/822 1311/2340/822 1336/2220/822
f 1336/2220/822 1312/2341/822 1337/2218/822
f 1337/2218/822 1313/2342/822 1338/2207/822
f 1530/2191/822 1529/2359/822 1226/2192/822
f 1619/2417/1101 1620/2360/1083 1341/2361/1084
f 1342/2365/826 1368/2362/826 1341/2361/1084
f 1343/2367/826 1369/2364/826 1342/2365/826
f 1344/2369/826 1370/2366/826 1343/2367/826
f 1345/2371/826 1371/2368/826 1344/2369/826
f 1346/2373/826 1372/2370/826 1345/2371/826
f 1347/2375/826 1373/2372/826 1346/2373/826
f 1348/2377/826 1374/2374/826 1347/2375/826
f 1349/2379/826 1375/2376/826 1348/2377/826
f 1350/2381/826 1376/2378/826 1349/2379/826
f 1351/2459/826 1377/2380/826 1350/2381/826
f 1353/2388/1086 1175/2382/1086 1352/2384/1088
f 1352/2384/1088 1179/2383/1087 1355/2386/1090
f 1354/2390/1093 1177/2387/1091 1353/2388/1086
f 1356/3153/1097 1502/2389/1092 1354/2390/1093
f 1355/3154/1090 1506/2391/1089 1357/2393/1095
f 1358/2400/1098 1484/2394/1096 1356/2396/1097
f 1357/2393/1095 1488/2392/1094 1359/2398/818
f 1360/2404/822 1466/2399/822 1358/2400/1098
f 1359/2398/818 1470/2397/818 1361/2402/818
f 1362/2408/822 1448/2403/822 1360/2404/822
f 1361/2402/818 1452/2401/818 1363/2406/818
f 1364/2430/822 1430/2407/822 1362/2408/822
f 1363/2406/818 1434/2405/818 1601/2410/818
f 1175/2455/813 1177/2411/813 1365/2413/813
f 1547/2456/813 1546/2414/813 1197/2416/1100
f 1618/2759/1250 1619/2417/1101 1367/2363/1085
f 1368/2362/826 1235/2418/826 1367/2363/1085
f 1369/2364/826 1233/2420/826 1368/2362/826
f 1370/2366/826 1239/2421/826 1369/2364/826
f 1371/2368/826 1242/2422/826 1370/2366/826
f 1372/2370/826 1247/2423/826 1371/2368/826
f 1373/2372/826 1251/2424/826 1372/2370/826
f 1374/2374/826 1267/2425/826 1373/2372/826
f 1375/2376/826 1259/2426/826 1374/2374/826
f 1376/2378/826 1253/2427/826 1375/2376/826
f 1377/2380/826 1257/2428/826 1376/2378/826
f 1585/2579/822 1292/2429/822 1364/2430/822
f 1601/2410/818 1390/2409/818 1600/2432/818
f 1600/2432/818 1389/2431/818 1599/2434/818
f 1599/2434/818 1388/2433/818 1598/2436/818
f 1598/2436/818 1387/2435/818 1597/2438/818
f 1597/2438/818 1386/2437/818 1596/2440/818
f 1596/2440/818 1385/2439/818 1595/2442/818
f 1595/2442/818 1384/2441/818 1594/2444/818
f 1594/2444/818 1383/2443/818 1593/2446/818
f 1593/2446/818 1382/2445/818 1592/2448/818
f 1592/2448/818 1381/2447/818 1591/2450/818
f 1591/2450/818 1380/2449/818 1590/2452/818
f 1590/2452/818 1379/2451/818 1589/2454/818
f 1179/3148/813 1175/2455/813 1391/2210/813
f 1548/2748/813 1547/2456/813 1525/2457/1102
f 1620/2360/1083 1621/2458/1103 1394/2212/1064
f 1395/2222/826 1342/2365/826 1394/2212/1064
f 1396/2229/826 1343/2367/826 1395/2222/826
f 1397/2242/826 1344/2369/826 1396/2229/826
f 1398/2251/826 1345/2371/826 1397/2242/826
f 1399/2281/826 1346/2373/826 1398/2251/826
f 1400/2258/826 1347/2375/826 1399/2281/826
f 1401/2266/826 1348/2377/826 1400/2258/826
f 1402/2278/826 1349/2379/826 1401/2266/826
f 1403/2187/826 1350/2381/826 1402/2278/826
f 1404/3147/826 1351/2459/826 1403/2187/826
f 1404/3155/817 1260/2460/817 1405/2462/817
f 1405/2462/817 1327/2461/817 1406/2464/817
f 1406/2464/817 1303/2463/817 1407/2466/817
f 1407/2466/817 1279/2465/817 1408/2468/1082
f 1408/2468/1082 1256/2467/1080 1409/2470/1079
f 1409/3156/1079 1261/2471/1068 1410/2473/1066
f 1410/2473/1066 1254/2472/1067 1411/2475/1081
f 1411/2475/1081 1262/2474/1078 1315/2477/1077
f 1315/3157/1077 1248/2478/1076 1291/2480/1075
f 1291/2480/1075 1244/2479/1074 1227/2482/1073
f 1227/3158/1073 1238/2483/1071 1225/2485/1069
f 1225/2485/1069 1243/2484/1070 1268/2487/1072
f 1268/2487/1072 1229/2486/1063 1292/2489/1104
f 1177/2411/813 1518/2490/1105 1393/2412/813
f 1742/3159/1033 1741/2153/1037 1413/3160/1108
f 1413/2495/1108 1214/2494/1028 1414/2145/1031
f 1414/2145/1031 1205/2496/1027 1415/2173/1049
f 1420/2505/1112 1553/2499/1109 1708/2501/822
f 1746/3161/1019 1745/2134/1024 1201/2502/1110
f 1201/2502/1110 1217/2132/1022 1340/2115/1010
f 1340/2115/1010 1208/2131/1021 1199/2177/1053
f 1199/2129/821 1188/2138/821 1412/2121/821
f 1339/2506/1113 1200/2503/1046 1316/2122/821
f 1580/2526/1127 1552/2504/1111 1420/2505/1112
f 1421/2551/1125 1200/2503/1046 1431/2507/1114
f 1424/2512/1115 1211/2508/1115 1421/2510/1115
f 1419/2514/1118 1181/2511/1116 1424/2512/1115
f 1750/3162/1405 1749/2513/1117 1419/2514/1118
f 1738/3163/1406 1739/2515/1402 1435/2517/1121
f 1423/2522/1122 1203/2518/1122 1425/2520/1124
f 1422/3164/1122 1202/2521/1122 1423/2522/1122
f 1436/2568/1114 1418/2523/1113 1422/2524/1125
f 1579/3165/1136 1551/2525/1126 1580/2526/1127
f 1640/3166/1039 1641/2527/1039 1426/2529/1039
f 1426/3167/1039 1221/2530/1039 1429/2532/1039
f 1429/2532/1153 1234/2531/1062 1434/2534/1128
f 1589/2454/818 1378/2453/818 1588/2536/818
f 1588/3168/813 1377/2537/813 1587/2539/813
f 1428/2544/1129 1228/2540/1129 1427/2542/1130
f 1430/2585/1128 1292/2543/1104 1428/2544/1131
f 1540/3169/1157 1539/2545/1132 1433/2547/1134
f 1578/2571/1150 1550/2548/1135 1579/2550/1136
f 1439/2592/1149 1421/2551/1125 1449/2552/1137
f 1442/2557/1140 1424/2553/818 1439/2555/1138
f 1437/2559/1142 1419/2556/1139 1442/2557/1140
f 1751/2596/1164 1750/2558/1141 1437/2559/1142
f 1737/2598/1166 1738/2560/1143 1453/2562/1145
f 1441/2567/1148 1423/2563/822 1443/2565/1147
f 1440/2601/1169 1422/2566/822 1441/2567/1148
f 1454/2603/1171 1436/2568/1114 1440/2569/1149
f 1577/2783/1265 1549/2570/1056 1578/2571/1150
f 1639/2606/1173 1640/2572/822 1444/2574/1151
f 1444/2574/1151 1426/2573/822 1447/2576/1152
f 1447/3170/1176 1429/2532/1153 1452/2577/1154
f 1583/2581/822 1268/2578/822 1585/2579/822
f 1581/2613/822 1225/2580/822 1583/2581/822
f 1446/2616/1178 1428/3171/818 1445/2617/1156
f 1448/3172/1176 1430/2585/1128 1446/2586/1154
f 1541/2622/1180 1540/2587/1157 1451/2589/1159
f 1467/2593/1149 1449/2552/1137 1456/2591/1161
f 1457/2625/1149 1439/2592/1149 1467/2593/1149
f 1460/2595/1163 1442/2557/1140 1457/2594/1162
f 1455/2597/1165 1437/2559/1142 1460/2595/1163
f 1752/2629/1184 1751/2596/1164 1455/2597/1165
f 1736/2631/1186 1737/2598/1166 1471/2599/1167
f 1459/2602/1170 1441/2567/1148 1461/2600/1168
f 1458/2634/1189 1440/2601/1169 1459/2602/1170
f 1472/2605/1172 1454/2603/1171 1458/2604/1149
f 1456/2591/1161 1438/2590/1160 1472/2605/1172
f 1638/2638/1191 1639/2606/1173 1462/2607/1174
f 1462/2607/1174 1444/2574/1151 1465/2608/1175
f 1465/2641/1194 1447/2609/1176 1470/2611/1177
f 1582/2615/822 1227/2612/822 1581/2613/822
f 1584/2644/822 1291/2614/822 1582/2615/822
f 1464/2647/1196 1446/2616/1178 1463/2618/1179
f 1466/2649/1198 1448/2619/1176 1464/2621/1177
f 1542/2651/1001 1541/2622/1180 1469/2623/1181
f 1485/2626/1149 1467/2593/1149 1474/2624/1149
f 1475/2654/1149 1457/2625/1149 1485/2626/1149
f 1478/2628/1183 1460/2595/1163 1475/2627/1182
f 1473/2630/1185 1455/2597/1165 1478/2628/1183
f 1753/3173/1203 1752/2629/1184 1473/2630/1185
f 1735/3174/1205 1736/2631/1186 1489/2632/1187
f 1477/2635/1190 1459/2602/1170 1479/2633/1188
f 1476/3175/1208 1458/2634/1189 1477/2635/1190
f 1490/2637/1149 1472/2605/1172 1476/2636/1149
f 1474/2624/1149 1456/2591/1161 1490/2637/1149
f 1637/2819/1192 1638/2638/1191 1480/2639/1192
f 1480/2639/1192 1462/2607/1174 1483/2640/1193
f 1483/2678/1211 1465/2641/1194 1488/2642/1195
f 1586/2646/822 1315/2643/822 1584/2644/822
f 1432/2681/822 1411/2645/822 1586/2646/822
f 1482/3176/1213 1464/2647/1196 1481/2648/1197
f 1484/2687/1211 1466/2649/1198 1482/2650/1195
f 1543/3177/1216 1542/2651/1001 1487/2652/1199
f 1503/2655/1200 1485/2626/1149 1492/2653/1200
f 1493/2693/1149 1475/2654/1149 1503/2655/1200
f 1496/2660/1202 1478/2656/1183 1493/2658/1201
f 1491/2662/1204 1473/2659/1185 1496/2660/1202
f 1754/2696/1220 1753/2661/1203 1491/2662/1204
f 1734/2698/1222 1735/2663/1205 1507/2665/1206
f 1495/2670/1209 1477/2666/1190 1497/2668/1207
f 1494/2700/1224 1476/2669/1208 1495/2670/1209
f 1508/2672/1200 1490/2637/1149 1494/2671/1149
f 1492/2653/1200 1474/2624/1149 1508/2672/1200
f 1636/2704/1135 1637/2673/1192 1498/2675/1135
f 1498/2675/1135 1480/2674/1192 1501/2677/1210
f 1501/2705/1226 1483/2678/1211 1506/2679/1212
f 1450/2683/822 1410/2680/822 1432/2681/822
f 1468/2708/822 1409/2682/822 1450/2683/822
f 1500/2711/1228 1482/2684/1213 1499/2686/1214
f 1502/2712/1226 1484/3178/1211 1500/2713/1215
f 1544/2715/1229 1543/2689/1216 1505/2691/1217
f 1521/2694/1218 1503/2655/1200 1510/2692/1218
f 1511/3179/1218 1493/2693/1149 1521/2694/1218
f 1514/1476/812 1496/2660/1202 1511/2695/1219
f 1509/2697/1221 1491/2662/1204 1514/1476/812
f 1755/3180/1407 1754/2696/1220 1509/2697/1221
f 1733/3181/1408 1734/2698/1222 1525/2457/1102
f 1513/2701/1225 1495/2670/1209 1515/2699/1223
f 1512/3182/1409 1494/2700/1224 1513/2701/1225
f 1526/2703/1218 1508/2672/1200 1512/2702/1218
f 1510/2692/1218 1492/2653/1200 1526/2703/1218
f 1635/2194/1056 1636/2704/1135 1516/2195/1057
f 1516/2195/1057 1498/2675/1135 1519/2211/1057
f 1519/3183/1227 1501/2705/1226 1179/2706/1227
f 1486/2710/822 1408/2707/822 1468/2708/822
f 1504/2791/822 1407/2709/822 1486/2710/822
f 1518/2490/1105 1500/2711/1228 1517/2491/1106
f 1177/3184/1227 1502/2712/1226 1518/2714/1227
f 1545/2492/1107 1544/2715/1229 1523/2415/1099
f 1528/2344/822 1556/2716/822 1527/2317/822
f 1529/2359/822 1557/2718/822 1528/2344/822
f 1530/2191/822 1558/2719/822 1529/2359/822
f 1531/2190/822 1559/2720/822 1530/2191/822
f 1532/2196/1058 1560/2721/1230 1531/2197/1059
f 1532/2196/1058 1191/2148/1034 1533/2723/1232
f 1533/2723/1232 1189/2143/1030 1534/2724/1233
f 1534/2724/1233 1187/2135/1025 1535/2726/1235
f 1536/2729/818 1224/2728/1236 1537/2730/818
f 1537/2730/818 1185/2128/1020 1538/2731/818
f 1538/2731/818 1183/2120/1015 1539/2733/818
f 1540/3169/1157 1568/2734/1238 1539/2545/1132
f 1608/2737/1241 1609/2736/1240 1545/2492/1107
f 1607/2741/1245 1608/2737/1241 1573/2738/1242
f 1573/2738/1242 1572/2739/1243 1607/2741/1245
f 1609/2736/1240 1610/2742/1246 1544/2715/1229
f 1572/2739/1243 1571/2743/1247 1606/2740/1244
f 1546/2414/813 1574/2745/813 1545/2492/1107
f 1547/2456/813 1575/2746/813 1546/2414/813
f 1548/2748/813 1576/2747/813 1547/2456/813
f 1549/2570/1056 1525/2457/1102 1550/2548/1135
f 1550/2548/1135 1507/2665/1206 1551/2549/1192
f 1551/3185/1192 1489/2632/1187 1552/2749/1111
f 1552/2749/1111 1471/2599/1167 1553/2750/1112
f 1553/2750/1112 1453/2562/1145 1705/2751/822
f 1705/2157/1039 1435/2752/1249 1527/2158/1039
f 1556/2716/822 1614/2754/822 1555/2717/822
f 1557/2718/822 1615/2756/822 1556/2716/822
f 1558/2719/822 1616/2757/822 1557/2718/822
f 1559/2720/822 1617/2758/822 1558/2719/822
f 1560/2721/1230 1618/2759/1250 1559/2722/1231
f 1560/2721/1230 1532/2196/1058 1561/2761/1252
f 1561/2761/1252 1533/2723/1232 1562/2762/1253
f 1562/2762/1253 1534/2724/1233 1563/2763/1254
f 1563/2803/818 1535/2727/818 1564/2764/818
f 1564/2764/818 1536/2729/818 1565/2765/818
f 1565/2765/818 1537/2730/818 1566/2766/818
f 1566/2766/818 1538/2731/818 1567/2767/818
f 1568/2734/1238 1626/2768/1255 1567/2735/1239
f 1569/2774/1261 1627/2770/1257 1568/2772/1259
f 1570/3186/1410 1628/2773/1260 1569/2774/1261
f 1614/2754/822 1290/2775/822 1641/2755/822
f 1572/2739/1243 1630/2777/1262 1571/2743/1247
f 1573/2738/1242 1631/2779/1264 1572/2739/1243
f 1574/2745/813 1632/2780/813 1573/2738/1242
f 1575/2746/813 1633/2781/813 1574/2745/813
f 1576/2747/813 1634/2782/813 1575/2746/813
f 1576/2747/813 1548/2748/813 1577/2783/1265
f 1520/3187/822 1404/2784/822 1524/2786/822
f 1587/2539/813 1351/2538/813 1520/2788/813
f 1524/2786/822 1405/2785/822 1522/2790/822
f 1522/2790/822 1406/2789/822 1504/2791/822
f 1568/2772/1259 1540/2792/1266 1602/2794/1268
f 1569/2774/1261 1568/2772/1259 1603/2795/1269
f 1612/2798/1271 1613/2793/1267 1541/2796/1180
f 1570/3186/1410 1569/2774/1261 1604/2797/1270
f 1611/2099/1000 1612/2798/1271 1542/2100/1001
f 1640/3166/1039 1707/2799/1039 1641/2527/1039
f 1615/2756/822 1314/2800/822 1614/2754/822
f 1616/2757/822 1338/2801/822 1615/2756/822
f 1617/2758/822 1220/2802/822 1616/2757/822
f 1618/2759/1250 1367/2363/1085 1617/2760/1251
f 1618/2759/1250 1560/2721/1230 1619/2417/1101
f 1619/2417/1101 1561/2761/1252 1620/2360/1083
f 1620/2360/1083 1562/2762/1253 1621/2458/1103
f 1621/3146/818 1563/2803/818 1622/2184/818
f 1622/2184/818 1564/2764/818 1623/2346/818
f 1623/2346/818 1565/2765/818 1624/2320/818
f 1624/2320/818 1566/2766/818 1625/2282/818
f 1626/2768/1255 1427/2542/1130 1625/2769/1256
f 1445/2584/1156 1427/2583/1155 1627/2805/1272
f 1463/2618/1179 1445/2617/1156 1628/2807/1260
f 1481/2648/1411 1463/2618/1273 1629/3188/1275
f 1499/2686/1214 1481/2685/1197 1630/2812/1262
f 1517/2491/1106 1499/2686/1214 1631/2813/1264
f 1393/2412/813 1517/2491/1106 1632/2814/813
f 1365/2413/813 1393/2412/813 1633/2815/813
f 1391/2210/813 1365/2413/813 1634/2193/813
f 1576/2747/813 1577/2783/1265 1634/2782/813
f 1577/2783/1265 1578/2571/1150 1635/2816/1056
f 1578/2571/1150 1579/2550/1136 1636/2817/1135
f 1579/3165/1136 1580/2526/1127 1637/2819/1192
f 1638/2638/1191 1580/2526/1127 1639/2606/1173
f 1639/2606/1173 1420/2505/1112 1640/2572/822
f 1646/2872/1316 1681/2820/1276 1647/2822/1278
f 1658/3189/1412 1657/2823/1279 1642/2825/1281
f 1657/2823/1279 1656/2826/1282 1643/2824/1280
f 1656/2826/1282 1655/2828/1284 1671/2827/1283
f 1655/3190/1284 1654/2830/1286 1670/2832/1285
f 1654/2830/1286 1653/2833/1288 1669/2831/1287
f 1648/2843/1296 1679/2835/1290 1649/2837/1292
f 1649/3191/1292 1678/2838/1291 1664/2840/1294
f 1676/2845/1298 1663/2841/1295 1677/2839/1293
f 1647/3192/1278 1680/2842/1277 1648/2843/1296
f 1675/3193/1413 1662/2844/1297 1676/2845/1298
f 1664/2840/1294 1665/2862/1308 1649/3191/1414
f 1665/2862/1308 1666/2849/826 1650/2851/826
f 1666/2849/826 1667/2852/826 1651/2850/826
f 1684/3194/1415 1685/2854/1300 1659/2856/1302
f 1685/2854/1300 1686/2857/1416 1660/2855/1301
f 1687/3195/1417 1688/2859/1305 1662/2844/1297
f 1688/2859/1305 1689/2860/1306 1663/2841/1295
f 1689/2860/1306 1690/2861/1307 1664/2840/1294
f 1690/2861/1307 1691/2863/826 1665/2862/1308
f 1691/2863/826 1692/2864/826 1666/2849/826
f 1653/2833/1288 1652/2853/826 1668/2834/1289
f 1683/2868/1312 1644/2865/1309 1672/2866/1310
f 1672/2866/1310 1659/2856/1302 1673/2867/1311
f 1644/2865/1418 1683/2868/1312 1645/2870/1314
f 1673/2867/1311 1660/2855/1301 1674/2871/1315
f 1645/2870/1314 1682/2869/1313 1646/2872/1316
f 1693/2873/1317 1668/2834/1289 1692/2864/826
f 1694/2874/1286 1669/2831/1287 1693/2873/1317
f 1695/3196/1318 1670/2832/1285 1694/2874/1286
f 1696/2876/1319 1671/2827/1283 1695/2875/1318
f 1643/2824/1280 1671/2827/1283 1697/2877/1321
f 1642/2825/1281 1643/2824/1280 1698/2878/1322
f 1701/3197/1323 1699/2879/1323 1702/2881/1323
f 1651/2908/1324 1547/2882/1324 1652/2884/817
f 1646/2972/1387 1542/2885/1325 1647/2887/1327
f 1611/2973/1388 1610/2888/1328 1681/2890/1330
f 1198/1481/814 1554/2891/814 1642/2893/814
f 1657/2945/1358 1553/2894/1331 1658/2896/1333
f 1606/2949/1367 1605/2897/1334 1676/2899/1336
f 1605/3198/1419 1571/2900/1337 1675/2902/1339
f 1647/2887/1327 1543/2886/1326 1648/2904/1341
f 1610/2888/1328 1609/2905/1342 1680/2889/1329
f 1650/3199/1344 1546/2907/1344 1651/2908/1324
f 1649/2942/1363 1545/2941/1362 1546/3200/1420
f 1692/2975/821 1634/2912/821 1691/2914/1346
f 1686/3201/1421 1628/2915/1347 1685/2917/1349
f 1628/3202/1352 1570/2918/1350 1686/2920/1352
f 1568/2957/1372 1626/2921/1353 1659/2923/1355
f 1685/2917/1349 1627/2916/1348 1684/2925/1357
f 1655/2930/1333 1551/2926/1358 1656/2928/1331
f 1654/2952/1370 1550/2929/1359 1655/2930/1333
f 1691/2914/1346 1633/2913/1346 1690/2932/1346
f 1690/2932/1346 1632/2931/1346 1689/2934/821
f 1689/2934/821 1631/2933/821 1688/2936/1360
f 1571/2900/1337 1629/2937/1361 1662/2901/1338
f 1688/2936/1360 1630/2935/821 1687/2940/1360
f 1648/2904/1341 1544/2903/1340 1649/2942/1363
f 1609/2905/1342 1608/2943/1364 1679/2906/1343
f 1656/2928/1331 1552/2927/1331 1657/2945/1358
f 1608/3203/1366 1607/2946/1366 1678/2948/1366
f 1607/3204/1422 1606/2949/1367 1677/2950/1368
f 1653/2953/1369 1549/2951/1369 1654/2952/1370
f 1652/2884/817 1548/2883/817 1653/2953/1369
f 1602/3205/1371 1613/2954/1371 1672/2956/1371
f 1540/3206/1423 1568/2957/1372 1644/2958/1373
f 1603/2968/1383 1602/2959/1374 1673/2961/1376
f 1644/3207/1424 1540/2962/1377 1645/2964/1379
f 1613/3208/1425 1612/2965/1380 1683/2967/1382
f 1604/3209/1426 1603/2968/1383 1674/2969/1384
f 1570/2918/1350 1604/2970/1385 1661/2919/1351
f 1645/2964/1379 1541/2963/1378 1646/2972/1387
f 1612/2965/1380 1611/2973/1388 1682/2966/1381
f 1693/2977/821 1635/2974/821 1692/2975/821
f 1694/2979/871 1636/2976/871 1693/2977/821
f 1695/2981/1389 1637/2978/1389 1694/2979/871
f 1696/2983/1389 1638/2980/1389 1695/2981/1389
f 1697/3210/1046 1639/2982/1046 1696/2983/1389
f 1704/3057/1390 1617/2984/1390 1711/2986/1390
f 1629/3211/1391 1628/2987/1391 1702/2989/1391
f 1628/3212/1392 1463/2990/1392 1701/2992/1392
f 1700/3213/821 1481/2993/821 1699/2995/821
f 1481/2685/1393 1629/2811/1393 1700/3214/1393
f 1720/3018/1395 1658/2999/1394 1725/3001/1395
f 1717/3215/818 1720/3005/818 1710/3007/818
f 1710/3007/818 1721/3006/818 1709/3009/818
f 1709/3009/818 1722/3008/818 1713/3004/818
f 1712/3216/1395 1703/3010/1395 1718/3012/1395
f 1725/3020/818 1726/3013/818 1720/3005/818
f 1726/3013/818 1727/3014/818 1721/3006/818
f 1727/3014/818 1728/3015/818 1722/3008/818
f 1728/3015/818 1729/3016/818 1723/3002/818
f 1717/3217/1395 1719/3017/1395 1720/3018/1395
f 1703/3025/818 1730/3019/818 1725/3020/818
f 1730/3019/818 1731/3021/818 1726/3013/818
f 1731/3021/818 1732/3022/818 1727/3014/818
f 1732/3022/818 1704/3023/818 1728/3015/818
f 1712/3218/818 1714/3024/818 1703/3025/818
f 1725/3001/1395 1642/3000/1281 1703/3010/1395
f 1714/3024/818 1715/3026/818 1730/3019/818
f 1715/3026/818 1716/3027/818 1731/3021/818
f 1716/3027/818 1711/3028/818 1732/3022/818
f 1705/3219/1396 1707/3029/1396 1658/3031/1396
f 1713/3220/1397 1226/3032/1397 1724/3034/1399
f 1717/3053/1359 1392/3035/1400 1710/3037/817
f 1710/3037/817 1195/3036/817 1709/3039/817
f 1709/3039/817 1193/3038/817 1713/3041/817
f 1714/3221/821 1290/3042/821 1712/3044/821
f 1712/3044/821 1221/3043/821 1718/3046/821
f 1718/3222/814 1426/3047/814 1698/3049/814
f 1724/3034/1399 1531/3033/1398 1729/3051/1401
f 1719/3223/1370 1435/3052/1358 1717/3053/1359
f 1658/3224/814 1705/3054/814 1719/3056/814
f 1729/3051/1401 1559/3050/1401 1704/3057/1390
f 1707/3029/1396 1640/3058/1396 1642/3030/1396
f 1715/3064/821 1314/3060/821 1714/3062/821
f 1716/3066/821 1338/3063/821 1715/3064/821
f 1711/3225/821 1220/3065/821 1716/3066/821
f 1733/3181/1408 1515/2699/1223 1734/2698/1222
f 1734/2698/1222 1497/2668/1207 1735/2663/1205
f 1735/3174/1205 1479/2633/1188 1736/2631/1186
f 1736/2631/1186 1461/2600/1168 1737/2598/1166
f 1737/2598/1166 1443/2565/1147 1738/2560/1143
f 1738/3163/1406 1425/2520/1124 1739/2515/1402
f 1739/3144/1403 1212/3067/1045 1740/2152/1036
f 1740/2152/1036 1213/2151/1035 1741/2153/1037
f 1742/3159/1033 1226/3068/1060 1741/2153/1037
f 1742/2147/1033 1413/2495/1108 1743/2142/1029
f 1743/2142/1029 1215/2146/1032 1744/2133/1023
f 1744/2133/1023 1216/2126/1018 1745/2134/1024
f 1746/3161/1019 1224/2725/1234 1745/2134/1024
f 1746/2127/1019 1201/3226/1110 1747/2118/1013
f 1747/2118/1013 1218/3070/1012 1748/2119/1014
f 1749/2163/1042 1366/2732/1237 1748/2119/1014
f 1750/3162/1405 1433/2547/1134 1749/2513/1117
f 1751/2596/1164 1451/2589/1159 1750/2558/1141
f 1752/2629/1184 1469/2623/1181 1751/2596/1164
f 1753/3173/1203 1487/2652/1199 1752/2629/1184
f 1754/2696/1220 1505/2691/1217 1753/2661/1203
f 1755/3180/1407 1523/2415/1099 1754/2696/1220
f 1113/2047/997 1099/2050/811 1100/1470/811
f 1101/2049/998 1107/1471/811 1100/1470/811
f 1115/3227/811 1114/1475/811 1111/1474/811
f 1514/1476/812 1511/2695/1219 1521/1477/813
f 1509/2697/1221 1514/1476/812 1513/2701/1225
f 1755/3180/1407 1509/2697/1221 1515/2699/1223
f 1755/3180/1407 1733/3181/1408 1197/2416/1100
f 1733/3181/1408 1525/2457/1102 1197/2416/1100
f 1526/3228/813 1512/3182/1409 1513/2701/1225
f 1513/2701/1225 1514/1476/812 1510/1478/813
f 1640/3229/1359 1698/3230/1359 1697/3231/1359
f 1114/1469/811 1113/2047/997 1100/1470/811
f 1515/2699/1223 1509/2697/1221 1513/2701/1225
f 1733/3181/1408 1755/3180/1407 1515/2699/1223
f 1523/2415/1099 1755/3180/1407 1197/2416/1100
f 1526/3228/813 1513/2701/1225 1510/1478/813
f 1639/3232/1427 1640/3229/1359 1697/3231/1359
f 1103/3233/811 1098/1468/811 1100/1470/811
f 1103/3233/811 1100/1470/811 1106/1472/811
f 1098/1468/811 1110/3234/811 1114/1469/811
f 1642/2893/814 1698/1479/814 1198/1481/814
o Barrel
v 0.004693 0.047356 -0.064478
v 0.004693 0.047356 -0.047850
v 0.009716 0.047356 -0.033168
v 0.009716 0.047356 -0.129736
v 0.009334 0.045434 -0.033168
v 0.009334 0.045434 -0.129736
v 0.008245 0.043804 -0.033168
v 0.008245 0.043804 -0.129736
v 0.006615 0.042715 -0.033168
v 0.006615 0.042715 -0.129736
v 0.004693 0.042333 -0.033168
v 0.004693 0.042333 -0.129736
v 0.002770 0.042715 -0.033168
v 0.002770 0.042715 -0.129736
v 0.001140 0.043804 -0.033168
v 0.001140 0.043804 -0.129736
v 0.000051 0.045434 -0.033168
v 0.000051 0.045434 -0.129736
v -0.000331 0.047356 -0.033168
v -0.000331 0.047356 -0.129736
v 0.000051 0.049279 -0.033168
v 0.000051 0.049279 -0.129736
v 0.001140 0.050909 -0.033168
v 0.001140 0.050909 -0.129736
v 0.002770 0.051998 -0.033168
v 0.002770 0.051998 -0.129736
v 0.004693 0.052380 -0.033168
v 0.004693 0.052380 -0.129736
v 0.006615 0.051998 -0.033168
v 0.006615 0.051998 -0.129736
v 0.008245 0.050909 -0.033168
v 0.008245 0.050909 -0.129736
v 0.009334 0.049279 -0.033168
v 0.009334 0.049279 -0.129736
v 0.008761 0.047356 -0.129736
v 0.008451 0.045799 -0.129736
v 0.007570 0.044480 -0.129736
v 0.006250 0.043598 -0.129736
v 0.004693 0.043288 -0.129736
v 0.003136 0.043598 -0.129736
v 0.001816 0.044480 -0.129736
v 0.000934 0.045799 -0.129736
v 0.000624 0.047356 -0.129736
v 0.000934 0.048913 -0.129736
v 0.001816 0.050233 -0.129736
v 0.003136 0.051115 -0.129736
v 0.004693 0.051425 -0.129736
v 0.006250 0.051115 -0.129736
v 0.007570 0.050233 -0.129736
v 0.008451 0.048913 -0.129736
v 0.009351 0.047356 -0.130094
v 0.008996 0.045574 -0.130094
v 0.007987 0.044062 -0.130094
v 0.006475 0.043053 -0.130094
v 0.004693 0.042698 -0.130094
v 0.002910 0.043053 -0.130094
v 0.001399 0.044062 -0.130094
v 0.000389 0.045574 -0.130094
v 0.000034 0.047356 -0.130094
v 0.000389 0.049139 -0.130094
v 0.001399 0.050650 -0.130094
v 0.002910 0.051660 -0.130094
v 0.004693 0.052015 -0.130094
v 0.006475 0.051660 -0.130094
v 0.007987 0.050650 -0.130094
v 0.008996 0.049139 -0.130094
v 0.009126 0.047356 -0.130094
v 0.008789 0.045660 -0.130094
v 0.007828 0.044221 -0.130094
v 0.006389 0.043260 -0.130094
v 0.004693 0.042923 -0.130094
v 0.002996 0.043260 -0.130094
v 0.001557 0.044221 -0.130094
v 0.000596 0.045660 -0.130094
v 0.000259 0.047356 -0.130094
v 0.000596 0.049053 -0.130094
v 0.001557 0.050492 -0.130094
v 0.002996 0.051453 -0.130094
v 0.004693 0.051790 -0.130094
v 0.006389 0.051453 -0.130094
v 0.007828 0.050492 -0.130094
v 0.008789 0.049053 -0.130094
v 0.008761 0.047356 -0.047850
v 0.008451 0.045799 -0.047850
v 0.007570 0.044480 -0.047850
v 0.006250 0.043598 -0.047850
v 0.004693 0.043288 -0.047850
v 0.003136 0.043598 -0.047850
v 0.001816 0.044480 -0.047850
v 0.000934 0.045799 -0.047850
v 0.000624 0.047356 -0.047850
v 0.000934 0.048913 -0.047850
v 0.001816 0.050233 -0.047850
v 0.003136 0.051115 -0.047850
v 0.004693 0.051425 -0.047850
v 0.006250 0.051115 -0.047850
v 0.007570 0.050233 -0.047850
v 0.008451 0.048913 -0.047850
v 0.001140 0.043804 -0.057406
v 0.000051 0.045434 -0.057406
v -0.000331 0.047356 -0.057406
v 0.000051 0.049279 -0.057406
v 0.001140 0.050909 -0.057406
v 0.002770 0.051998 -0.057406
v 0.004693 0.052380 -0.057406
v 0.006615 0.051998 -0.057406
v 0.008245 0.050909 -0.057406
v 0.009334 0.049279 -0.057406
v 0.009716 0.047356 -0.057406
v 0.009334 0.045434 -0.057406
v 0.008245 0.043804 -0.057406
v 0.006615 0.042715 -0.057406
v 0.004693 0.042333 -0.057406
v 0.002770 0.042715 -0.057406
v 0.013538 0.047356 -0.033168
v 0.012890 0.044098 -0.033168
v 0.011044 0.041336 -0.033168
v 0.008282 0.039491 -0.033168
v 0.005024 0.038843 -0.033168
v 0.001766 0.039491 -0.033168
v -0.000996 0.041336 -0.033168
v -0.002841 0.044098 -0.033168
v -0.003489 0.047356 -0.033168
v -0.002841 0.050614 -0.033168
v -0.000996 0.053376 -0.033168
v 0.001766 0.055222 -0.033168
v 0.005495 0.056405 -0.033168
v 0.008753 0.055757 -0.033168
v 0.011549 0.053911 -0.033168
v 0.013025 0.050614 -0.033168
v -0.000996 0.041336 -0.057406
v -0.002841 0.044098 -0.057406
v -0.003489 0.047356 -0.057406
v -0.002841 0.050614 -0.057406
v -0.000996 0.053376 -0.057406
v 0.001766 0.055222 -0.057406
v 0.005495 0.056405 -0.057406
v 0.008753 0.055757 -0.057406
v 0.011549 0.053911 -0.057406
v 0.013025 0.050614 -0.057406
v 0.013538 0.047356 -0.057406
v 0.012890 0.044098 -0.057406
v 0.011044 0.041336 -0.057406
v 0.008282 0.039491 -0.057406
v 0.005024 0.038843 -0.057406
v 0.001766 0.039491 -0.057406
v 0.009334 0.049279 -0.033168
v 0.009334 0.049279 -0.033168
v 0.008245 0.050909 -0.033168
v 0.008245 0.050909 -0.033168
v 0.006615 0.051998 -0.033168
v 0.006615 0.051998 -0.033168
v 0.004693 0.052380 -0.033168
v 0.004693 0.052380 -0.033168
v 0.002770 0.051998 -0.033168
v 0.002770 0.051998 -0.033168
v 0.001140 0.050909 -0.033168
v 0.001140 0.050909 -0.033168
v 0.000051 0.049279 -0.033168
v 0.000051 0.049279 -0.033168
v -0.000331 0.047356 -0.033168
v -0.000331 0.047356 -0.033168
v 0.000051 0.045434 -0.033168
v 0.000051 0.045434 -0.033168
v 0.001140 0.043804 -0.033168
v 0.001140 0.043804 -0.033168
v 0.002770 0.042715 -0.033168
v 0.002770 0.042715 -0.033168
v 0.004693 0.042333 -0.033168
v 0.004693 0.042333 -0.033168
v 0.006615 0.042715 -0.033168
v 0.006615 0.042715 -0.033168
v 0.008245 0.043804 -0.033168
v 0.008245 0.043804 -0.033168
v 0.009334 0.045434 -0.033168
v 0.009334 0.045434 -0.033168
v 0.009716 0.047356 -0.033168
v 0.009716 0.047356 -0.033168
v 0.009334 0.049279 -0.064478
v 0.008245 0.050909 -0.064478
v 0.006615 0.051998 -0.064478
v 0.004693 0.052380 -0.064478
v 0.002770 0.051998 -0.064478
v 0.001140 0.050909 -0.064478
v 0.000051 0.049279 -0.064478
v -0.000331 0.047356 -0.064478
v 0.000051 0.045434 -0.064478
v 0.001140 0.043804 -0.064478
v 0.002770 0.042715 -0.064478
v 0.004693 0.042333 -0.064478
v 0.006615 0.042715 -0.064478
v 0.008245 0.043804 -0.064478
v 0.009334 0.045434 -0.064478
v 0.009716 0.047356 -0.064478
v 0.004693 0.047356 -0.065747
v 0.009334 0.049279 -0.065747
v 0.008245 0.050909 -0.065747
v 0.006615 0.051998 -0.065747
v 0.004693 0.052380 -0.065747
v 0.002770 0.051998 -0.065747
v 0.001140 0.050909 -0.065747
v 0.000051 0.049279 -0.065747
v -0.000331 0.047356 -0.065747
v 0.000051 0.045434 -0.065747
v 0.001140 0.043804 -0.065747
v 0.002770 0.042715 -0.065747
v 0.004693 0.042333 -0.065747
v 0.006615 0.042715 -0.065747
v 0.008245 0.043804 -0.065747
v 0.009334 0.045434 -0.065747
v 0.009716 0.047356 -0.065747
vn -0.0000 -0.0000 -1.0000
vn -0.9472 0.3207 -0.0000
vn -0.8965 0.4430 -0.0000
vn -0.9978 0.0662 -0.0000
vn -0.7523 0.6588 -0.0000
vn -0.6588 0.7523 -0.0000
vn -0.4430 0.8965 -0.0000
vn -0.3207 0.9472 -0.0000
vn -0.0662 0.9978 -0.0000
vn 0.0662 0.9978 -0.0000
vn 0.3207 0.9472 -0.0000
vn 0.4430 0.8965 -0.0000
vn 0.6588 0.7523 -0.0000
vn 0.7523 0.6588 -0.0000
vn 0.8965 0.4430 -0.0000
vn 0.9472 0.3207 -0.0000
vn 0.9978 0.0662 -0.0000
vn 0.9978 -0.0662 -0.0000
vn 0.9472 -0.3207 -0.0000
vn 0.8965 -0.4430 -0.0000
vn 0.7523 -0.6588 -0.0000
vn 0.6588 -0.7523 -0.0000
vn 0.4430 -0.8965 -0.0000
vn 0.3207 -0.9472 -0.0000
vn 0.0662 -0.9978 -0.0000
vn -0.0662 -0.9978 -0.0000
vn -0.3207 -0.9472 -0.0000
vn -0.4430 -0.8965 -0.0000
vn -0.6588 -0.7523 -0.0000
vn -0.7523 -0.6588 -0.0000
vn -0.8965 -0.4430 -0.0000
vn -0.9472 -0.3207 -0.0000
vn -0.9978 -0.0662 -0.0000
vn 0.6995 -0.0464 -0.7132
vn 0.6285 -0.3105 -0.7132
vn 0.6640 -0.2248 -0.7132
vn -0.6640 0.2248 -0.7132
vn -0.6995 -0.0464 -0.7132
vn -0.6995 0.0464 -0.7132
vn 0.4618 -0.5274 -0.7132
vn 0.5274 -0.4618 -0.7132
vn -0.5274 0.4618 -0.7132
vn -0.6285 0.3105 -0.7132
vn 0.2248 -0.6640 -0.7132
vn 0.3105 -0.6285 -0.7132
vn -0.3105 0.6285 -0.7132
vn -0.4618 0.5274 -0.7132
vn -0.0464 -0.6995 -0.7132
vn 0.0464 -0.6995 -0.7132
vn -0.0464 0.6995 -0.7132
vn -0.2248 0.6640 -0.7132
vn -0.3105 -0.6285 -0.7132
vn -0.2248 -0.6640 -0.7132
vn 0.2248 0.6640 -0.7132
vn 0.0464 0.6995 -0.7132
vn -0.5274 -0.4618 -0.7132
vn -0.4618 -0.5274 -0.7132
vn 0.4618 0.5274 -0.7132
vn 0.3105 0.6285 -0.7132
vn -0.6640 -0.2248 -0.7132
vn -0.6285 -0.3105 -0.7132
vn 0.6285 0.3105 -0.7132
vn 0.5274 0.4618 -0.7132
vn 0.6995 0.0464 -0.7132
vn 0.6640 0.2248 -0.7132
vn -0.8966 -0.4429 -0.0000
vn -0.9978 -0.0661 -0.0000
vn -0.9472 -0.3208 -0.0000
vn -0.9472 0.3208 -0.0000
vn -0.9978 0.0661 -0.0000
vn -0.8966 0.4429 -0.0000
vn -0.4429 0.8966 -0.0000
vn -0.0661 0.9978 -0.0000
vn -0.3208 0.9472 -0.0000
vn 0.3208 0.9472 -0.0000
vn 0.0661 0.9978 -0.0000
vn 0.4429 0.8966 -0.0000
vn 0.8966 0.4429 -0.0000
vn 0.9978 0.0661 -0.0000
vn 0.9472 0.3208 -0.0000
vn 0.9472 -0.3208 -0.0000
vn 0.9978 -0.0661 -0.0000
vn 0.8966 -0.4429 -0.0000
vn 0.4429 -0.8966 -0.0000
vn 0.0661 -0.9978 -0.0000
vn 0.3208 -0.9472 -0.0000
vn -0.3208 -0.9472 -0.0000
vn -0.0661 -0.9978 -0.0000
vn -0.4429 -0.8966 -0.0000
vn 0.9992 0.0392 -0.0000
vn 0.9969 -0.0793 -0.0000
vn -0.4753 0.8798 -0.0000
vn -0.1405 0.9901 -0.0000
vn -0.3902 0.9207 -0.0000
vn 0.3190 0.9478 -0.0000
vn 0.0301 0.9995 -0.0000
vn 0.6961 0.7179 -0.0000
vn 0.4396 0.8982 -0.0000
vn 0.9451 0.3268 -0.0000
vn 0.8211 0.5708 -0.0000
vn 0.9703 0.2418 -0.0000
vn -0.0000 -0.0000 1.0000
vn -1.0000 -0.0000 -0.0000
vn -0.9239 0.3827 -0.0000
vn -0.7071 0.7071 -0.0000
vn -0.3827 0.9239 -0.0000
vn -0.0000 1.0000 -0.0000
vn 0.3827 0.9239 -0.0000
vn 0.7071 0.7071 -0.0000
vn 0.9239 0.3827 -0.0000
vn 1.0000 -0.0000 -0.0000
vn 0.9239 -0.3827 -0.0000
vn 0.7071 -0.7071 -0.0000
vn 0.3827 -0.9239 -0.0000
vn -0.0000 -1.0000 -0.0000
vn -0.3827 -0.9239 -0.0000
vn -0.7071 -0.7071 -0.0000
vn -0.9239 -0.3827 -0.0000
vn -0.8965 0.4429 -0.0000
vn 0.8965 -0.4429 -0.0000
vt 0.885113 0.097831
vt 0.884280 0.102027
vt 0.874174 0.097831
vt 0.893907 0.365032
vt 0.893907 0.312119
vt 0.898093 0.312119
vt 0.933509 0.883986
vt 0.925324 0.880587
vt 0.934184 0.880587
vt 0.881909 0.105585
vt 0.890358 0.365032
vt 0.890358 0.312119
vt 0.931589 0.886868
vt 0.878360 0.107962
vt 0.305350 0.140031
vt 0.305350 0.087118
vt 0.308899 0.087118
vt 0.928715 0.888793
vt 0.874174 0.108797
vt 0.301164 0.140031
vt 0.301164 0.087118
vt 0.925324 0.889469
vt 0.869987 0.107962
vt 0.296977 0.140031
vt 0.296977 0.087118
vt 0.921934 0.888793
vt 0.866439 0.105585
vt 0.293429 0.140031
vt 0.293429 0.087118
vt 0.919060 0.886868
vt 0.864067 0.102027
vt 0.335762 0.140031
vt 0.335762 0.087118
vt 0.339311 0.087118
vt 0.917139 0.883986
vt 0.863235 0.097831
vt 0.331576 0.140031
vt 0.331576 0.087118
vt 0.916465 0.880587
vt 0.864067 0.093634
vt 0.327390 0.140031
vt 0.327390 0.087118
vt 0.917139 0.877188
vt 0.866439 0.090076
vt 0.323841 0.140031
vt 0.323841 0.087118
vt 0.919060 0.874307
vt 0.869987 0.087699
vt 0.366174 0.140031
vt 0.366174 0.087118
vt 0.369723 0.087118
vt 0.921934 0.872381
vt 0.874174 0.086864
vt 0.361988 0.140031
vt 0.361988 0.087118
vt 0.925324 0.871705
vt 0.878360 0.087699
vt 0.357802 0.140031
vt 0.357802 0.087118
vt 0.928715 0.872381
vt 0.651197 0.034135
vt 0.654746 0.036512
vt 0.647011 0.044266
vt 0.354253 0.140031
vt 0.354253 0.087118
vt 0.963078 0.348900
vt 0.956814 0.355181
vt 0.960204 0.346975
vt 0.657117 0.040070
vt 0.902279 0.365032
vt 0.902279 0.312119
vt 0.905828 0.312119
vt 0.964999 0.351782
vt 0.657950 0.044266
vt 0.898093 0.365032
vt 0.965673 0.355181
vt 0.668094 0.096170
vt 0.667321 0.100062
vt 0.666869 0.099874
vt 0.665122 0.103361
vt 0.664776 0.103014
vt 0.661831 0.105566
vt 0.661644 0.105113
vt 0.657950 0.106340
vt 0.657950 0.105849
vt 0.654068 0.105566
vt 0.654255 0.105113
vt 0.650777 0.103361
vt 0.651123 0.103014
vt 0.648578 0.100062
vt 0.649030 0.099874
vt 0.647806 0.096170
vt 0.648295 0.096170
vt 0.648578 0.092279
vt 0.649030 0.092466
vt 0.650777 0.088979
vt 0.651123 0.089326
vt 0.654068 0.086775
vt 0.654255 0.087228
vt 0.657950 0.086001
vt 0.657950 0.086491
vt 0.661831 0.086775
vt 0.661644 0.087228
vt 0.665122 0.088979
vt 0.664776 0.089326
vt 0.667321 0.092279
vt 0.666869 0.092466
vt 0.667604 0.096170
vt 0.808884 0.019798
vt 0.808052 0.023995
vt 0.807317 0.023690
vt 0.666135 0.099569
vt 0.666809 0.096170
vt 0.668056 0.100367
vt 0.665685 0.103925
vt 0.664214 0.102451
vt 0.662136 0.106302
vt 0.661340 0.104376
vt 0.657950 0.107137
vt 0.657950 0.105052
vt 0.653763 0.106302
vt 0.654559 0.104376
vt 0.650215 0.103925
vt 0.651685 0.102451
vt 0.647843 0.100367
vt 0.649764 0.099569
vt 0.647011 0.096170
vt 0.649090 0.096170
vt 0.647843 0.091974
vt 0.649764 0.092771
vt 0.650215 0.088416
vt 0.651685 0.089890
vt 0.653763 0.086038
vt 0.654559 0.087964
vt 0.657950 0.085204
vt 0.657950 0.087288
vt 0.662136 0.086038
vt 0.661340 0.087964
vt 0.665685 0.088416
vt 0.664214 0.089890
vt 0.668056 0.091974
vt 0.666135 0.092771
vt 0.808052 0.015601
vt 0.808089 0.019798
vt 0.826627 0.992510
vt 0.823236 0.992510
vt 0.823236 0.813748
vt 0.820362 0.992510
vt 0.820362 0.813748
vt 0.838944 0.350009
vt 0.836070 0.350009
vt 0.836070 0.171247
vt 0.832679 0.350009
vt 0.832679 0.171247
vt 0.829289 0.350009
vt 0.829289 0.171247
vt 0.826414 0.350009
vt 0.826414 0.171247
vt 0.860363 0.992510
vt 0.857489 0.992510
vt 0.857489 0.813748
vt 0.854098 0.992510
vt 0.854098 0.813748
vt 0.850708 0.992510
vt 0.850708 0.813748
vt 0.847834 0.992510
vt 0.847834 0.813748
vt 0.838944 0.543751
vt 0.836070 0.543751
vt 0.836070 0.364989
vt 0.832679 0.543751
vt 0.832679 0.364989
vt 0.829289 0.543751
vt 0.829289 0.364989
vt 0.826414 0.543751
vt 0.826414 0.364989
vt 0.832891 0.992510
vt 0.830017 0.992510
vt 0.830017 0.813748
vt 0.826627 0.813748
vt 0.799551 0.522890
vt 0.796002 0.522890
vt 0.796002 0.364989
vt 0.803737 0.522890
vt 0.799551 0.364989
vt 0.807924 0.522890
vt 0.803737 0.364989
vt 0.811472 0.522890
vt 0.807924 0.364989
vt 0.822109 0.748293
vt 0.818561 0.748293
vt 0.818561 0.590392
vt 0.826296 0.748293
vt 0.822109 0.590392
vt 0.830482 0.748293
vt 0.826296 0.590392
vt 0.834031 0.748293
vt 0.830482 0.590392
vt 0.791697 0.748293
vt 0.788148 0.748293
vt 0.788148 0.590392
vt 0.795883 0.748293
vt 0.791697 0.590392
vt 0.800070 0.748293
vt 0.795883 0.590392
vt 0.803618 0.748293
vt 0.800070 0.590392
vt 0.799551 0.350009
vt 0.796002 0.350009
vt 0.796002 0.192108
vt 0.803737 0.350009
vt 0.799551 0.192108
vt 0.807924 0.350009
vt 0.803737 0.192108
vt 0.811472 0.350009
vt 0.807924 0.192108
vt 0.258909 0.177332
vt 0.251815 0.177332
vt 0.251815 0.124419
vt 0.264923 0.177332
vt 0.258909 0.124419
vt 0.881319 0.924618
vt 0.875305 0.924618
vt 0.875305 0.871705
vt 0.888414 0.924618
vt 0.881319 0.871705
vt 0.895508 0.924618
vt 0.888414 0.871705
vt 0.901523 0.924618
vt 0.895508 0.871705
vt 0.881319 0.992510
vt 0.875305 0.992510
vt 0.875305 0.939598
vt 0.888414 0.992510
vt 0.881319 0.939598
vt 0.895508 0.992510
vt 0.888414 0.939598
vt 0.901523 0.992510
vt 0.895508 0.939598
vt 0.859900 0.282263
vt 0.853886 0.282263
vt 0.853886 0.229351
vt 0.868020 0.282263
vt 0.859900 0.229351
vt 0.875114 0.282263
vt 0.868020 0.229351
vt 0.881202 0.282263
vt 0.875114 0.229351
vt 0.244720 0.177332
vt 0.237541 0.177332
vt 0.237541 0.124419
vt 0.244720 0.124419
vt 0.725153 0.622246
vt 0.725986 0.618049
vt 0.734307 0.618049
vt 0.718939 0.236652
vt 0.718106 0.232455
vt 0.725849 0.229540
vt 0.722782 0.625803
vt 0.732896 0.625161
vt 0.715735 0.228898
vt 0.721831 0.223510
vt 0.719233 0.607917
vt 0.715047 0.607082
vt 0.716793 0.598296
vt 0.708000 0.247619
vt 0.712186 0.246784
vt 0.716841 0.254991
vt 0.719233 0.628181
vt 0.728877 0.631191
vt 0.712186 0.226520
vt 0.715816 0.219481
vt 0.722782 0.610294
vt 0.723888 0.599710
vt 0.715735 0.244407
vt 0.722929 0.250962
vt 0.715047 0.629015
vt 0.722863 0.635220
vt 0.708000 0.225685
vt 0.708722 0.218067
vt 0.710860 0.628181
vt 0.715769 0.636634
vt 0.703813 0.226520
vt 0.701627 0.219481
vt 0.707311 0.625803
vt 0.708674 0.635220
vt 0.700265 0.228898
vt 0.695613 0.223510
vt 0.704940 0.622246
vt 0.702660 0.631191
vt 0.697893 0.232455
vt 0.691594 0.229540
vt 0.704107 0.618049
vt 0.698641 0.625161
vt 0.697061 0.236652
vt 0.690183 0.236652
vt 0.704940 0.613852
vt 0.697230 0.618049
vt 0.697893 0.240849
vt 0.691594 0.243765
vt 0.707311 0.610294
vt 0.698641 0.610936
vt 0.700265 0.244407
vt 0.695613 0.249794
vt 0.710860 0.607917
vt 0.702660 0.604907
vt 0.703813 0.246784
vt 0.701627 0.253823
vt 0.708674 0.600878
vt 0.709747 0.256405
vt 0.725153 0.613852
vt 0.729976 0.603739
vt 0.718106 0.240849
vt 0.726143 0.243765
vt 0.733190 0.610936
vt 0.727261 0.236652
vt 0.899693 0.211142
vt 0.903879 0.211142
vt 0.903879 0.279492
vt 0.896144 0.211142
vt 0.899693 0.279492
vt 0.400943 0.415806
vt 0.404491 0.415806
vt 0.404491 0.484156
vt 0.904770 0.641566
vt 0.908956 0.641566
vt 0.908956 0.709916
vt 0.900584 0.641566
vt 0.904770 0.709916
vt 0.897035 0.641566
vt 0.900584 0.709916
vt 0.902279 0.472630
vt 0.905828 0.472630
vt 0.905828 0.540980
vt 0.898093 0.472630
vt 0.902279 0.540980
vt 0.893907 0.472630
vt 0.898093 0.540980
vt 0.890358 0.472630
vt 0.893907 0.540980
vt 0.908956 0.727666
vt 0.912505 0.727666
vt 0.912505 0.796017
vt 0.904770 0.727666
vt 0.908956 0.796017
vt 0.900584 0.727666
vt 0.904770 0.796017
vt 0.897035 0.727666
vt 0.900584 0.796017
vt 0.908065 0.211142
vt 0.911614 0.211142
vt 0.911614 0.279492
vt 0.908065 0.279492
vt 0.848293 0.097831
vt 0.847460 0.102027
vt 0.837354 0.097831
vt 0.845089 0.105585
vt 0.841540 0.107962
vt 0.837354 0.108797
vt 0.833167 0.107962
vt 0.829618 0.105585
vt 0.827247 0.102027
vt 0.826414 0.097831
vt 0.827247 0.093634
vt 0.829618 0.090076
vt 0.833167 0.087699
vt 0.837354 0.086864
vt 0.841540 0.087699
vt 0.960784 0.587151
vt 0.964333 0.589528
vt 0.956598 0.597283
vt 0.966705 0.593086
vt 0.967537 0.597283
vt 0.903879 0.282263
vt 0.908956 0.798787
vt 0.896144 0.279492
vt 0.899693 0.282263
vt 0.904770 0.798787
vt 0.400943 0.484156
vt 0.404491 0.486927
vt 0.908956 0.712687
vt 0.904770 0.712687
vt 0.908065 0.282263
vt 0.897035 0.709916
vt 0.900584 0.712687
vt 0.905828 0.543751
vt 0.902279 0.543751
vt 0.898093 0.543751
vt 0.890358 0.540980
vt 0.893907 0.543751
vt 0.912505 0.798787
vt 0.897035 0.796017
vt 0.900584 0.798787
vt 0.911614 0.282263
vt 0.308899 0.140031
vt 0.339311 0.140031
vt 0.369723 0.140031
vt 0.905828 0.365032
vt 0.838944 0.171247
vt 0.860363 0.813748
vt 0.838944 0.364989
vt 0.832891 0.813748
vt 0.811472 0.364989
vt 0.834031 0.590392
vt 0.803618 0.590392
vt 0.811472 0.192108
vt 0.264923 0.124419
vt 0.901523 0.871705
vt 0.901523 0.939598
vt 0.881202 0.229351
vt 0.896144 0.282263
vt 0.912505 0.712687
vt 0.897035 0.712687
vt 0.890358 0.543751
vt 0.897035 0.798787
s 1
usemtl Pistol
f 1949/3235/1428 1948/3236/1428 1756/3237/1428
f 1865/3238/1429 1931/3239/1430 1933/3240/1431
f 1839/3241/1428 1757/3242/1428 1838/3243/1428
f 1948/3236/1428 1947/3244/1428 1756/3237/1428
f 1866/3245/1432 1929/3246/1433 1931/3239/1430
f 1840/3247/1428 1757/3242/1428 1839/3241/1428
f 1947/3244/1428 1946/3248/1428 1756/3237/1428
f 1867/3249/1434 1927/3250/1435 1929/3251/1433
f 1841/3252/1428 1757/3242/1428 1840/3247/1428
f 1946/3248/1428 1945/3253/1428 1756/3237/1428
f 1868/3254/1436 1925/3255/1437 1927/3250/1435
f 1842/3256/1428 1757/3242/1428 1841/3252/1428
f 1945/3253/1428 1944/3257/1428 1756/3237/1428
f 1869/3258/1438 1923/3259/1439 1925/3255/1437
f 1843/3260/1428 1757/3242/1428 1842/3256/1428
f 1944/3257/1428 1943/3261/1428 1756/3237/1428
f 1854/3262/1440 1921/3263/1441 1923/3259/1439
f 1844/3264/1428 1757/3242/1428 1843/3260/1428
f 1943/3261/1428 1942/3265/1428 1756/3237/1428
f 1855/3266/1442 1919/3267/1443 1921/3268/1441
f 1845/3269/1428 1757/3242/1428 1844/3264/1428
f 1942/3265/1428 1941/3270/1428 1756/3237/1428
f 1856/3271/1444 1917/3272/1445 1919/3267/1443
f 1846/3273/1428 1757/3242/1428 1845/3269/1428
f 1941/3270/1428 1940/3274/1428 1756/3237/1428
f 1857/3275/1446 1915/3276/1447 1917/3272/1445
f 1847/3277/1428 1757/3242/1428 1846/3273/1428
f 1940/3274/1428 1939/3278/1428 1756/3237/1428
f 1858/3279/1448 1913/3280/1449 1915/3276/1447
f 1848/3281/1428 1757/3242/1428 1847/3277/1428
f 1939/3278/1428 1938/3282/1428 1756/3237/1428
f 1859/3283/1450 1911/3284/1451 1913/3285/1449
f 1849/3286/1428 1757/3242/1428 1848/3281/1428
f 1938/3282/1428 1937/3287/1428 1756/3237/1428
f 1860/3288/1452 1909/3289/1453 1911/3284/1451
f 1850/3290/1428 1757/3242/1428 1849/3286/1428
f 1937/3287/1428 1936/3291/1428 1756/3237/1428
f 1861/3292/1454 1907/3293/1455 1909/3289/1453
f 1851/3294/1428 1757/3242/1428 1850/3290/1428
f 1936/3295/1428 1935/3296/1428 1756/3297/1428
f 1862/3298/1456 1905/3299/1457 1907/3293/1455
f 1852/3300/1428 1757/3301/1428 1851/3302/1428
f 1935/3296/1428 1934/3303/1428 1756/3297/1428
f 1863/3304/1458 1903/3305/1459 1905/3306/1457
f 1853/3307/1428 1757/3301/1428 1852/3300/1428
f 1934/3303/1428 1949/3308/1428 1756/3297/1428
f 1864/3309/1460 1933/3240/1431 1903/3305/1459
f 1838/3310/1428 1757/3301/1428 1853/3307/1428
f 1806/3311/1428 1807/3312/1428 1823/3313/1428
f 1807/3312/1428 1808/3314/1428 1824/3315/1428
f 1808/3314/1428 1809/3316/1428 1825/3317/1428
f 1809/3316/1428 1810/3318/1428 1826/3319/1428
f 1810/3318/1428 1811/3320/1428 1827/3321/1428
f 1811/3320/1428 1812/3322/1428 1828/3323/1428
f 1812/3322/1428 1813/3324/1428 1829/3325/1428
f 1813/3324/1428 1814/3326/1428 1830/3327/1428
f 1814/3326/1428 1815/3328/1428 1831/3329/1428
f 1815/3328/1428 1816/3330/1428 1832/3331/1428
f 1816/3330/1428 1817/3332/1428 1833/3333/1428
f 1817/3332/1428 1818/3334/1428 1834/3335/1428
f 1818/3334/1428 1819/3336/1428 1835/3337/1428
f 1819/3336/1428 1820/3338/1428 1836/3339/1428
f 1820/3338/1428 1821/3340/1428 1837/3341/1428
f 1821/3340/1428 1806/3311/1428 1822/3342/1428
f 1759/3343/1461 1761/3344/1462 1807/3345/1463
f 1791/3346/1464 1790/3347/1465 1822/3342/1466
f 1761/3348/1462 1763/3349/1467 1808/3314/1468
f 1792/3350/1469 1791/3346/1464 1823/3313/1470
f 1763/3349/1467 1765/3351/1471 1809/3316/1472
f 1793/3352/1473 1792/3350/1469 1824/3315/1474
f 1765/3351/1471 1767/3353/1475 1810/3318/1476
f 1794/3354/1477 1793/3352/1473 1825/3317/1478
f 1767/3353/1475 1769/3355/1479 1811/3320/1480
f 1795/3356/1481 1794/3354/1477 1826/3319/1482
f 1769/3355/1479 1771/3357/1483 1812/3322/1484
f 1796/3358/1485 1795/3356/1481 1827/3321/1486
f 1771/3357/1483 1773/3359/1487 1813/3324/1488
f 1797/3360/1489 1796/3358/1485 1828/3323/1490
f 1773/3359/1487 1775/3361/1466 1814/3326/1465
f 1798/3362/1491 1797/3360/1489 1829/3325/1492
f 1775/3361/1466 1777/3363/1470 1815/3328/1464
f 1799/3364/1463 1798/3362/1491 1830/3327/1461
f 1777/3363/1470 1779/3365/1474 1816/3330/1469
f 1800/3366/1468 1799/3364/1463 1831/3329/1462
f 1779/3365/1474 1781/3367/1478 1817/3332/1473
f 1801/3368/1472 1800/3366/1468 1832/3331/1467
f 1781/3367/1478 1783/3369/1482 1818/3334/1477
f 1802/3370/1476 1801/3368/1472 1833/3333/1471
f 1783/3369/1482 1785/3371/1486 1819/3336/1481
f 1803/3372/1480 1802/3370/1476 1834/3335/1475
f 1785/3371/1486 1787/3373/1490 1820/3338/1485
f 1804/3374/1484 1803/3372/1480 1835/3337/1479
f 1787/3373/1490 1789/3375/1492 1821/3340/1489
f 1805/3376/1488 1804/3374/1484 1836/3339/1483
f 1789/3377/1492 1759/3343/1461 1806/3378/1491
f 1790/3347/1465 1805/3376/1488 1837/3341/1487
f 1790/3379/1431 1791/3380/1430 1839/3381/1429
f 1791/3380/1430 1792/3382/1433 1840/3383/1432
f 1792/3384/1433 1793/3385/1435 1841/3386/1434
f 1793/3385/1435 1794/3387/1437 1842/3388/1436
f 1794/3387/1437 1795/3389/1439 1843/3390/1438
f 1795/3389/1439 1796/3391/1441 1844/3392/1440
f 1796/3393/1441 1797/3394/1443 1845/3395/1442
f 1797/3394/1443 1798/3396/1445 1846/3397/1444
f 1798/3396/1445 1799/3398/1447 1847/3399/1446
f 1799/3398/1447 1800/3400/1449 1848/3401/1448
f 1800/3402/1449 1801/3403/1451 1849/3404/1450
f 1801/3403/1451 1802/3405/1453 1850/3406/1452
f 1802/3405/1453 1803/3407/1455 1851/3408/1454
f 1803/3407/1455 1804/3409/1457 1852/3410/1456
f 1804/3411/1457 1805/3412/1459 1853/3413/1458
f 1805/3412/1459 1790/3379/1431 1838/3414/1460
f 1773/3415/1493 1771/3416/1456 1854/3417/1457
f 1775/3418/1494 1773/3415/1493 1855/3419/1495
f 1777/3420/1496 1775/3418/1494 1856/3421/1497
f 1779/3422/1432 1777/3420/1496 1857/3423/1498
f 1781/3424/1499 1779/3425/1432 1858/3426/1433
f 1783/3427/1500 1781/3424/1499 1859/3428/1501
f 1785/3429/1502 1783/3427/1500 1860/3430/1503
f 1787/3431/1440 1785/3429/1502 1861/3432/1504
f 1789/3433/1505 1787/3434/1440 1862/3435/1441
f 1759/3436/1506 1789/3433/1505 1863/3437/1507
f 1761/3438/1508 1759/3436/1506 1864/3439/1509
f 1763/3440/1448 1761/3438/1508 1865/3441/1510
f 1765/3442/1511 1763/3443/1448 1866/3444/1449
f 1767/3445/1512 1765/3442/1511 1867/3446/1513
f 1769/3447/1514 1767/3445/1512 1868/3448/1515
f 1771/3449/1456 1769/3447/1514 1869/3450/1516
f 1897/3451/1508 1896/3452/1517 1870/3453/1518
f 1898/3454/1448 1897/3451/1508 1871/3455/1510
f 1899/3456/1511 1898/3457/1448 1872/3458/1449
f 1900/3459/1512 1899/3456/1511 1873/3460/1513
f 1901/3461/1514 1900/3459/1512 1874/3462/1515
f 1886/3463/1456 1901/3461/1514 1875/3464/1516
f 1887/3465/1493 1886/3466/1456 1876/3467/1457
f 1888/3468/1494 1887/3465/1493 1877/3469/1495
f 1889/3470/1496 1888/3468/1494 1878/3471/1497
f 1890/3472/1432 1889/3470/1496 1879/3473/1498
f 1891/3474/1519 1890/3475/1432 1880/3476/1433
f 1892/3477/1520 1891/3474/1519 1881/3478/1521
f 1893/3479/1522 1892/3477/1520 1882/3480/1523
f 1894/3481/1524 1893/3479/1522 1883/3482/1525
f 1895/3483/1526 1894/3484/1524 1884/3485/1527
f 1896/3452/1517 1895/3483/1526 1885/3486/1528
f 1865/3487/1428 1864/3488/1428 1896/3489/1428
f 1758/3490/1529 1760/3491/1529 1871/3492/1529
f 1866/3493/1428 1865/3487/1428 1897/3494/1428
f 1760/3491/1529 1762/3495/1529 1872/3496/1529
f 1861/3497/1428 1860/3498/1428 1892/3499/1428
f 1782/3500/1529 1784/3501/1529 1883/3502/1529
f 1867/3503/1428 1866/3493/1428 1898/3504/1428
f 1762/3495/1529 1764/3505/1529 1873/3506/1529
f 1862/3507/1428 1861/3497/1428 1893/3508/1428
f 1784/3501/1529 1786/3509/1529 1884/3510/1529
f 1868/3511/1428 1867/3503/1428 1899/3512/1428
f 1764/3505/1529 1766/3513/1529 1874/3514/1529
f 1869/3515/1428 1868/3511/1428 1900/3516/1428
f 1766/3513/1529 1768/3517/1529 1875/3518/1529
f 1854/3519/1428 1869/3515/1428 1901/3520/1428
f 1768/3517/1529 1770/3521/1529 1876/3522/1529
f 1855/3523/1428 1854/3519/1428 1886/3524/1428
f 1770/3521/1529 1772/3525/1529 1877/3526/1529
f 1856/3527/1428 1855/3523/1428 1887/3528/1428
f 1772/3525/1529 1774/3529/1529 1878/3530/1529
f 1857/3531/1428 1856/3527/1428 1888/3532/1428
f 1774/3529/1529 1776/3533/1529 1879/3534/1529
f 1858/3535/1428 1857/3531/1428 1889/3536/1428
f 1776/3533/1529 1778/3537/1529 1880/3538/1529
f 1859/3539/1428 1858/3535/1428 1890/3540/1428
f 1778/3537/1529 1780/3541/1529 1881/3542/1529
f 1860/3498/1428 1859/3539/1428 1891/3543/1428
f 1780/3541/1529 1782/3500/1529 1882/3544/1529
f 1863/3545/1428 1862/3507/1428 1894/3546/1428
f 1786/3509/1529 1788/3547/1529 1885/3548/1529
f 1864/3488/1428 1863/3545/1428 1895/3549/1428
f 1788/3547/1529 1758/3490/1529 1870/3550/1529
f 1930/3551/1429 1932/3552/1460 1949/3553/1530
f 1928/3554/1432 1930/3551/1429 1948/3555/1531
f 1926/3556/1434 1928/3557/1432 1947/3558/1532
f 1924/3559/1436 1926/3560/1434 1946/3561/1533
f 1922/3562/1438 1924/3559/1436 1945/3563/1534
f 1920/3564/1440 1922/3562/1438 1944/3565/1535
f 1918/3566/1442 1920/3567/1440 1943/3568/1536
f 1916/3569/1444 1918/3566/1442 1942/3570/1537
f 1914/3571/1446 1916/3569/1444 1941/3572/1538
f 1912/3573/1448 1914/3571/1446 1940/3574/1539
f 1910/3575/1450 1912/3576/1448 1939/3577/1540
f 1908/3578/1452 1910/3575/1450 1938/3579/1541
f 1906/3580/1454 1908/3578/1452 1937/3581/1542
f 1904/3582/1456 1906/3580/1454 1936/3583/1543
f 1902/3584/1458 1904/3585/1456 1935/3586/1544
f 1932/3552/1460 1902/3584/1458 1934/3587/1545
f 1966/3588/1428 1965/3589/1428 1950/3590/1428
f 1965/3589/1428 1964/3591/1428 1950/3590/1428
f 1964/3591/1428 1963/3592/1428 1950/3590/1428
f 1963/3592/1428 1962/3593/1428 1950/3590/1428
f 1962/3593/1428 1961/3594/1428 1950/3590/1428
f 1961/3594/1428 1960/3595/1428 1950/3590/1428
f 1960/3595/1428 1959/3596/1428 1950/3590/1428
f 1959/3596/1428 1958/3597/1428 1950/3590/1428
f 1958/3597/1428 1957/3598/1428 1950/3590/1428
f 1957/3598/1428 1956/3599/1428 1950/3590/1428
f 1956/3599/1428 1955/3600/1428 1950/3590/1428
f 1955/3600/1428 1954/3601/1428 1950/3590/1428
f 1954/3601/1428 1953/3602/1428 1950/3590/1428
f 1953/3603/1428 1952/3604/1428 1950/3605/1428
f 1952/3604/1428 1951/3606/1428 1950/3605/1428
f 1951/3606/1428 1966/3607/1428 1950/3605/1428
f 1948/3555/1531 1949/3553/1530 1966/3608/1497
f 1937/3581/1542 1938/3579/1541 1955/3609/1451
f 1947/3610/1532 1948/3555/1531 1965/3611/1546
f 1936/3583/1543 1937/3581/1542 1954/3612/1515
f 1946/3613/1533 1947/3558/1532 1964/3614/1433
f 1945/3563/1534 1946/3561/1533 1963/3615/1435
f 1944/3565/1535 1945/3563/1534 1962/3616/1503
f 1949/3553/1530 1934/3587/1545 1951/3617/1459
f 1943/3618/1536 1944/3565/1535 1961/3619/1439
f 1942/3570/1537 1943/3568/1536 1960/3620/1441
f 1941/3572/1538 1942/3570/1537 1959/3621/1443
f 1940/3574/1539 1941/3572/1538 1958/3622/1509
f 1939/3623/1540 1940/3574/1539 1957/3624/1547
f 1938/3579/1541 1939/3577/1540 1956/3625/1449
f 1935/3626/1544 1936/3583/1543 1953/3627/1455
f 1934/3587/1545 1935/3586/1544 1952/3628/1457
f 1864/3309/1460 1865/3238/1429 1933/3240/1431
f 1865/3238/1429 1866/3245/1432 1931/3239/1430
f 1866/3629/1432 1867/3249/1434 1929/3251/1433
f 1867/3249/1434 1868/3254/1436 1927/3250/1435
f 1868/3254/1436 1869/3258/1438 1925/3255/1437
f 1869/3258/1438 1854/3262/1440 1923/3259/1439
f 1854/3630/1440 1855/3266/1442 1921/3268/1441
f 1855/3266/1442 1856/3271/1444 1919/3267/1443
f 1856/3271/1444 1857/3275/1446 1917/3272/1445
f 1857/3275/1446 1858/3279/1448 1915/3276/1447
f 1858/3631/1448 1859/3283/1450 1913/3285/1449
f 1859/3283/1450 1860/3288/1452 1911/3284/1451
f 1860/3288/1452 1861/3292/1454 1909/3289/1453
f 1861/3292/1454 1862/3298/1456 1907/3293/1455
f 1862/3632/1456 1863/3304/1458 1905/3306/1457
f 1863/3304/1458 1864/3309/1460 1903/3305/1459
f 1822/3342/1428 1806/3311/1428 1823/3313/1428
f 1823/3313/1428 1807/3312/1428 1824/3315/1428
f 1824/3315/1428 1808/3314/1428 1825/3317/1428
f 1825/3317/1428 1809/3316/1428 1826/3319/1428
f 1826/3319/1428 1810/3318/1428 1827/3321/1428
f 1827/3321/1428 1811/3320/1428 1828/3323/1428
f 1828/3323/1428 1812/3322/1428 1829/3325/1428
f 1829/3325/1428 1813/3324/1428 1830/3327/1428
f 1830/3327/1428 1814/3326/1428 1831/3329/1428
f 1831/3329/1428 1815/3328/1428 1832/3331/1428
f 1832/3331/1428 1816/3330/1428 1833/3333/1428
f 1833/3333/1428 1817/3332/1428 1834/3335/1428
f 1834/3335/1428 1818/3334/1428 1835/3337/1428
f 1835/3337/1428 1819/3336/1428 1836/3339/1428
f 1836/3339/1428 1820/3338/1428 1837/3341/1428
f 1837/3341/1428 1821/3340/1428 1822/3342/1428
f 1806/3378/1491 1759/3343/1461 1807/3345/1463
f 1823/3313/1470 1791/3346/1464 1822/3342/1466
f 1807/3312/1463 1761/3348/1462 1808/3314/1468
f 1824/3315/1474 1792/3350/1469 1823/3313/1470
f 1808/3314/1468 1763/3349/1467 1809/3316/1472
f 1825/3317/1478 1793/3352/1473 1824/3315/1474
f 1809/3316/1472 1765/3351/1471 1810/3318/1476
f 1826/3319/1482 1794/3354/1477 1825/3317/1478
f 1810/3318/1476 1767/3353/1475 1811/3320/1480
f 1827/3321/1486 1795/3356/1481 1826/3319/1482
f 1811/3320/1480 1769/3355/1479 1812/3322/1484
f 1828/3323/1490 1796/3358/1485 1827/3321/1486
f 1812/3322/1484 1771/3357/1483 1813/3324/1488
f 1829/3325/1492 1797/3360/1489 1828/3323/1490
f 1813/3324/1488 1773/3359/1487 1814/3326/1465
f 1830/3327/1461 1798/3362/1491 1829/3325/1492
f 1814/3326/1465 1775/3361/1466 1815/3328/1464
f 1831/3329/1462 1799/3364/1463 1830/3327/1461
f 1815/3328/1464 1777/3363/1470 1816/3330/1469
f 1832/3331/1467 1800/3366/1468 1831/3329/1462
f 1816/3330/1469 1779/3365/1474 1817/3332/1473
f 1833/3333/1471 1801/3368/1472 1832/3331/1467
f 1817/3332/1473 1781/3367/1478 1818/3334/1477
f 1834/3335/1475 1802/3370/1476 1833/3333/1471
f 1818/3334/1477 1783/3369/1482 1819/3336/1481
f 1835/3337/1479 1803/3372/1480 1834/3335/1475
f 1819/3336/1481 1785/3371/1486 1820/3338/1485
f 1836/3339/1483 1804/3374/1484 1835/3337/1479
f 1820/3338/1485 1787/3373/1490 1821/3340/1489
f 1837/3341/1487 1805/3376/1488 1836/3339/1483
f 1821/3340/1489 1789/3375/1492 1806/3311/1491
f 1822/3342/1466 1790/3347/1465 1837/3341/1487
f 1838/3414/1460 1790/3379/1431 1839/3381/1429
f 1839/3381/1429 1791/3380/1430 1840/3383/1432
f 1840/3633/1432 1792/3384/1433 1841/3386/1434
f 1841/3386/1434 1793/3385/1435 1842/3388/1436
f 1842/3388/1436 1794/3387/1437 1843/3390/1438
f 1843/3390/1438 1795/3389/1439 1844/3392/1440
f 1844/3634/1440 1796/3393/1441 1845/3395/1442
f 1845/3395/1442 1797/3394/1443 1846/3397/1444
f 1846/3397/1444 1798/3396/1445 1847/3399/1446
f 1847/3399/1446 1799/3398/1447 1848/3401/1448
f 1848/3635/1448 1800/3402/1449 1849/3404/1450
f 1849/3404/1450 1801/3403/1451 1850/3406/1452
f 1850/3406/1452 1802/3405/1453 1851/3408/1454
f 1851/3408/1454 1803/3407/1455 1852/3410/1456
f 1852/3636/1456 1804/3411/1457 1853/3413/1458
f 1853/3413/1458 1805/3412/1459 1838/3414/1460
f 1855/3419/1495 1773/3415/1493 1854/3417/1457
f 1856/3421/1497 1775/3418/1494 1855/3419/1495
f 1857/3423/1498 1777/3420/1496 1856/3421/1497
f 1858/3637/1433 1779/3422/1432 1857/3423/1498
f 1859/3428/1501 1781/3424/1499 1858/3426/1433
f 1860/3430/1503 1783/3427/1500 1859/3428/1501
f 1861/3432/1504 1785/3429/1502 1860/3430/1503
f 1862/3638/1441 1787/3431/1440 1861/3432/1504
f 1863/3437/1507 1789/3433/1505 1862/3435/1441
f 1864/3439/1509 1759/3436/1506 1863/3437/1507
f 1865/3441/1510 1761/3438/1508 1864/3439/1509
f 1866/3639/1449 1763/3440/1448 1865/3441/1510
f 1867/3446/1513 1765/3442/1511 1866/3444/1449
f 1868/3448/1515 1767/3445/1512 1867/3446/1513
f 1869/3450/1516 1769/3447/1514 1868/3448/1515
f 1854/3640/1457 1771/3449/1456 1869/3450/1516
f 1871/3455/1510 1897/3451/1508 1870/3453/1518
f 1872/3641/1449 1898/3454/1448 1871/3455/1510
f 1873/3460/1513 1899/3456/1511 1872/3458/1449
f 1874/3462/1515 1900/3459/1512 1873/3460/1513
f 1875/3464/1516 1901/3461/1514 1874/3462/1515
f 1876/3642/1457 1886/3463/1456 1875/3464/1516
f 1877/3469/1495 1887/3465/1493 1876/3467/1457
f 1878/3471/1497 1888/3468/1494 1877/3469/1495
f 1879/3473/1498 1889/3470/1496 1878/3471/1497
f 1880/3643/1433 1890/3472/1432 1879/3473/1498
f 1881/3478/1521 1891/3474/1519 1880/3476/1433
f 1882/3480/1523 1892/3477/1520 1881/3478/1521
f 1883/3482/1525 1893/3479/1522 1882/3480/1523
f 1884/3644/1527 1894/3481/1524 1883/3482/1525
f 1885/3486/1528 1895/3483/1526 1884/3485/1527
f 1870/3453/1518 1896/3452/1517 1885/3486/1528
f 1897/3494/1428 1865/3487/1428 1896/3489/1428
f 1870/3550/1529 1758/3490/1529 1871/3492/1529
f 1898/3504/1428 1866/3493/1428 1897/3494/1428
f 1871/3492/1529 1760/3491/1529 1872/3496/1529
f 1893/3508/1428 1861/3497/1428 1892/3499/1428
f 1882/3544/1529 1782/3500/1529 1883/3502/1529
f 1899/3512/1428 1867/3503/1428 1898/3504/1428
f 1872/3496/1529 1762/3495/1529 1873/3506/1529
f 1894/3546/1428 1862/3507/1428 1893/3508/1428
f 1883/3502/1529 1784/3501/1529 1884/3510/1529
f 1900/3516/1428 1868/3511/1428 1899/3512/1428
f 1873/3506/1529 1764/3505/1529 1874/3514/1529
f 1901/3520/1428 1869/3515/1428 1900/3516/1428
f 1874/3514/1529 1766/3513/1529 1875/3518/1529
f 1886/3524/1428 1854/3519/1428 1901/3520/1428
f 1875/3518/1529 1768/3517/1529 1876/3522/1529
f 1887/3528/1428 1855/3523/1428 1886/3524/1428
f 1876/3522/1529 1770/3521/1529 1877/3526/1529
f 1888/3532/1428 1856/3527/1428 1887/3528/1428
f 1877/3526/1529 1772/3525/1529 1878/3530/1529
f 1889/3536/1428 1857/3531/1428 1888/3532/1428
f 1878/3530/1529 1774/3529/1529 1879/3534/1529
f 1890/3540/1428 1858/3535/1428 1889/3536/1428
f 1879/3534/1529 1776/3533/1529 1880/3538/1529
f 1891/3543/1428 1859/3539/1428 1890/3540/1428
f 1880/3538/1529 1778/3537/1529 1881/3542/1529
f 1892/3499/1428 1860/3498/1428 1891/3543/1428
f 1881/3542/1529 1780/3541/1529 1882/3544/1529
f 1895/3549/1428 1863/3545/1428 1894/3546/1428
f 1884/3510/1529 1786/3509/1529 1885/3548/1529
f 1896/3489/1428 1864/3488/1428 1895/3549/1428
f 1885/3548/1529 1788/3547/1529 1870/3550/1529
f 1948/3555/1531 1930/3551/1429 1949/3553/1530
f 1947/3610/1532 1928/3554/1432 1948/3555/1531
f 1946/3613/1533 1926/3556/1434 1947/3558/1532
f 1945/3563/1534 1924/3559/1436 1946/3561/1533
f 1944/3565/1535 1922/3562/1438 1945/3563/1534
f 1943/3618/1536 1920/3564/1440 1944/3565/1535
f 1942/3570/1537 1918/3566/1442 1943/3568/1536
f 1941/3572/1538 1916/3569/1444 1942/3570/1537
f 1940/3574/1539 1914/3571/1446 1941/3572/1538
f 1939/3623/1540 1912/3573/1448 1940/3574/1539
f 1938/3579/1541 1910/3575/1450 1939/3577/1540
f 1937/3581/1542 1908/3578/1452 1938/3579/1541
f 1936/3583/1543 1906/3580/1454 1937/3581/1542
f 1935/3626/1544 1904/3582/1456 1936/3583/1543
f 1934/3587/1545 1902/3584/1458 1935/3586/1544
f 1949/3553/1530 1932/3552/1460 1934/3587/1545
f 1965/3611/1546 1948/3555/1531 1966/3608/1497
f 1954/3612/1515 1937/3581/1542 1955/3609/1451
f 1964/3645/1433 1947/3610/1532 1965/3611/1546
f 1953/3627/1455 1936/3583/1543 1954/3612/1515
f 1963/3615/1435 1946/3561/1533 1964/3646/1433
f 1962/3616/1503 1945/3563/1534 1963/3615/1435
f 1961/3619/1439 1944/3565/1535 1962/3616/1503
f 1966/3608/1497 1949/3553/1530 1951/3617/1459
f 1960/3647/1441 1943/3618/1536 1961/3619/1439
f 1959/3621/1443 1942/3570/1537 1960/3620/1441
f 1958/3622/1509 1941/3572/1538 1959/3621/1443
f 1957/3624/1547 1940/3574/1539 1958/3622/1509
f 1956/3648/1449 1939/3623/1540 1957/3624/1547
f 1955/3609/1451 1938/3579/1541 1956/3625/1449
f 1952/3649/1457 1935/3626/1544 1953/3627/1455
f 1951/3617/1459 1934/3587/1545 1952/3628/1457
o Hammer
v 0.001100 0.049683 0.026108
v 0.008285 0.049683 0.026108
v 0.001100 0.045416 0.025268
v 0.008285 0.045416 0.025268
v 0.001100 0.045861 0.022324
v 0.008285 0.045861 0.022324
v 0.001100 0.048276 0.021993
v 0.008285 0.048276 0.021993
v 0.001100 0.050523 0.021777
v 0.008285 0.050523 0.021777
v 0.001100 0.052379 0.021597
v 0.008285 0.052379 0.021597
v 0.001100 0.053798 0.024701
v 0.008285 0.053798 0.024701
v 0.001100 0.053950 0.026947
v 0.008285 0.053950 0.026947
v 0.001100 0.052958 0.028968
v 0.008285 0.052958 0.028968
v 0.001100 0.051090 0.030222
v 0.008285 0.051090 0.030222
v 0.001100 0.048844 0.030374
v 0.008285 0.048844 0.030374
v 0.001100 0.046823 0.029383
v 0.008285 0.046823 0.029383
v 0.001100 0.045568 0.027514
v 0.008285 0.045568 0.027514
v 0.001203 0.054153 0.025011
v 0.008182 0.054153 0.025011
v 0.001203 0.054260 0.026592
v 0.008182 0.054260 0.026592
v 0.001203 0.054102 0.027393
v 0.008182 0.054102 0.027393
v 0.001203 0.053404 0.028815
v 0.008182 0.053404 0.028815
v 0.001203 0.052868 0.029430
v 0.008182 0.052868 0.029430
v 0.001203 0.051552 0.030313
v 0.008182 0.051552 0.030313
v 0.001203 0.050780 0.030577
v 0.008182 0.050780 0.030577
v 0.001203 0.049199 0.030684
v 0.008182 0.049199 0.030684
v 0.001203 0.048398 0.030527
v 0.008182 0.048398 0.030527
v 0.001203 0.046975 0.029829
v 0.008182 0.046975 0.029829
v 0.001203 0.046360 0.029292
v 0.008182 0.046360 0.029292
v 0.001203 0.045477 0.027977
v 0.008182 0.045477 0.027977
v 0.001100 0.045411 0.021215
v 0.008285 0.045411 0.021215
v 0.001100 0.047869 0.020879
v 0.008285 0.047869 0.020879
v 0.001100 0.050158 0.020658
v 0.008285 0.050158 0.020658
v 0.001100 0.052013 0.020478
v 0.008285 0.052013 0.020478
v 0.001100 0.044577 0.020214
v 0.008285 0.044577 0.020214
v 0.001100 0.047075 0.019872
v 0.008285 0.047075 0.019872
v 0.001100 0.049403 0.019648
v 0.008285 0.049403 0.019648
v 0.001100 0.051257 0.019468
v 0.008285 0.051257 0.019468
v 0.001100 0.043608 0.019893
v 0.008285 0.043608 0.019893
v 0.001100 0.045708 0.018442
v 0.008285 0.045708 0.018442
v 0.001100 0.047710 0.017173
v 0.008285 0.047710 0.017173
v 0.001100 0.049283 0.016176
v 0.008285 0.049283 0.016176
v 0.001100 0.042460 0.019952
v 0.008285 0.042460 0.019952
v 0.001100 0.043829 0.017723
v 0.008285 0.043829 0.017723
v 0.001100 0.045184 0.015702
v 0.008285 0.045184 0.015702
v 0.001100 0.046219 0.014155
v 0.008285 0.046219 0.014155
v 0.001100 0.041528 0.020367
v 0.008285 0.041528 0.020367
v 0.001100 0.041784 0.017717
v 0.008285 0.041784 0.017717
v 0.001100 0.042121 0.015262
v 0.008285 0.042121 0.015262
v 0.001100 0.042373 0.013419
v 0.008285 0.042373 0.013419
v 0.001100 0.039745 0.020889
v 0.008285 0.039745 0.020889
v 0.001100 0.040005 0.018199
v 0.008285 0.040005 0.018199
v 0.001100 0.040347 0.015706
v 0.008285 0.040347 0.015706
v 0.001100 0.040598 0.013864
v 0.008285 0.040598 0.013864
v 0.001100 0.038043 0.020892
v 0.008285 0.038043 0.020892
v 0.001100 0.038307 0.018157
v 0.008285 0.038307 0.018157
v 0.001100 0.038656 0.015618
v 0.008285 0.038656 0.015618
v 0.001100 0.038907 0.013776
v 0.008285 0.038907 0.013776
v 0.001100 0.029203 0.018379
v 0.008285 0.029203 0.018379
v 0.001100 0.029473 0.015580
v 0.008285 0.029473 0.015580
v 0.001100 0.029830 0.012980
v 0.008285 0.029830 0.012980
v 0.001100 0.030082 0.011140
v 0.008285 0.030082 0.011140
vn -1.0000 -0.0000 -0.0000
vn -0.0000 -0.9930 0.1177
vn -0.0000 -1.0000 -0.0048
vn -0.0000 -0.9970 -0.0775
vn 1.0000 -0.0000 -0.0000
vn -0.0000 -0.9940 -0.1095
vn -0.0000 -0.9954 -0.0962
vn -0.0000 -0.9908 -0.1357
vn -0.0000 -0.9924 -0.1228
vn -0.0000 -0.9908 -0.1353
vn -0.9889 0.1485 -0.0101
vn -0.0000 0.8016 -0.5979
vn -0.0000 0.9315 -0.3638
vn 0.9951 0.0989 -0.0067
vn -0.9849 0.1664 0.0484
vn -0.0000 0.9977 -0.0676
vn 0.9849 0.1723 0.0182
vn -0.9849 0.1199 0.1251
vn -0.0000 0.8978 0.4404
vn 0.9849 0.1402 0.1019
vn -0.9849 0.0413 0.1683
vn -0.0000 0.5574 0.8303
vn 0.9849 0.0704 0.1584
vn -0.9849 -0.0484 0.1664
vn -0.0000 0.0675 0.9977
vn 0.9849 -0.0182 0.1723
vn -0.9849 -0.1251 0.1199
vn -0.0000 -0.4404 0.8978
vn 0.9849 -0.1019 0.1402
vn -0.9951 -0.0823 0.0552
vn -0.0000 -0.8303 0.5574
vn 0.9889 -0.1236 0.0830
vn -0.0000 -0.9980 -0.0633
vn -0.0000 -0.9980 -0.0632
vn -0.0000 0.6577 -0.7533
vn 0.9557 0.2938 -0.0199
vn -0.0000 0.7533 0.6577
vn -0.9557 0.2938 -0.0199
vn -0.0000 0.9462 -0.3235
vn 0.9557 0.2643 0.1297
vn -0.0000 0.3235 0.9462
vn -0.9557 0.2643 0.1297
vn -0.0000 0.9812 0.1930
vn 0.9557 0.1641 0.2445
vn -0.0000 -0.1930 0.9812
vn -0.9557 0.1641 0.2445
vn 0.9557 0.0199 0.2938
vn -0.0000 -0.6577 0.7533
vn -0.9557 0.0199 0.2938
vn 0.9557 -0.1297 0.2643
vn -0.0000 -0.9462 0.3235
vn -0.9557 -0.1297 0.2643
vn 0.9557 -0.2445 0.1641
vn -0.0000 -0.9812 -0.1930
vn -0.9557 -0.2445 0.1641
vn -0.0000 -0.8830 0.4693
vn -0.0000 0.9113 -0.4117
vn -0.0000 -0.8297 0.5581
vn -0.0000 -0.6388 0.7694
vn -0.0000 0.8608 -0.5090
vn -0.0000 0.8206 -0.5715
vn -0.0000 -0.4823 0.8760
vn -0.0000 -0.1955 0.9807
vn -0.0000 0.8396 -0.5432
vn -0.0000 0.7723 -0.6352
vn -0.0000 -0.0715 0.9974
vn -0.0000 0.1726 0.9850
vn -0.0000 0.6677 -0.7444
vn -0.0000 0.4372 -0.8994
vn -0.0000 0.2926 0.9562
vn -0.0000 0.3653 0.9309
vn -0.0000 0.3142 -0.9493
vn -0.0000 0.0452 -0.9990
vn -0.0000 0.3234 0.9463
vn -0.0000 0.1895 0.9819
vn -0.0000 -0.1015 -0.9948
vn -0.0000 -0.1463 -0.9892
vn -0.0000 0.0957 0.9954
vn -0.0000 -0.0907 0.9959
vn -0.0000 -0.0471 -0.9989
vn -0.0000 0.1306 -0.9914
vn -0.0000 -0.1832 0.9831
vn -0.0000 -0.2735 0.9619
vn -0.0000 0.2093 -0.9778
vn -0.0000 0.2863 -0.9582
vt 0.702773 0.139764
vt 0.702487 0.146260
vt 0.693018 0.146260
vt 0.937770 0.226826
vt 0.931291 0.226826
vt 0.931291 0.211142
vt 0.629679 0.138620
vt 0.619923 0.132124
vt 0.629392 0.132124
vt 0.697752 0.138038
vt 0.192559 0.336702
vt 0.186465 0.336702
vt 0.186465 0.321018
vt 0.624658 0.140345
vt 0.693043 0.136628
vt 0.198265 0.336702
vt 0.192559 0.321018
vt 0.619948 0.141755
vt 0.689154 0.135461
vt 0.196209 0.306038
vt 0.192171 0.306038
vt 0.192171 0.290353
vt 0.616059 0.142923
vt 0.684817 0.141513
vt 0.958230 0.920133
vt 0.952193 0.920133
vt 0.952193 0.904449
vt 0.611723 0.136871
vt 0.683549 0.146260
vt 0.929890 0.286974
vt 0.926556 0.286974
vt 0.926556 0.271738
vt 0.610454 0.132124
vt 0.684817 0.151006
vt 0.935000 0.286974
vt 0.931667 0.286974
vt 0.931667 0.271738
vt 0.611723 0.127378
vt 0.688283 0.154481
vt 0.961233 0.693025
vt 0.958793 0.693025
vt 0.958793 0.677789
vt 0.615188 0.123903
vt 0.693018 0.155753
vt 0.362335 0.057625
vt 0.359002 0.057625
vt 0.359002 0.042389
vt 0.619923 0.122631
vt 0.697752 0.154481
vt 0.367445 0.057625
vt 0.364112 0.057625
vt 0.364112 0.042389
vt 0.624658 0.123903
vt 0.701218 0.151006
vt 0.961233 0.723689
vt 0.958793 0.723689
vt 0.958793 0.708453
vt 0.628124 0.127378
vt 0.965673 0.331995
vt 0.960939 0.331995
vt 0.960939 0.316311
vt 0.962635 0.515875
vt 0.962635 0.500190
vt 0.963148 0.500414
vt 0.610834 0.136356
vt 0.930778 0.271514
vt 0.930778 0.287198
vt 0.683036 0.145369
vt 0.609941 0.131233
vt 0.957767 0.677565
vt 0.957767 0.693249
vt 0.957254 0.693025
vt 0.683929 0.150492
vt 0.611723 0.126349
vt 0.976799 0.377659
vt 0.976799 0.393344
vt 0.975773 0.393120
vt 0.687257 0.154481
vt 0.977312 0.377884
vt 0.615701 0.123012
vt 0.363223 0.042165
vt 0.363223 0.057849
vt 0.692129 0.156267
vt 0.620812 0.122117
vt 0.957767 0.708229
vt 0.957767 0.723913
vt 0.957254 0.723689
vt 0.697239 0.155372
vt 0.625684 0.123903
vt 0.959913 0.331771
vt 0.701218 0.152035
vt 0.937770 0.211142
vt 0.939949 0.211142
vt 0.631107 0.140804
vt 0.699091 0.135823
vt 0.625996 0.142560
vt 0.694292 0.134387
vt 0.621197 0.143997
vt 0.949958 0.920133
vt 0.690405 0.133220
vt 0.956598 0.572171
vt 0.956598 0.556486
vt 0.958801 0.556486
vt 0.633310 0.142597
vt 0.704201 0.137580
vt 0.701211 0.134002
vt 0.628116 0.144382
vt 0.696330 0.132540
vt 0.617310 0.145164
vt 0.623235 0.145843
vt 0.958230 0.873785
vt 0.958230 0.889469
vt 0.956190 0.889469
vt 0.692444 0.131374
vt 0.958801 0.572171
vt 0.961006 0.556486
vt 0.635515 0.142877
vt 0.706404 0.135787
vt 0.704732 0.131513
vt 0.631638 0.146870
vt 0.700987 0.127953
vt 0.619350 0.147010
vt 0.627892 0.150430
vt 0.956190 0.873785
vt 0.950588 0.889469
vt 0.698047 0.125154
vt 0.961006 0.572171
vt 0.963433 0.556486
vt 0.637942 0.142266
vt 0.708609 0.135507
vt 0.709048 0.130764
vt 0.635954 0.147619
vt 0.707003 0.125865
vt 0.624952 0.153230
vt 0.633908 0.152518
vt 0.879157 0.056200
vt 0.879157 0.071884
vt 0.871763 0.071884
vt 0.705441 0.122117
vt 0.683036 0.107137
vt 0.683036 0.091453
vt 0.684854 0.091453
vt 0.639760 0.140984
vt 0.711036 0.136117
vt 0.713421 0.131615
vt 0.640326 0.146769
vt 0.713732 0.126214
vt 0.632346 0.156267
vt 0.640638 0.152169
vt 0.871763 0.056200
vt 0.863235 0.071884
vt 0.713969 0.122160
vt 0.684854 0.107137
vt 0.688445 0.091453
vt 0.643350 0.139115
vt 0.712855 0.137399
vt 0.717020 0.133397
vt 0.643925 0.144986
vt 0.717336 0.127912
vt 0.640875 0.156223
vt 0.644242 0.150471
vt 0.881105 0.198686
vt 0.881105 0.214371
vt 0.877501 0.214371
vt 0.717573 0.123860
vt 0.688445 0.107137
vt 0.692079 0.091453
vt 0.646985 0.138392
vt 0.716445 0.139268
vt 0.720664 0.134020
vt 0.647569 0.144363
vt 0.720986 0.128436
vt 0.644478 0.154524
vt 0.647891 0.149948
vt 0.877501 0.198686
vt 0.873851 0.214371
vt 0.721223 0.124385
vt 0.692079 0.107137
vt 0.712023 0.091453
vt 0.666929 0.140051
vt 0.720079 0.139992
vt 0.740622 0.132223
vt 0.667527 0.146160
vt 0.740952 0.126503
vt 0.648128 0.153998
vt 0.667857 0.151880
vt 0.873851 0.198686
vt 0.853886 0.214371
vt 0.741188 0.122455
vt 0.186465 0.290353
vt 0.196209 0.290353
vt 0.956598 0.500190
vt 0.929890 0.271738
vt 0.935000 0.271738
vt 0.961233 0.677789
vt 0.362335 0.042389
vt 0.367445 0.042389
vt 0.961233 0.708453
vt 0.926556 0.211142
vt 0.963148 0.515651
vt 0.609941 0.133015
vt 0.683929 0.142027
vt 0.610834 0.127892
vt 0.957254 0.677789
vt 0.683036 0.147150
vt 0.614163 0.123903
vt 0.975773 0.377884
vt 0.684817 0.152035
vt 0.977312 0.393120
vt 0.619035 0.122117
vt 0.688796 0.155372
vt 0.624145 0.123012
vt 0.957254 0.708453
vt 0.693906 0.156267
vt 0.628124 0.126349
vt 0.959913 0.316535
vt 0.698778 0.154481
vt 0.939949 0.226826
vt 0.949958 0.904449
vt 0.950588 0.873785
vt 0.963433 0.572171
vt 0.863235 0.056200
vt 0.712023 0.107137
vt 0.740024 0.138333
vt 0.668094 0.155928
vt 0.853886 0.198686
s 1
usemtl Pistol
f 1971/3650/1548 1969/3651/1548 1967/3652/1548
f 1972/3653/1549 1970/3654/1550 1969/3655/1551
f 1972/3656/1552 1968/3657/1552 1970/3658/1552
f 1973/3659/1548 1971/3650/1548 1967/3652/1548
f 2076/3660/1553 2074/3661/1554 2073/3662/1554
f 1974/3663/1552 1968/3657/1552 1972/3656/1552
f 1975/3664/1548 1973/3659/1548 1967/3652/1548
f 2078/3665/1555 2076/3660/1553 2075/3666/1556
f 1976/3667/1552 1968/3657/1552 1974/3663/1552
f 1977/3668/1548 1975/3664/1548 1967/3652/1548
f 2080/3669/1557 2078/3670/1555 2077/3671/1555
f 1978/3672/1552 1968/3657/1552 1976/3667/1552
f 1979/3673/1558 1977/3668/1548 1967/3652/1548
f 1980/3674/1559 1978/3675/1560 1977/3676/1560
f 1980/3677/1561 1968/3657/1552 1978/3672/1552
f 1981/3678/1562 1979/3673/1558 1967/3652/1548
f 1996/3679/1563 1994/3680/1563 1993/3681/1563
f 1982/3682/1564 1968/3657/1552 1980/3677/1561
f 1983/3683/1565 1981/3678/1562 1967/3652/1548
f 2000/3684/1566 1998/3685/1566 1997/3686/1566
f 1984/3687/1567 1968/3657/1552 1982/3682/1564
f 1985/3688/1568 1983/3683/1565 1967/3652/1548
f 2004/3689/1569 2002/3690/1569 2001/3691/1569
f 1986/3692/1570 1968/3657/1552 1984/3687/1567
f 1987/3693/1571 1985/3688/1568 1967/3652/1548
f 2008/3694/1572 2006/3695/1572 2005/3696/1572
f 1988/3697/1573 1968/3657/1552 1986/3692/1570
f 1989/3698/1574 1987/3693/1571 1967/3652/1548
f 2012/3699/1575 2010/3700/1575 2009/3701/1575
f 1990/3702/1576 1968/3657/1552 1988/3697/1573
f 1991/3703/1577 1989/3698/1574 1967/3652/1548
f 2016/3704/1578 2014/3705/1578 2013/3706/1578
f 1992/3707/1579 1968/3657/1552 1990/3702/1576
f 1969/3651/1548 1991/3703/1577 1967/3652/1548
f 1970/3708/1550 1992/3709/1580 1991/3710/1581
f 1970/3658/1552 1968/3657/1552 1992/3707/1579
f 1980/3711/1559 1979/3712/1559 1993/3713/1582
f 1982/3682/1564 1980/3677/1561 1994/3714/1583
f 1981/3715/1584 1982/3716/1584 1996/3679/1584
f 1979/3673/1558 1981/3678/1562 1995/3717/1585
f 1982/3716/1586 1981/3715/1586 1997/3686/1586
f 1984/3687/1567 1982/3682/1564 1998/3718/1587
f 1983/3719/1588 1984/3720/1588 2000/3721/1588
f 1981/3678/1562 1983/3683/1565 1999/3722/1589
f 1984/3720/1590 1983/3719/1590 2001/3691/1590
f 1986/3692/1570 1984/3687/1567 2002/3723/1591
f 1985/3724/1592 1986/3725/1592 2004/3726/1592
f 1983/3683/1565 1985/3688/1568 2003/3727/1593
f 1986/3725/1584 1985/3724/1584 2005/3728/1584
f 1988/3697/1573 1986/3692/1570 2006/3729/1594
f 1987/3730/1595 1988/3731/1595 2008/3694/1595
f 1985/3688/1568 1987/3693/1571 2007/3732/1596
f 1988/3731/1588 1987/3730/1588 2009/3701/1588
f 1990/3702/1576 1988/3697/1573 2010/3733/1597
f 1989/3734/1598 1990/3735/1598 2012/3736/1598
f 1987/3693/1571 1989/3698/1574 2011/3737/1599
f 1990/3735/1592 1989/3734/1592 2013/3706/1592
f 1992/3707/1579 1990/3702/1576 2014/3738/1600
f 1991/3710/1581 1992/3709/1580 2016/3739/1601
f 1989/3698/1574 1991/3703/1577 2015/3740/1602
f 1972/3653/1549 1971/3741/1549 2017/3742/1603
f 1974/3663/1552 1972/3656/1552 2018/3743/1552
f 1971/3650/1548 1973/3659/1548 2019/3744/1548
f 1976/3667/1552 1974/3663/1552 2020/3745/1552
f 1973/3659/1548 1975/3664/1548 2021/3746/1548
f 1978/3672/1552 1976/3667/1552 2022/3747/1552
f 1977/3676/1560 1978/3675/1560 2024/3748/1604
f 1975/3664/1548 1977/3668/1548 2023/3749/1548
f 2018/3750/1605 2017/3751/1603 2025/3752/1606
f 2020/3745/1552 2018/3743/1552 2026/3753/1552
f 2017/3754/1548 2019/3744/1548 2027/3755/1548
f 2022/3747/1552 2020/3745/1552 2028/3756/1552
f 2019/3744/1548 2021/3746/1548 2029/3757/1548
f 2024/3758/1552 2022/3747/1552 2030/3759/1552
f 2023/3760/1607 2024/3761/1604 2032/3762/1608
f 2021/3746/1548 2023/3749/1548 2031/3763/1548
f 2026/3764/1609 2025/3752/1606 2033/3765/1610
f 2028/3756/1552 2026/3753/1552 2034/3766/1552
f 2025/3767/1548 2027/3755/1548 2035/3768/1548
f 2030/3759/1552 2028/3756/1552 2036/3769/1552
f 2027/3755/1548 2029/3757/1548 2037/3770/1548
f 2032/3771/1552 2030/3759/1552 2038/3772/1552
f 2031/3773/1611 2032/3762/1608 2040/3774/1612
f 2029/3757/1548 2031/3763/1548 2039/3775/1548
f 2034/3776/1613 2033/3765/1610 2041/3777/1614
f 2036/3769/1552 2034/3766/1552 2042/3778/1552
f 2033/3779/1548 2035/3768/1548 2043/3780/1548
f 2038/3772/1552 2036/3769/1552 2044/3781/1552
f 2035/3768/1548 2037/3770/1548 2045/3782/1548
f 2040/3783/1552 2038/3772/1552 2046/3784/1552
f 2039/3785/1615 2040/3786/1612 2048/3787/1616
f 2037/3770/1548 2039/3775/1548 2047/3788/1548
f 2042/3789/1617 2041/3790/1614 2049/3791/1618
f 2044/3781/1552 2042/3778/1552 2050/3792/1552
f 2041/3793/1548 2043/3780/1548 2051/3794/1548
f 2046/3784/1552 2044/3781/1552 2052/3795/1552
f 2043/3780/1548 2045/3782/1548 2053/3796/1548
f 2048/3797/1552 2046/3784/1552 2054/3798/1552
f 2047/3799/1619 2048/3787/1616 2056/3800/1620
f 2045/3782/1548 2047/3788/1548 2055/3801/1548
f 2050/3802/1621 2049/3791/1618 2057/3803/1622
f 2052/3795/1552 2050/3792/1552 2058/3804/1552
f 2049/3805/1548 2051/3794/1548 2059/3806/1548
f 2054/3798/1552 2052/3795/1552 2060/3807/1552
f 2051/3794/1548 2053/3796/1548 2061/3808/1548
f 2056/3809/1552 2054/3798/1552 2062/3810/1552
f 2055/3811/1623 2056/3812/1620 2064/3813/1624
f 2053/3796/1548 2055/3801/1548 2063/3814/1548
f 2058/3815/1625 2057/3803/1622 2065/3816/1626
f 2060/3807/1552 2058/3804/1552 2066/3817/1552
f 2057/3818/1548 2059/3806/1548 2067/3819/1548
f 2062/3810/1552 2060/3807/1552 2068/3820/1552
f 2059/3806/1548 2061/3808/1548 2069/3821/1548
f 2064/3822/1552 2062/3810/1552 2070/3823/1552
f 2063/3824/1627 2064/3813/1624 2072/3825/1628
f 2061/3808/1548 2063/3814/1548 2071/3826/1548
f 2066/3827/1629 2065/3816/1626 2073/3828/1630
f 2068/3820/1552 2066/3817/1552 2074/3829/1552
f 2065/3830/1548 2067/3819/1548 2075/3831/1548
f 2070/3823/1552 2068/3820/1552 2076/3832/1552
f 2067/3819/1548 2069/3821/1548 2077/3833/1548
f 2072/3834/1552 2070/3823/1552 2078/3835/1552
f 2071/3836/1631 2072/3825/1628 2080/3837/1632
f 2069/3821/1548 2071/3826/1548 2079/3838/1548
f 1971/3741/1549 1972/3653/1549 1969/3655/1551
f 2075/3666/1556 2076/3660/1553 2073/3662/1554
f 2077/3671/1555 2078/3670/1555 2075/3839/1556
f 2079/3840/1557 2080/3669/1557 2077/3671/1555
f 1979/3712/1559 1980/3711/1559 1977/3841/1560
f 1995/3842/1563 1996/3679/1563 1993/3681/1563
f 1999/3843/1566 2000/3684/1566 1997/3686/1566
f 2003/3844/1569 2004/3689/1569 2001/3691/1569
f 2007/3845/1572 2008/3694/1572 2005/3696/1572
f 2011/3846/1575 2012/3699/1575 2009/3701/1575
f 2015/3847/1578 2016/3704/1578 2013/3706/1578
f 1969/3655/1551 1970/3654/1550 1991/3848/1581
f 1994/3849/1582 1980/3711/1559 1993/3713/1582
f 1996/3850/1583 1982/3682/1564 1994/3714/1583
f 1995/3842/1584 1981/3715/1584 1996/3679/1584
f 1993/3851/1585 1979/3673/1558 1995/3717/1585
f 1998/3685/1586 1982/3716/1586 1997/3686/1586
f 2000/3852/1587 1984/3687/1567 1998/3718/1587
f 1999/3853/1588 1983/3719/1588 2000/3721/1588
f 1997/3854/1589 1981/3678/1562 1999/3722/1589
f 2002/3690/1590 1984/3720/1590 2001/3691/1590
f 2004/3855/1591 1986/3692/1570 2002/3723/1591
f 2003/3856/1592 1985/3724/1592 2004/3726/1592
f 2001/3857/1593 1983/3683/1565 2003/3727/1593
f 2006/3858/1584 1986/3725/1584 2005/3728/1584
f 2008/3859/1594 1988/3697/1573 2006/3729/1594
f 2007/3845/1595 1987/3730/1595 2008/3694/1595
f 2005/3860/1596 1985/3688/1568 2007/3732/1596
f 2010/3700/1588 1988/3731/1588 2009/3701/1588
f 2012/3861/1597 1990/3702/1576 2010/3733/1597
f 2011/3862/1598 1989/3734/1598 2012/3736/1598
f 2009/3863/1599 1987/3693/1571 2011/3737/1599
f 2014/3705/1592 1990/3735/1592 2013/3706/1592
f 2016/3864/1600 1992/3707/1579 2014/3738/1600
f 2015/3865/1601 1991/3710/1581 2016/3739/1601
f 2013/3866/1602 1989/3698/1574 2015/3740/1602
f 2018/3867/1605 1972/3653/1549 2017/3742/1603
f 2020/3745/1552 1974/3663/1552 2018/3743/1552
f 2017/3754/1548 1971/3650/1548 2019/3744/1548
f 2022/3747/1552 1976/3667/1552 2020/3745/1552
f 2019/3744/1548 1973/3659/1548 2021/3746/1548
f 2024/3758/1552 1978/3672/1552 2022/3747/1552
f 2023/3868/1607 1977/3676/1560 2024/3748/1604
f 2021/3746/1548 1975/3664/1548 2023/3749/1548
f 2026/3764/1609 2018/3750/1605 2025/3752/1606
f 2028/3756/1552 2020/3745/1552 2026/3753/1552
f 2025/3767/1548 2017/3754/1548 2027/3755/1548
f 2030/3759/1552 2022/3747/1552 2028/3756/1552
f 2027/3755/1548 2019/3744/1548 2029/3757/1548
f 2032/3771/1552 2024/3758/1552 2030/3759/1552
f 2031/3773/1611 2023/3760/1607 2032/3762/1608
f 2029/3757/1548 2021/3746/1548 2031/3763/1548
f 2034/3776/1613 2026/3764/1609 2033/3765/1610
f 2036/3769/1552 2028/3756/1552 2034/3766/1552
f 2033/3779/1548 2025/3767/1548 2035/3768/1548
f 2038/3772/1552 2030/3759/1552 2036/3769/1552
f 2035/3768/1548 2027/3755/1548 2037/3770/1548
f 2040/3783/1552 2032/3771/1552 2038/3772/1552
f 2039/3869/1615 2031/3773/1611 2040/3774/1612
f 2037/3770/1548 2029/3757/1548 2039/3775/1548
f 2042/3870/1617 2034/3776/1613 2041/3777/1614
f 2044/3781/1552 2036/3769/1552 2042/3778/1552
f 2041/3793/1548 2033/3779/1548 2043/3780/1548
f 2046/3784/1552 2038/3772/1552 2044/3781/1552
f 2043/3780/1548 2035/3768/1548 2045/3782/1548
f 2048/3797/1552 2040/3783/1552 2046/3784/1552
f 2047/3799/1619 2039/3785/1615 2048/3787/1616
f 2045/3782/1548 2037/3770/1548 2047/3788/1548
f 2050/3802/1621 2042/3789/1617 2049/3791/1618
f 2052/3795/1552 2044/3781/1552 2050/3792/1552
f 2049/3805/1548 2041/3793/1548 2051/3794/1548
f 2054/3798/1552 2046/3784/1552 2052/3795/1552
f 2051/3794/1548 2043/3780/1548 2053/3796/1548
f 2056/3809/1552 2048/3797/1552 2054/3798/1552
f 2055/3871/1623 2047/3799/1619 2056/3800/1620
f 2053/3796/1548 2045/3782/1548 2055/3801/1548
f 2058/3815/1625 2050/3802/1621 2057/3803/1622
f 2060/3807/1552 2052/3795/1552 2058/3804/1552
f 2057/3818/1548 2049/3805/1548 2059/3806/1548
f 2062/3810/1552 2054/3798/1552 2060/3807/1552
f 2059/3806/1548 2051/3794/1548 2061/3808/1548
f 2064/3822/1552 2056/3809/1552 2062/3810/1552
f 2063/3824/1627 2055/3811/1623 2064/3813/1624
f 2061/3808/1548 2053/3796/1548 2063/3814/1548
f 2066/3827/1629 2058/3815/1625 2065/3816/1626
f 2068/3820/1552 2060/3807/1552 2066/3817/1552
f 2065/3830/1548 2057/3818/1548 2067/3819/1548
f 2070/3823/1552 2062/3810/1552 2068/3820/1552
f 2067/3819/1548 2059/3806/1548 2069/3821/1548
f 2072/3834/1552 2064/3822/1552 2070/3823/1552
f 2071/3836/1631 2063/3824/1627 2072/3825/1628
f 2069/3821/1548 2061/3808/1548 2071/3826/1548
f 2074/3872/1630 2066/3827/1629 2073/3828/1630
f 2076/3832/1552 2068/3820/1552 2074/3829/1552
f 2073/3873/1548 2065/3830/1548 2075/3831/1548
f 2078/3835/1552 2070/3823/1552 2076/3832/1552
f 2075/3831/1548 2067/3819/1548 2077/3833/1548
f 2080/3874/1552 2072/3834/1552 2078/3835/1552
f 2079/3875/1632 2071/3836/1631 2080/3837/1632
f 2077/3833/1548 2069/3821/1548 2079/3838/1548
o Trigger
v 0.001880 0.027757 -0.041938
v 0.001880 0.018751 -0.042482
v 0.001880 0.027757 -0.052739
v 0.001880 0.018751 -0.047850
v 0.001880 0.016577 -0.046661
v 0.001880 0.016577 -0.042266
v 0.001880 0.013618 -0.045554
v 0.001880 0.013618 -0.041925
v 0.001880 0.010323 -0.045341
v 0.001880 0.010323 -0.042138
v 0.001880 0.007321 -0.046192
v 0.001880 0.007321 -0.043543
v 0.001880 0.003900 -0.048916
v 0.001880 0.003900 -0.046692
v 0.001880 0.002755 -0.049640
v 0.001880 0.002581 -0.049138
v 0.008004 0.027757 -0.041938
v 0.008004 0.018751 -0.042482
v 0.008004 0.027757 -0.052739
v 0.008004 0.018751 -0.047850
v 0.008004 0.016577 -0.046661
v 0.008004 0.016577 -0.042266
v 0.008004 0.013618 -0.045554
v 0.008004 0.013618 -0.041925
v 0.008004 0.010323 -0.045341
v 0.008004 0.010323 -0.042138
v 0.008004 0.007321 -0.046192
v 0.008004 0.007321 -0.043543
v 0.008004 0.003900 -0.048916
v 0.008004 0.003900 -0.046692
v 0.008004 0.002755 -0.049640
v 0.008004 0.002581 -0.049138
vn -1.0000 -0.0000 -0.0000
vn 1.0000 -0.0000 -0.0000
vn -0.0000 1.0000 -0.0000
vn -0.0000 -0.4781 -0.8783
vn -0.0000 -0.4771 -0.8788
vn -0.0000 -0.0603 0.9982
vn -0.0000 0.0458 0.9989
vn -0.0000 -0.0073 1.0000
vn -0.0000 -0.4376 -0.8992
vn -0.0000 -0.4785 -0.8781
vn -0.0000 0.1091 0.9940
vn -0.0000 0.1039 0.9946
vn -0.0000 -0.2574 -0.9663
vn -0.0000 -0.3943 -0.9190
vn -0.0000 -0.0049 1.0000
vn -0.0000 0.0549 0.9985
vn -0.0000 0.0486 -0.9988
vn -0.0000 -0.1613 -0.9869
vn -0.0000 -0.3088 0.9511
vn -0.0000 -0.1872 0.9823
vn -0.0000 0.3964 -0.9181
vn -0.0000 0.1625 -0.9867
vn -0.0000 -0.5990 0.8007
vn -0.0000 -0.5137 0.8580
vn -0.0000 0.5941 -0.8044
vn -0.0000 0.5151 -0.8571
vn -0.0000 -0.8225 0.5687
vn -0.0000 -0.7541 0.6568
vn -0.0000 0.5343 -0.8453
vn -0.0000 0.5646 -0.8254
vn -0.0000 -0.9449 -0.3274
vn -0.0000 -0.8801 0.4747
vt 0.587705 0.112859
vt 0.587705 0.124577
vt 0.568094 0.125764
vt 0.592439 0.125048
vt 0.576697 0.053718
vt 0.570253 0.052975
vt 0.570253 0.043381
vt 0.583874 0.053254
vt 0.576697 0.045797
vt 0.950594 0.071271
vt 0.944058 0.074338
vt 0.944058 0.067345
vt 0.958045 0.064396
vt 0.950594 0.065487
vt 0.965214 0.112172
vt 0.962342 0.117510
vt 0.962342 0.112655
vt 0.027083 0.136612
vt 0.007471 0.147286
vt 0.007471 0.123706
vt 0.031816 0.124423
vt 0.031816 0.134017
vt 0.038260 0.123679
vt 0.038260 0.131601
vt 0.045436 0.124144
vt 0.045436 0.131136
vt 0.051972 0.127210
vt 0.051972 0.132994
vt 0.059423 0.134086
vt 0.059423 0.138941
vt 0.062295 0.139424
vt 0.061915 0.140521
vt 0.900794 0.612262
vt 0.924314 0.612262
vt 0.924314 0.625631
vt 0.419498 0.126662
vt 0.439110 0.126662
vt 0.439110 0.140031
vt 0.794443 0.558731
vt 0.814054 0.558731
vt 0.814054 0.572099
vt 0.414765 0.126662
vt 0.419498 0.140031
vt 0.818788 0.558731
vt 0.818788 0.572099
vt 0.408321 0.126662
vt 0.414765 0.140031
vt 0.825232 0.558731
vt 0.825232 0.572099
vt 0.401144 0.126662
vt 0.408321 0.140031
vt 0.832408 0.558731
vt 0.832408 0.572099
vt 0.394609 0.126662
vt 0.401144 0.140031
vt 0.177393 0.057404
vt 0.183929 0.057404
vt 0.183929 0.070772
vt 0.387158 0.126662
vt 0.394609 0.140031
vt 0.191379 0.057404
vt 0.191379 0.070772
vt 0.384665 0.126662
vt 0.387158 0.140031
vt 0.962287 0.844513
vt 0.963381 0.844513
vt 0.963381 0.857881
vt 0.956962 0.844513
vt 0.962287 0.857881
vt 0.568094 0.102185
vt 0.592439 0.115454
vt 0.583874 0.046262
vt 0.954891 0.118601
vt 0.964835 0.111075
vt 0.027083 0.124894
vt 0.900794 0.625631
vt 0.794443 0.572099
vt 0.838944 0.572099
vt 0.384665 0.140031
vt 0.956962 0.857881
s 1
usemtl Pistol
f 2084/3876/1633 2082/3877/1633 2081/3878/1633
f 2086/3879/1633 2082/3877/1633 2084/3876/1633
f 2088/3880/1633 2086/3881/1633 2085/3882/1633
f 2090/3883/1633 2088/3880/1633 2087/3884/1633
f 2092/3885/1633 2090/3886/1633 2089/3887/1633
f 2094/3888/1633 2092/3885/1633 2091/3889/1633
f 2096/3890/1633 2094/3891/1633 2093/3892/1633
f 2100/3893/1634 2099/3894/1634 2097/3895/1634
f 2102/3896/1634 2101/3897/1634 2100/3893/1634
f 2104/3898/1634 2103/3899/1634 2101/3897/1634
f 2106/3900/1634 2105/3901/1634 2103/3899/1634
f 2108/3902/1634 2107/3903/1634 2105/3901/1634
f 2110/3904/1634 2109/3905/1634 2107/3903/1634
f 2112/3906/1634 2111/3907/1634 2109/3905/1634
f 2083/3908/1635 2081/3909/1635 2097/3910/1635
f 2084/3911/1636 2083/3912/1637 2099/3913/1637
f 2081/3914/1638 2082/3915/1639 2098/3916/1640
f 2085/3917/1641 2084/3911/1636 2100/3918/1642
f 2082/3915/1639 2086/3919/1643 2102/3920/1644
f 2087/3921/1645 2085/3917/1641 2101/3922/1646
f 2086/3919/1643 2088/3923/1647 2104/3924/1648
f 2089/3925/1649 2087/3921/1645 2103/3926/1650
f 2088/3923/1647 2090/3927/1651 2106/3928/1652
f 2091/3929/1653 2089/3925/1649 2105/3930/1654
f 2090/3931/1651 2092/3932/1655 2108/3933/1656
f 2093/3934/1657 2091/3929/1653 2107/3935/1658
f 2092/3932/1655 2094/3936/1659 2110/3937/1660
f 2095/3938/1661 2093/3934/1657 2109/3939/1662
f 2096/3940/1663 2095/3941/1663 2111/3942/1663
f 2094/3943/1659 2096/3940/1664 2112/3944/1664
f 2083/3945/1633 2084/3876/1633 2081/3878/1633
f 2085/3946/1633 2086/3879/1633 2084/3876/1633
f 2087/3884/1633 2088/3880/1633 2085/3882/1633
f 2089/3947/1633 2090/3883/1633 2087/3884/1633
f 2091/3889/1633 2092/3885/1633 2089/3887/1633
f 2093/3892/1633 2094/3891/1633 2091/3948/1633
f 2095/3949/1633 2096/3890/1633 2093/3892/1633
f 2098/3950/1634 2100/3893/1634 2097/3895/1634
f 2098/3950/1634 2102/3896/1634 2100/3893/1634
f 2102/3896/1634 2104/3898/1634 2101/3897/1634
f 2104/3898/1634 2106/3900/1634 2103/3899/1634
f 2106/3900/1634 2108/3902/1634 2105/3901/1634
f 2108/3902/1634 2110/3904/1634 2107/3903/1634
f 2110/3904/1634 2112/3906/1634 2109/3905/1634
f 2099/3951/1635 2083/3908/1635 2097/3910/1635
f 2100/3918/1642 2084/3911/1636 2099/3913/1637
f 2097/3952/1638 2081/3914/1638 2098/3916/1640
f 2101/3922/1646 2085/3917/1641 2100/3918/1642
f 2098/3916/1640 2082/3915/1639 2102/3920/1644
f 2103/3926/1650 2087/3921/1645 2101/3922/1646
f 2102/3920/1644 2086/3919/1643 2104/3924/1648
f 2105/3930/1654 2089/3925/1649 2103/3926/1650
f 2104/3924/1648 2088/3923/1647 2106/3928/1652
f 2107/3935/1658 2091/3929/1653 2105/3930/1654
f 2106/3928/1652 2090/3927/1651 2108/3953/1656
f 2109/3939/1662 2093/3934/1657 2107/3935/1658
f 2108/3933/1656 2092/3932/1655 2110/3937/1660
f 2111/3954/1661 2095/3938/1661 2109/3939/1662
f 2112/3944/1663 2096/3940/1663 2111/3942/1663
f 2110/3955/1660 2094/3943/1659 2112/3944/1664
